order_id,customer_id,sku_id,sku_name
T00000,C1009,SKU_001,尿布
T00000,C1009,SKU_003,啤酒
T00000,C1009,SKU_024,口香糖
T00001,C1439,SKU_009,礦泉水
T00001,C1439,SKU_025,衛生紙
T00001,C1439,SKU_029,SKU_NEW_001
T00002,C0557,SKU_001,尿布
T00002,C0557,SKU_007,可樂
T00002,C0557,SKU_028,茶包
T00003,C0646,SKU_001,尿布
T00003,C0646,SKU_002,起司
T00003,C0646,SKU_003,啤酒
T00003,C0646,SKU_004,紅酒
T00003,C0646,SKU_006,米
T00003,C0646,SKU_007,可樂
T00003,C0646,SKU_008,醬油
T00003,C0646,SKU_011,杯麵
T00003,C0646,SKU_013,果醬
T00003,C0646,SKU_020,葡萄
T00004,C1205,SKU_003,啤酒
T00004,C1205,SKU_009,礦泉水
T00004,C1205,SKU_013,果醬
T00005,C0760,SKU_012,麵包
T00006,C1104,SKU_007,可樂
T00006,C1104,SKU_024,口香糖
T00007,C0696,SKU_009,礦泉水
T00007,C0696,SKU_014,雪碧
T00008,C0318,SKU_009,礦泉水
T00008,C0318,SKU_024,口香糖
T00009,C1114,SKU_001,尿布
T00009,C1114,SKU_003,啤酒
T00009,C1114,SKU_006,米
T00009,C1114,SKU_008,醬油
T00009,C1114,SKU_012,麵包
T00009,C1114,SKU_013,果醬
T00009,C1114,SKU_023,洋芋片
T00009,C1114,SKU_025,衛生紙
T00010,C0194,SKU_004,紅酒
T00010,C0194,SKU_006,米
T00010,C0194,SKU_008,醬油
T00010,C0194,SKU_009,礦泉水
T00010,C0194,SKU_010,寶特瓶飲料
T00010,C0194,SKU_015,牛奶
T00010,C0194,SKU_019,橘子
T00010,C0194,SKU_023,洋芋片
T00010,C0194,SKU_025,衛生紙
T00011,C0298,SKU_007,可樂
T00011,C0298,SKU_017,蘋果
T00011,C0298,SKU_030,SKU_NEW_002
T00012,C0938,SKU_005,塑膠袋
T00012,C0938,SKU_007,可樂
T00012,C0938,SKU_010,寶特瓶飲料
T00012,C0938,SKU_019,橘子
T00012,C0938,SKU_021,餅乾
T00012,C0938,SKU_028,茶包
T00013,C1117,SKU_009,礦泉水
T00013,C1117,SKU_013,果醬
T00013,C1117,SKU_020,葡萄
T00013,C1117,SKU_025,衛生紙
T00013,C1117,SKU_028,茶包
T00014,C1333,SKU_010,寶特瓶飲料
T00014,C1333,SKU_014,雪碧
T00014,C1333,SKU_027,洗髮精
T00014,C1333,SKU_028,茶包
T00014,C1333,SKU_029,SKU_NEW_001
T00015,C0409,SKU_003,啤酒
T00015,C0409,SKU_007,可樂
T00016,C0159,SKU_024,口香糖
T00017,C1431,SKU_010,寶特瓶飲料
T00017,C1431,SKU_015,牛奶
T00018,C0230,SKU_004,紅酒
T00019,C0296,SKU_002,起司
T00019,C0296,SKU_003,啤酒
T00019,C0296,SKU_004,紅酒
T00019,C0296,SKU_014,雪碧
T00019,C0296,SKU_015,牛奶
T00019,C0296,SKU_022,巧克力
T00020,C0438,SKU_001,尿布
T00020,C0438,SKU_002,起司
T00020,C0438,SKU_004,紅酒
T00020,C0438,SKU_005,塑膠袋
T00020,C0438,SKU_006,米
T00020,C0438,SKU_007,可樂
T00020,C0438,SKU_008,醬油
T00020,C0438,SKU_009,礦泉水
T00020,C0438,SKU_022,巧克力
T00020,C0438,SKU_025,衛生紙
T00021,C0794,SKU_011,杯麵
T00021,C0794,SKU_022,巧克力
T00022,C1314,SKU_004,紅酒
T00022,C1314,SKU_007,可樂
T00022,C1314,SKU_008,醬油
T00022,C1314,SKU_009,礦泉水
T00022,C1314,SKU_016,豆漿
T00023,C1134,SKU_001,尿布
T00023,C1134,SKU_010,寶特瓶飲料
T00023,C1134,SKU_015,牛奶
T00023,C1134,SKU_024,口香糖
T00024,C1069,SKU_024,口香糖
T00025,C0262,SKU_001,尿布
T00025,C0262,SKU_003,啤酒
T00025,C0262,SKU_009,礦泉水
T00025,C0262,SKU_010,寶特瓶飲料
T00025,C0262,SKU_016,豆漿
T00025,C0262,SKU_030,SKU_NEW_002
T00026,C0538,SKU_002,起司
T00026,C0538,SKU_004,紅酒
T00026,C0538,SKU_009,礦泉水
T00026,C0538,SKU_023,洋芋片
T00027,C0721,SKU_009,礦泉水
T00027,C0721,SKU_021,餅乾
T00027,C0721,SKU_024,口香糖
T00028,C0220,SKU_002,起司
T00028,C0220,SKU_004,紅酒
T00028,C0220,SKU_027,洗髮精
T00029,C0409,SKU_001,尿布
T00029,C0409,SKU_003,啤酒
T00029,C0409,SKU_008,醬油
T00029,C0409,SKU_017,蘋果
T00030,C0466,SKU_001,尿布
T00030,C0466,SKU_003,啤酒
T00030,C0466,SKU_005,塑膠袋
T00030,C0466,SKU_007,可樂
T00030,C0466,SKU_008,醬油
T00030,C0466,SKU_010,寶特瓶飲料
T00031,C0186,SKU_006,米
T00031,C0186,SKU_008,醬油
T00031,C0186,SKU_011,杯麵
T00031,C0186,SKU_013,果醬
T00031,C0186,SKU_018,香蕉
T00032,C0828,SKU_005,塑膠袋
T00032,C0828,SKU_009,礦泉水
T00032,C0828,SKU_013,果醬
T00032,C0828,SKU_030,SKU_NEW_002
T00033,C1065,SKU_007,可樂
T00033,C1065,SKU_008,醬油
T00033,C1065,SKU_009,礦泉水
T00033,C1065,SKU_015,牛奶
T00033,C1065,SKU_021,餅乾
T00034,C0098,SKU_005,塑膠袋
T00034,C0098,SKU_018,香蕉
T00034,C0098,SKU_026,牙膏
T00035,C0725,SKU_001,尿布
T00035,C0725,SKU_010,寶特瓶飲料
T00036,C1161,SKU_006,米
T00036,C1161,SKU_008,醬油
T00036,C1161,SKU_022,巧克力
T00036,C1161,SKU_027,洗髮精
T00036,C1161,SKU_030,SKU_NEW_002
T00037,C1117,SKU_001,尿布
T00037,C1117,SKU_003,啤酒
T00037,C1117,SKU_008,醬油
T00037,C1117,SKU_015,牛奶
T00037,C1117,SKU_029,SKU_NEW_001
T00038,C1209,SKU_005,塑膠袋
T00038,C1209,SKU_012,麵包
T00038,C1209,SKU_019,橘子
T00039,C0679,SKU_001,尿布
T00039,C0679,SKU_003,啤酒
T00039,C0679,SKU_005,塑膠袋
T00039,C0679,SKU_009,礦泉水
T00039,C0679,SKU_011,杯麵
T00039,C0679,SKU_014,雪碧
T00039,C0679,SKU_017,蘋果
T00039,C0679,SKU_028,茶包
T00040,C1222,SKU_003,啤酒
T00040,C1222,SKU_006,米
T00041,C0361,SKU_001,尿布
T00041,C0361,SKU_003,啤酒
T00041,C0361,SKU_025,衛生紙
T00042,C0543,SKU_003,啤酒
T00042,C0543,SKU_005,塑膠袋
T00042,C0543,SKU_008,醬油
T00042,C0543,SKU_019,橘子
T00042,C0543,SKU_027,洗髮精
T00043,C0264,SKU_017,蘋果
T00043,C0264,SKU_027,洗髮精
T00044,C0709,SKU_001,尿布
T00044,C0709,SKU_003,啤酒
T00044,C0709,SKU_005,塑膠袋
T00044,C0709,SKU_006,米
T00044,C0709,SKU_007,可樂
T00044,C0709,SKU_008,醬油
T00044,C0709,SKU_013,果醬
T00044,C0709,SKU_019,橘子
T00044,C0709,SKU_022,巧克力
T00045,C0592,SKU_002,起司
T00045,C0592,SKU_006,米
T00045,C0592,SKU_007,可樂
T00045,C0592,SKU_020,葡萄
T00045,C0592,SKU_030,SKU_NEW_002
T00046,C0362,SKU_001,尿布
T00046,C0362,SKU_026,牙膏
T00046,C0362,SKU_029,SKU_NEW_001
T00047,C1122,SKU_001,尿布
T00047,C1122,SKU_008,醬油
T00047,C1122,SKU_009,礦泉水
T00047,C1122,SKU_010,寶特瓶飲料
T00047,C1122,SKU_030,SKU_NEW_002
T00048,C0474,SKU_001,尿布
T00048,C0474,SKU_003,啤酒
T00048,C0474,SKU_006,米
T00048,C0474,SKU_008,醬油
T00049,C0409,SKU_007,可樂
T00049,C0409,SKU_009,礦泉水
T00049,C0409,SKU_013,果醬
T00050,C0193,SKU_001,尿布
T00050,C0193,SKU_003,啤酒
T00050,C0193,SKU_029,SKU_NEW_001
T00051,C0666,SKU_001,尿布
T00051,C0666,SKU_003,啤酒
T00051,C0666,SKU_006,米
T00051,C0666,SKU_009,礦泉水
T00051,C0666,SKU_010,寶特瓶飲料
T00051,C0666,SKU_018,香蕉
T00052,C0459,SKU_001,尿布
T00052,C0459,SKU_003,啤酒
T00052,C0459,SKU_010,寶特瓶飲料
T00052,C0459,SKU_011,杯麵
T00052,C0459,SKU_022,巧克力
T00052,C0459,SKU_025,衛生紙
T00053,C0555,SKU_009,礦泉水
T00053,C0555,SKU_014,雪碧
T00053,C0555,SKU_027,洗髮精
T00054,C0353,SKU_001,尿布
T00054,C0353,SKU_008,醬油
T00054,C0353,SKU_014,雪碧
T00054,C0353,SKU_020,葡萄
T00055,C1138,SKU_007,可樂
T00055,C1138,SKU_011,杯麵
T00055,C1138,SKU_024,口香糖
T00056,C1394,SKU_007,可樂
T00057,C0746,SKU_006,米
T00057,C0746,SKU_009,礦泉水
T00058,C0961,SKU_001,尿布
T00058,C0961,SKU_003,啤酒
T00058,C0961,SKU_007,可樂
T00058,C0961,SKU_014,雪碧
T00058,C0961,SKU_022,巧克力
T00059,C1293,SKU_009,礦泉水
T00059,C1293,SKU_021,餅乾
T00059,C1293,SKU_022,巧克力
T00060,C1497,SKU_004,紅酒
T00060,C1497,SKU_012,麵包
T00060,C1497,SKU_016,豆漿
T00061,C0919,SKU_004,紅酒
T00061,C0919,SKU_005,塑膠袋
T00061,C0919,SKU_008,醬油
T00061,C0919,SKU_016,豆漿
T00061,C0919,SKU_027,洗髮精
T00062,C1325,SKU_005,塑膠袋
T00062,C1325,SKU_019,橘子
T00062,C1325,SKU_026,牙膏
T00063,C1360,SKU_006,米
T00063,C1360,SKU_008,醬油
T00063,C1360,SKU_009,礦泉水
T00063,C1360,SKU_020,葡萄
T00064,C1174,SKU_002,起司
T00064,C1174,SKU_004,紅酒
T00064,C1174,SKU_007,可樂
T00065,C0698,SKU_005,塑膠袋
T00065,C0698,SKU_023,洋芋片
T00065,C0698,SKU_029,SKU_NEW_001
T00066,C0117,SKU_002,起司
T00066,C0117,SKU_007,可樂
T00066,C0117,SKU_013,果醬
T00066,C0117,SKU_020,葡萄
T00066,C0117,SKU_025,衛生紙
T00067,C0026,SKU_006,米
T00067,C0026,SKU_008,醬油
T00067,C0026,SKU_010,寶特瓶飲料
T00067,C0026,SKU_011,杯麵
T00067,C0026,SKU_015,牛奶
T00067,C0026,SKU_017,蘋果
T00068,C0720,SKU_001,尿布
T00068,C0720,SKU_003,啤酒
T00068,C0720,SKU_007,可樂
T00068,C0720,SKU_023,洋芋片
T00069,C0741,SKU_004,紅酒
T00069,C0741,SKU_007,可樂
T00069,C0741,SKU_009,礦泉水
T00069,C0741,SKU_010,寶特瓶飲料
T00069,C0741,SKU_018,香蕉
T00069,C0741,SKU_021,餅乾
T00069,C0741,SKU_026,牙膏
T00070,C0619,SKU_003,啤酒
T00070,C0619,SKU_008,醬油
T00070,C0619,SKU_009,礦泉水
T00070,C0619,SKU_012,麵包
T00070,C0619,SKU_018,香蕉
T00071,C0856,SKU_005,塑膠袋
T00071,C0856,SKU_010,寶特瓶飲料
T00071,C0856,SKU_015,牛奶
T00072,C0833,SKU_006,米
T00072,C0833,SKU_007,可樂
T00072,C0833,SKU_008,醬油
T00072,C0833,SKU_009,礦泉水
T00073,C1248,SKU_008,醬油
T00074,C0156,SKU_018,香蕉
T00074,C0156,SKU_021,餅乾
T00074,C0156,SKU_023,洋芋片
T00074,C0156,SKU_029,SKU_NEW_001
T00075,C0333,SKU_001,尿布
T00075,C0333,SKU_003,啤酒
T00075,C0333,SKU_010,寶特瓶飲料
T00075,C0333,SKU_012,麵包
T00075,C0333,SKU_016,豆漿
T00075,C0333,SKU_017,蘋果
T00076,C1177,SKU_009,礦泉水
T00077,C1266,SKU_002,起司
T00077,C1266,SKU_004,紅酒
T00077,C1266,SKU_011,杯麵
T00077,C1266,SKU_014,雪碧
T00077,C1266,SKU_015,牛奶
T00077,C1266,SKU_016,豆漿
T00078,C1493,SKU_001,尿布
T00078,C1493,SKU_003,啤酒
T00078,C1493,SKU_023,洋芋片
T00079,C1302,SKU_005,塑膠袋
T00079,C1302,SKU_008,醬油
T00079,C1302,SKU_014,雪碧
T00079,C1302,SKU_023,洋芋片
T00080,C1325,SKU_008,醬油
T00080,C1325,SKU_010,寶特瓶飲料
T00080,C1325,SKU_024,口香糖
T00081,C0475,SKU_002,起司
T00081,C0475,SKU_004,紅酒
T00082,C0612,SKU_005,塑膠袋
T00082,C0612,SKU_009,礦泉水
T00082,C0612,SKU_010,寶特瓶飲料
T00082,C0612,SKU_022,巧克力
T00082,C0612,SKU_029,SKU_NEW_001
T00083,C0403,SKU_005,塑膠袋
T00083,C0403,SKU_006,米
T00083,C0403,SKU_007,可樂
T00083,C0403,SKU_008,醬油
T00083,C0403,SKU_012,麵包
T00084,C0911,SKU_002,起司
T00084,C0911,SKU_004,紅酒
T00084,C0911,SKU_014,雪碧
T00084,C0911,SKU_018,香蕉
T00085,C1404,SKU_007,可樂
T00085,C1404,SKU_019,橘子
T00086,C0521,SKU_007,可樂
T00086,C0521,SKU_010,寶特瓶飲料
T00086,C0521,SKU_013,果醬
T00086,C0521,SKU_029,SKU_NEW_001
T00087,C0840,SKU_001,尿布
T00087,C0840,SKU_002,起司
T00087,C0840,SKU_003,啤酒
T00087,C0840,SKU_007,可樂
T00087,C0840,SKU_016,豆漿
T00087,C0840,SKU_018,香蕉
T00087,C0840,SKU_021,餅乾
T00088,C0447,SKU_010,寶特瓶飲料
T00089,C0255,SKU_005,塑膠袋
T00089,C0255,SKU_007,可樂
T00089,C0255,SKU_010,寶特瓶飲料
T00089,C0255,SKU_012,麵包
T00089,C0255,SKU_013,果醬
T00089,C0255,SKU_019,橘子
T00089,C0255,SKU_021,餅乾
T00089,C0255,SKU_025,衛生紙
T00090,C0291,SKU_006,米
T00090,C0291,SKU_007,可樂
T00090,C0291,SKU_008,醬油
T00090,C0291,SKU_009,礦泉水
T00090,C0291,SKU_014,雪碧
T00091,C0083,SKU_004,紅酒
T00091,C0083,SKU_007,可樂
T00091,C0083,SKU_024,口香糖
T00091,C0083,SKU_028,茶包
T00092,C1421,SKU_020,葡萄
T00092,C1421,SKU_027,洗髮精
T00093,C0613,SKU_004,紅酒
T00093,C0613,SKU_006,米
T00093,C0613,SKU_008,醬油
T00093,C0613,SKU_020,葡萄
T00094,C1243,SKU_006,米
T00094,C1243,SKU_008,醬油
T00094,C1243,SKU_018,香蕉
T00094,C1243,SKU_020,葡萄
T00095,C1023,SKU_001,尿布
T00095,C1023,SKU_002,起司
T00095,C1023,SKU_015,牛奶
T00095,C1023,SKU_023,洋芋片
T00096,C0285,SKU_001,尿布
T00096,C0285,SKU_003,啤酒
T00096,C0285,SKU_004,紅酒
T00096,C0285,SKU_026,牙膏
T00097,C0262,SKU_002,起司
T00097,C0262,SKU_019,橘子
T00097,C0262,SKU_024,口香糖
T00097,C0262,SKU_027,洗髮精
T00098,C1205,SKU_001,尿布
T00098,C1205,SKU_003,啤酒
T00098,C1205,SKU_005,塑膠袋
T00098,C1205,SKU_007,可樂
T00098,C1205,SKU_008,醬油
T00098,C1205,SKU_009,礦泉水
T00098,C1205,SKU_019,橘子
T00098,C1205,SKU_029,SKU_NEW_001
T00098,C1205,SKU_030,SKU_NEW_002
T00099,C0398,SKU_011,杯麵
T00099,C0398,SKU_026,牙膏
T00100,C1368,SKU_001,尿布
T00100,C1368,SKU_003,啤酒
T00100,C1368,SKU_006,米
T00100,C1368,SKU_007,可樂
T00100,C1368,SKU_008,醬油
T00100,C1368,SKU_009,礦泉水
T00101,C0205,SKU_007,可樂
T00101,C0205,SKU_009,礦泉水
T00101,C0205,SKU_019,橘子
T00101,C0205,SKU_020,葡萄
T00102,C1017,SKU_005,塑膠袋
T00102,C1017,SKU_006,米
T00102,C1017,SKU_008,醬油
T00102,C1017,SKU_010,寶特瓶飲料
T00102,C1017,SKU_012,麵包
T00103,C1209,SKU_002,起司
T00103,C1209,SKU_004,紅酒
T00103,C1209,SKU_006,米
T00103,C1209,SKU_007,可樂
T00103,C1209,SKU_008,醬油
T00104,C0352,SKU_007,可樂
T00104,C0352,SKU_012,麵包
T00105,C0413,SKU_006,米
T00105,C0413,SKU_008,醬油
T00105,C0413,SKU_010,寶特瓶飲料
T00105,C0413,SKU_024,口香糖
T00105,C0413,SKU_026,牙膏
T00106,C1444,SKU_001,尿布
T00106,C1444,SKU_003,啤酒
T00106,C1444,SKU_018,香蕉
T00106,C1444,SKU_026,牙膏
T00107,C0398,SKU_008,醬油
T00107,C0398,SKU_013,果醬
T00108,C0653,SKU_004,紅酒
T00108,C0653,SKU_005,塑膠袋
T00108,C0653,SKU_022,巧克力
T00108,C0653,SKU_027,洗髮精
T00109,C0658,SKU_001,尿布
T00109,C0658,SKU_005,塑膠袋
T00109,C0658,SKU_013,果醬
T00109,C0658,SKU_024,口香糖
T00110,C0379,SKU_002,起司
T00110,C0379,SKU_004,紅酒
T00110,C0379,SKU_007,可樂
T00110,C0379,SKU_021,餅乾
T00111,C1152,SKU_001,尿布
T00111,C1152,SKU_014,雪碧
T00112,C1147,SKU_001,尿布
T00112,C1147,SKU_009,礦泉水
T00112,C1147,SKU_010,寶特瓶飲料
T00112,C1147,SKU_016,豆漿
T00113,C0572,SKU_024,口香糖
T00114,C1245,SKU_004,紅酒
T00114,C1245,SKU_008,醬油
T00114,C1245,SKU_009,礦泉水
T00114,C1245,SKU_012,麵包
T00114,C1245,SKU_015,牛奶
T00114,C1245,SKU_020,葡萄
T00115,C0314,SKU_019,橘子
T00115,C0314,SKU_023,洋芋片
T00115,C0314,SKU_027,洗髮精
T00116,C0008,SKU_001,尿布
T00116,C0008,SKU_006,米
T00116,C0008,SKU_016,豆漿
T00116,C0008,SKU_028,茶包
T00117,C0861,SKU_001,尿布
T00117,C0861,SKU_003,啤酒
T00117,C0861,SKU_006,米
T00117,C0861,SKU_008,醬油
T00118,C1493,SKU_016,豆漿
T00119,C0053,SKU_015,牛奶
T00119,C0053,SKU_017,蘋果
T00119,C0053,SKU_025,衛生紙
T00120,C0309,SKU_002,起司
T00120,C0309,SKU_004,紅酒
T00120,C0309,SKU_014,雪碧
T00120,C0309,SKU_026,牙膏
T00121,C0779,SKU_006,米
T00121,C0779,SKU_008,醬油
T00121,C0779,SKU_009,礦泉水
T00121,C0779,SKU_018,香蕉
T00121,C0779,SKU_024,口香糖
T00121,C0779,SKU_030,SKU_NEW_002
T00122,C1203,SKU_002,起司
T00122,C1203,SKU_004,紅酒
T00122,C1203,SKU_010,寶特瓶飲料
T00122,C1203,SKU_020,葡萄
T00123,C0127,SKU_001,尿布
T00123,C0127,SKU_004,紅酒
T00123,C0127,SKU_006,米
T00123,C0127,SKU_009,礦泉水
T00123,C0127,SKU_027,洗髮精
T00124,C0601,SKU_001,尿布
T00124,C0601,SKU_003,啤酒
T00124,C0601,SKU_005,塑膠袋
T00124,C0601,SKU_008,醬油
T00124,C0601,SKU_014,雪碧
T00124,C0601,SKU_020,葡萄
T00125,C1117,SKU_007,可樂
T00125,C1117,SKU_009,礦泉水
T00125,C1117,SKU_016,豆漿
T00125,C1117,SKU_018,香蕉
T00125,C1117,SKU_026,牙膏
T00126,C0557,SKU_001,尿布
T00126,C0557,SKU_010,寶特瓶飲料
T00126,C0557,SKU_018,香蕉
T00127,C0279,SKU_002,起司
T00127,C0279,SKU_004,紅酒
T00127,C0279,SKU_022,巧克力
T00128,C0292,SKU_005,塑膠袋
T00128,C0292,SKU_010,寶特瓶飲料
T00129,C0622,SKU_002,起司
T00129,C0622,SKU_004,紅酒
T00129,C0622,SKU_005,塑膠袋
T00129,C0622,SKU_007,可樂
T00129,C0622,SKU_023,洋芋片
T00129,C0622,SKU_029,SKU_NEW_001
T00130,C0722,SKU_002,起司
T00130,C0722,SKU_004,紅酒
T00130,C0722,SKU_010,寶特瓶飲料
T00130,C0722,SKU_011,杯麵
T00130,C0722,SKU_020,葡萄
T00130,C0722,SKU_029,SKU_NEW_001
T00131,C1284,SKU_001,尿布
T00131,C1284,SKU_002,起司
T00131,C1284,SKU_009,礦泉水
T00131,C1284,SKU_017,蘋果
T00131,C1284,SKU_020,葡萄
T00131,C1284,SKU_021,餅乾
T00131,C1284,SKU_022,巧克力
T00132,C0959,SKU_005,塑膠袋
T00132,C0959,SKU_010,寶特瓶飲料
T00133,C1041,SKU_001,尿布
T00133,C1041,SKU_002,起司
T00133,C1041,SKU_004,紅酒
T00133,C1041,SKU_006,米
T00133,C1041,SKU_008,醬油
T00133,C1041,SKU_010,寶特瓶飲料
T00133,C1041,SKU_011,杯麵
T00134,C1474,SKU_001,尿布
T00134,C1474,SKU_003,啤酒
T00134,C1474,SKU_009,礦泉水
T00134,C1474,SKU_018,香蕉
T00134,C1474,SKU_028,茶包
T00134,C1474,SKU_030,SKU_NEW_002
T00135,C0625,SKU_005,塑膠袋
T00135,C0625,SKU_011,杯麵
T00136,C0613,SKU_001,尿布
T00136,C0613,SKU_004,紅酒
T00136,C0613,SKU_007,可樂
T00136,C0613,SKU_009,礦泉水
T00136,C0613,SKU_024,口香糖
T00137,C1385,SKU_002,起司
T00137,C1385,SKU_004,紅酒
T00137,C1385,SKU_018,香蕉
T00137,C1385,SKU_029,SKU_NEW_001
T00138,C0369,SKU_007,可樂
T00138,C0369,SKU_009,礦泉水
T00138,C0369,SKU_010,寶特瓶飲料
T00138,C0369,SKU_011,杯麵
T00138,C0369,SKU_019,橘子
T00139,C1097,SKU_002,起司
T00139,C1097,SKU_016,豆漿
T00140,C1126,SKU_019,橘子
T00140,C1126,SKU_027,洗髮精
T00141,C0140,SKU_003,啤酒
T00141,C0140,SKU_010,寶特瓶飲料
T00141,C0140,SKU_018,香蕉
T00142,C0709,SKU_009,礦泉水
T00142,C0709,SKU_015,牛奶
T00142,C0709,SKU_027,洗髮精
T00142,C0709,SKU_028,茶包
T00142,C0709,SKU_030,SKU_NEW_002
T00143,C0300,SKU_002,起司
T00143,C0300,SKU_004,紅酒
T00143,C0300,SKU_024,口香糖
T00144,C0275,SKU_001,尿布
T00144,C0275,SKU_003,啤酒
T00144,C0275,SKU_004,紅酒
T00145,C0703,SKU_001,尿布
T00145,C0703,SKU_021,餅乾
T00145,C0703,SKU_027,洗髮精
T00145,C0703,SKU_028,茶包
T00146,C0436,SKU_001,尿布
T00146,C0436,SKU_003,啤酒
T00146,C0436,SKU_005,塑膠袋
T00146,C0436,SKU_010,寶特瓶飲料
T00146,C0436,SKU_016,豆漿
T00146,C0436,SKU_024,口香糖
T00146,C0436,SKU_027,洗髮精
T00146,C0436,SKU_028,茶包
T00147,C1182,SKU_001,尿布
T00147,C1182,SKU_002,起司
T00147,C1182,SKU_004,紅酒
T00147,C1182,SKU_006,米
T00147,C1182,SKU_007,可樂
T00147,C1182,SKU_030,SKU_NEW_002
T00148,C1358,SKU_002,起司
T00148,C1358,SKU_004,紅酒
T00148,C1358,SKU_007,可樂
T00148,C1358,SKU_013,果醬
T00148,C1358,SKU_017,蘋果
T00148,C1358,SKU_030,SKU_NEW_002
T00149,C1192,SKU_003,啤酒
T00149,C1192,SKU_016,豆漿
T00149,C1192,SKU_029,SKU_NEW_001
T00150,C0400,SKU_004,紅酒
T00150,C0400,SKU_012,麵包
T00150,C0400,SKU_016,豆漿
T00150,C0400,SKU_018,香蕉
T00150,C0400,SKU_023,洋芋片
T00151,C0410,SKU_004,紅酒
T00151,C0410,SKU_023,洋芋片
T00151,C0410,SKU_024,口香糖
T00152,C0381,SKU_004,紅酒
T00152,C0381,SKU_007,可樂
T00152,C0381,SKU_016,豆漿
T00152,C0381,SKU_024,口香糖
T00153,C0197,SKU_006,米
T00153,C0197,SKU_008,醬油
T00153,C0197,SKU_009,礦泉水
T00153,C0197,SKU_028,茶包
T00153,C0197,SKU_030,SKU_NEW_002
T00154,C1412,SKU_030,SKU_NEW_002
T00155,C0612,SKU_007,可樂
T00155,C0612,SKU_011,杯麵
T00155,C0612,SKU_016,豆漿
T00156,C0332,SKU_001,尿布
T00156,C0332,SKU_003,啤酒
T00156,C0332,SKU_006,米
T00156,C0332,SKU_008,醬油
T00157,C1264,SKU_005,塑膠袋
T00157,C1264,SKU_023,洋芋片
T00158,C0606,SKU_001,尿布
T00158,C0606,SKU_003,啤酒
T00158,C0606,SKU_005,塑膠袋
T00158,C0606,SKU_006,米
T00158,C0606,SKU_023,洋芋片
T00158,C0606,SKU_025,衛生紙
T00158,C0606,SKU_028,茶包
T00159,C0050,SKU_005,塑膠袋
T00159,C0050,SKU_019,橘子
T00159,C0050,SKU_028,茶包
T00160,C0243,SKU_001,尿布
T00160,C0243,SKU_003,啤酒
T00160,C0243,SKU_004,紅酒
T00160,C0243,SKU_006,米
T00160,C0243,SKU_008,醬油
T00160,C0243,SKU_010,寶特瓶飲料
T00160,C0243,SKU_019,橘子
T00160,C0243,SKU_022,巧克力
T00160,C0243,SKU_023,洋芋片
T00161,C0955,SKU_002,起司
T00161,C0955,SKU_004,紅酒
T00161,C0955,SKU_011,杯麵
T00161,C0955,SKU_017,蘋果
T00162,C1162,SKU_007,可樂
T00162,C1162,SKU_010,寶特瓶飲料
T00162,C1162,SKU_013,果醬
T00162,C1162,SKU_014,雪碧
T00163,C0311,SKU_006,米
T00163,C0311,SKU_011,杯麵
T00164,C1375,SKU_003,啤酒
T00164,C1375,SKU_006,米
T00164,C1375,SKU_008,醬油
T00164,C1375,SKU_009,礦泉水
T00164,C1375,SKU_013,果醬
T00164,C1375,SKU_016,豆漿
T00165,C1269,SKU_004,紅酒
T00165,C1269,SKU_005,塑膠袋
T00166,C1266,SKU_024,口香糖
T00166,C1266,SKU_030,SKU_NEW_002
T00167,C0338,SKU_009,礦泉水
T00167,C0338,SKU_012,麵包
T00168,C0072,SKU_004,紅酒
T00168,C0072,SKU_005,塑膠袋
T00168,C0072,SKU_007,可樂
T00168,C0072,SKU_009,礦泉水
T00168,C0072,SKU_016,豆漿
T00169,C1293,SKU_007,可樂
T00169,C1293,SKU_008,醬油
T00169,C1293,SKU_021,餅乾
T00169,C1293,SKU_023,洋芋片
T00169,C1293,SKU_028,茶包
T00170,C0462,SKU_003,啤酒
T00170,C0462,SKU_005,塑膠袋
T00170,C0462,SKU_007,可樂
T00170,C0462,SKU_017,蘋果
T00170,C0462,SKU_019,橘子
T00171,C0926,SKU_005,塑膠袋
T00171,C0926,SKU_024,口香糖
T00171,C0926,SKU_025,衛生紙
T00171,C0926,SKU_026,牙膏
T00172,C1133,SKU_010,寶特瓶飲料
T00172,C1133,SKU_025,衛生紙
T00173,C0188,SKU_004,紅酒
T00173,C0188,SKU_025,衛生紙
T00174,C1158,SKU_006,米
T00174,C1158,SKU_008,醬油
T00174,C1158,SKU_014,雪碧
T00175,C1403,SKU_004,紅酒
T00175,C1403,SKU_008,醬油
T00175,C1403,SKU_015,牛奶
T00175,C1403,SKU_017,蘋果
T00176,C1096,SKU_001,尿布
T00176,C1096,SKU_006,米
T00176,C1096,SKU_008,醬油
T00176,C1096,SKU_009,礦泉水
T00176,C1096,SKU_010,寶特瓶飲料
T00176,C1096,SKU_027,洗髮精
T00177,C0668,SKU_003,啤酒
T00178,C1307,SKU_003,啤酒
T00178,C1307,SKU_009,礦泉水
T00178,C1307,SKU_014,雪碧
T00178,C1307,SKU_019,橘子
T00178,C1307,SKU_022,巧克力
T00179,C0790,SKU_022,巧克力
T00179,C0790,SKU_023,洋芋片
T00180,C1114,SKU_006,米
T00180,C1114,SKU_012,麵包
T00180,C1114,SKU_018,香蕉
T00180,C1114,SKU_022,巧克力
T00180,C1114,SKU_028,茶包
T00181,C1222,SKU_009,礦泉水
T00181,C1222,SKU_015,牛奶
T00181,C1222,SKU_016,豆漿
T00181,C1222,SKU_025,衛生紙
T00181,C1222,SKU_026,牙膏
T00181,C1222,SKU_030,SKU_NEW_002
T00182,C1119,SKU_004,紅酒
T00182,C1119,SKU_010,寶特瓶飲料
T00183,C0434,SKU_005,塑膠袋
T00183,C0434,SKU_017,蘋果
T00184,C0170,SKU_006,米
T00184,C0170,SKU_007,可樂
T00184,C0170,SKU_008,醬油
T00184,C0170,SKU_013,果醬
T00184,C0170,SKU_021,餅乾
T00185,C0359,SKU_021,餅乾
T00185,C0359,SKU_022,巧克力
T00185,C0359,SKU_028,茶包
T00186,C0753,SKU_001,尿布
T00186,C0753,SKU_003,啤酒
T00186,C0753,SKU_022,巧克力
T00187,C0757,SKU_005,塑膠袋
T00187,C0757,SKU_007,可樂
T00187,C0757,SKU_010,寶特瓶飲料
T00187,C0757,SKU_019,橘子
T00187,C0757,SKU_024,口香糖
T00188,C0878,SKU_002,起司
T00188,C0878,SKU_004,紅酒
T00188,C0878,SKU_007,可樂
T00188,C0878,SKU_015,牛奶
T00188,C0878,SKU_028,茶包
T00189,C0601,SKU_002,起司
T00189,C0601,SKU_004,紅酒
T00189,C0601,SKU_006,米
T00189,C0601,SKU_007,可樂
T00189,C0601,SKU_008,醬油
T00189,C0601,SKU_010,寶特瓶飲料
T00190,C1166,SKU_004,紅酒
T00190,C1166,SKU_008,醬油
T00191,C1368,SKU_001,尿布
T00191,C1368,SKU_003,啤酒
T00191,C1368,SKU_007,可樂
T00191,C1368,SKU_021,餅乾
T00191,C1368,SKU_025,衛生紙
T00192,C0370,SKU_020,葡萄
T00192,C0370,SKU_027,洗髮精
T00193,C1104,SKU_012,麵包
T00194,C1019,SKU_001,尿布
T00194,C1019,SKU_002,起司
T00194,C1019,SKU_006,米
T00194,C1019,SKU_008,醬油
T00194,C1019,SKU_009,礦泉水
T00194,C1019,SKU_023,洋芋片
T00195,C0784,SKU_004,紅酒
T00195,C0784,SKU_006,米
T00195,C0784,SKU_015,牛奶
T00195,C0784,SKU_025,衛生紙
T00195,C0784,SKU_026,牙膏
T00195,C0784,SKU_028,茶包
T00196,C0279,SKU_006,米
T00196,C0279,SKU_008,醬油
T00196,C0279,SKU_016,豆漿
T00196,C0279,SKU_020,葡萄
T00196,C0279,SKU_021,餅乾
T00196,C0279,SKU_022,巧克力
T00196,C0279,SKU_023,洋芋片
T00197,C1180,SKU_007,可樂
T00197,C1180,SKU_012,麵包
T00197,C1180,SKU_013,果醬
T00197,C1180,SKU_017,蘋果
T00198,C1439,SKU_007,可樂
T00198,C1439,SKU_009,礦泉水
T00198,C1439,SKU_016,豆漿
T00199,C1089,SKU_008,醬油
T00199,C1089,SKU_024,口香糖
T00199,C1089,SKU_028,茶包
T00200,C1376,SKU_002,起司
T00201,C1476,SKU_005,塑膠袋
T00201,C1476,SKU_007,可樂
T00201,C1476,SKU_008,醬油
T00201,C1476,SKU_011,杯麵
T00202,C0531,SKU_005,塑膠袋
T00202,C0531,SKU_029,SKU_NEW_001
T00203,C0954,SKU_002,起司
T00203,C0954,SKU_004,紅酒
T00203,C0954,SKU_015,牛奶
T00203,C0954,SKU_019,橘子
T00203,C0954,SKU_029,SKU_NEW_001
T00203,C0954,SKU_030,SKU_NEW_002
T00204,C0717,SKU_022,巧克力
T00205,C1478,SKU_009,礦泉水
T00205,C1478,SKU_029,SKU_NEW_001
T00206,C0133,SKU_004,紅酒
T00206,C0133,SKU_007,可樂
T00206,C0133,SKU_014,雪碧
T00206,C0133,SKU_021,餅乾
T00206,C0133,SKU_023,洋芋片
T00206,C0133,SKU_026,牙膏
T00206,C0133,SKU_029,SKU_NEW_001
T00207,C0627,SKU_010,寶特瓶飲料
T00207,C0627,SKU_014,雪碧
T00207,C0627,SKU_027,洗髮精
T00208,C1305,SKU_002,起司
T00208,C1305,SKU_004,紅酒
T00208,C1305,SKU_007,可樂
T00209,C0427,SKU_002,起司
T00209,C0427,SKU_015,牛奶
T00210,C1168,SKU_001,尿布
T00210,C1168,SKU_006,米
T00210,C1168,SKU_010,寶特瓶飲料
T00210,C1168,SKU_017,蘋果
T00211,C0579,SKU_029,SKU_NEW_001
T00212,C1469,SKU_008,醬油
T00212,C1469,SKU_029,SKU_NEW_001
T00213,C1316,SKU_002,起司
T00213,C1316,SKU_005,塑膠袋
T00213,C1316,SKU_007,可樂
T00214,C0457,SKU_002,起司
T00214,C0457,SKU_004,紅酒
T00214,C0457,SKU_007,可樂
T00214,C0457,SKU_009,礦泉水
T00214,C0457,SKU_023,洋芋片
T00215,C1144,SKU_004,紅酒
T00215,C1144,SKU_007,可樂
T00215,C1144,SKU_020,葡萄
T00215,C1144,SKU_025,衛生紙
T00215,C1144,SKU_027,洗髮精
T00215,C1144,SKU_029,SKU_NEW_001
T00216,C0510,SKU_002,起司
T00216,C0510,SKU_004,紅酒
T00216,C0510,SKU_007,可樂
T00216,C0510,SKU_010,寶特瓶飲料
T00216,C0510,SKU_019,橘子
T00216,C0510,SKU_027,洗髮精
T00217,C0911,SKU_004,紅酒
T00217,C0911,SKU_009,礦泉水
T00217,C0911,SKU_019,橘子
T00218,C0986,SKU_001,尿布
T00218,C0986,SKU_005,塑膠袋
T00218,C0986,SKU_009,礦泉水
T00218,C0986,SKU_012,麵包
T00218,C0986,SKU_021,餅乾
T00218,C0986,SKU_024,口香糖
T00219,C1237,SKU_007,可樂
T00219,C1237,SKU_008,醬油
T00219,C1237,SKU_024,口香糖
T00220,C0036,SKU_010,寶特瓶飲料
T00221,C0325,SKU_006,米
T00221,C0325,SKU_007,可樂
T00221,C0325,SKU_008,醬油
T00222,C1073,SKU_004,紅酒
T00222,C1073,SKU_007,可樂
T00222,C1073,SKU_027,洗髮精
T00223,C0850,SKU_001,尿布
T00223,C0850,SKU_003,啤酒
T00223,C0850,SKU_009,礦泉水
T00223,C0850,SKU_019,橘子
T00223,C0850,SKU_028,茶包
T00223,C0850,SKU_030,SKU_NEW_002
T00224,C0742,SKU_008,醬油
T00224,C0742,SKU_017,蘋果
T00224,C0742,SKU_026,牙膏
T00225,C0080,SKU_001,尿布
T00225,C0080,SKU_003,啤酒
T00225,C0080,SKU_005,塑膠袋
T00225,C0080,SKU_008,醬油
T00225,C0080,SKU_010,寶特瓶飲料
T00225,C0080,SKU_022,巧克力
T00225,C0080,SKU_028,茶包
T00226,C0528,SKU_027,洗髮精
T00226,C0528,SKU_030,SKU_NEW_002
T00227,C1291,SKU_001,尿布
T00227,C1291,SKU_002,起司
T00227,C1291,SKU_003,啤酒
T00227,C1291,SKU_004,紅酒
T00227,C1291,SKU_006,米
T00227,C1291,SKU_018,香蕉
T00227,C1291,SKU_024,口香糖
T00227,C1291,SKU_030,SKU_NEW_002
T00228,C0044,SKU_008,醬油
T00228,C0044,SKU_014,雪碧
T00228,C0044,SKU_022,巧克力
T00229,C0603,SKU_002,起司
T00229,C0603,SKU_004,紅酒
T00229,C0603,SKU_012,麵包
T00229,C0603,SKU_022,巧克力
T00229,C0603,SKU_023,洋芋片
T00230,C1415,SKU_001,尿布
T00230,C1415,SKU_005,塑膠袋
T00230,C1415,SKU_018,香蕉
T00230,C1415,SKU_022,巧克力
T00231,C0072,SKU_001,尿布
T00231,C0072,SKU_003,啤酒
T00231,C0072,SKU_006,米
T00231,C0072,SKU_008,醬油
T00231,C0072,SKU_010,寶特瓶飲料
T00231,C0072,SKU_014,雪碧
T00231,C0072,SKU_019,橘子
T00231,C0072,SKU_024,口香糖
T00232,C1119,SKU_003,啤酒
T00232,C1119,SKU_007,可樂
T00232,C1119,SKU_008,醬油
T00232,C1119,SKU_010,寶特瓶飲料
T00232,C1119,SKU_024,口香糖
T00233,C0385,SKU_002,起司
T00233,C0385,SKU_005,塑膠袋
T00233,C0385,SKU_009,礦泉水
T00233,C0385,SKU_021,餅乾
T00234,C1292,SKU_006,米
T00234,C1292,SKU_008,醬油
T00234,C1292,SKU_014,雪碧
T00234,C1292,SKU_021,餅乾
T00234,C1292,SKU_023,洋芋片
T00234,C1292,SKU_027,洗髮精
T00235,C1116,SKU_012,麵包
T00235,C1116,SKU_028,茶包
T00236,C1319,SKU_019,橘子
T00237,C0319,SKU_004,紅酒
T00237,C0319,SKU_005,塑膠袋
T00237,C0319,SKU_006,米
T00237,C0319,SKU_007,可樂
T00237,C0319,SKU_008,醬油
T00237,C0319,SKU_009,礦泉水
T00237,C0319,SKU_027,洗髮精
T00238,C0797,SKU_006,米
T00238,C0797,SKU_008,醬油
T00238,C0797,SKU_020,葡萄
T00238,C0797,SKU_021,餅乾
T00239,C1155,SKU_001,尿布
T00239,C1155,SKU_003,啤酒
T00239,C1155,SKU_015,牛奶
T00239,C1155,SKU_017,蘋果
T00239,C1155,SKU_024,口香糖
T00240,C0369,SKU_005,塑膠袋
T00240,C0369,SKU_020,葡萄
T00240,C0369,SKU_023,洋芋片
T00241,C0343,SKU_009,礦泉水
T00242,C0040,SKU_008,醬油
T00242,C0040,SKU_015,牛奶
T00242,C0040,SKU_022,巧克力
T00242,C0040,SKU_030,SKU_NEW_002
T00243,C1436,SKU_002,起司
T00243,C1436,SKU_004,紅酒
T00243,C1436,SKU_007,可樂
T00243,C1436,SKU_015,牛奶
T00243,C1436,SKU_017,蘋果
T00243,C1436,SKU_024,口香糖
T00243,C1436,SKU_028,茶包
T00244,C1071,SKU_002,起司
T00244,C1071,SKU_006,米
T00244,C1071,SKU_007,可樂
T00244,C1071,SKU_026,牙膏
T00245,C0950,SKU_002,起司
T00245,C0950,SKU_004,紅酒
T00245,C0950,SKU_013,果醬
T00246,C1113,SKU_005,塑膠袋
T00246,C1113,SKU_007,可樂
T00246,C1113,SKU_012,麵包
T00246,C1113,SKU_015,牛奶
T00246,C1113,SKU_018,香蕉
T00247,C0798,SKU_007,可樂
T00247,C0798,SKU_012,麵包
T00248,C0719,SKU_005,塑膠袋
T00248,C0719,SKU_008,醬油
T00248,C0719,SKU_010,寶特瓶飲料
T00249,C0681,SKU_005,塑膠袋
T00249,C0681,SKU_006,米
T00249,C0681,SKU_007,可樂
T00249,C0681,SKU_008,醬油
T00249,C0681,SKU_022,巧克力
T00249,C0681,SKU_027,洗髮精
T00250,C0956,SKU_001,尿布
T00250,C0956,SKU_003,啤酒
T00250,C0956,SKU_005,塑膠袋
T00250,C0956,SKU_013,果醬
T00250,C0956,SKU_017,蘋果
T00250,C0956,SKU_020,葡萄
T00250,C0956,SKU_022,巧克力
T00251,C0301,SKU_002,起司
T00251,C0301,SKU_004,紅酒
T00251,C0301,SKU_008,醬油
T00251,C0301,SKU_024,口香糖
T00251,C0301,SKU_030,SKU_NEW_002
T00252,C1323,SKU_002,起司
T00252,C1323,SKU_004,紅酒
T00252,C1323,SKU_005,塑膠袋
T00252,C1323,SKU_016,豆漿
T00253,C1205,SKU_009,礦泉水
T00253,C1205,SKU_014,雪碧
T00254,C0529,SKU_014,雪碧
T00254,C0529,SKU_019,橘子
T00254,C0529,SKU_025,衛生紙
T00254,C0529,SKU_027,洗髮精
T00255,C0872,SKU_002,起司
T00255,C0872,SKU_004,紅酒
T00255,C0872,SKU_009,礦泉水
T00255,C0872,SKU_018,香蕉
T00256,C0207,SKU_001,尿布
T00256,C0207,SKU_027,洗髮精
T00257,C1458,SKU_007,可樂
T00257,C1458,SKU_008,醬油
T00257,C1458,SKU_010,寶特瓶飲料
T00257,C1458,SKU_027,洗髮精
T00258,C1351,SKU_004,紅酒
T00258,C1351,SKU_005,塑膠袋
T00258,C1351,SKU_007,可樂
T00258,C1351,SKU_025,衛生紙
T00258,C1351,SKU_028,茶包
T00259,C1382,SKU_006,米
T00259,C1382,SKU_008,醬油
T00259,C1382,SKU_009,礦泉水
T00259,C1382,SKU_010,寶特瓶飲料
T00259,C1382,SKU_016,豆漿
T00259,C1382,SKU_024,口香糖
T00259,C1382,SKU_025,衛生紙
T00260,C0501,SKU_003,啤酒
T00260,C0501,SKU_007,可樂
T00260,C0501,SKU_011,杯麵
T00260,C0501,SKU_021,餅乾
T00261,C0253,SKU_010,寶特瓶飲料
T00261,C0253,SKU_017,蘋果
T00261,C0253,SKU_030,SKU_NEW_002
T00262,C0312,SKU_002,起司
T00262,C0312,SKU_004,紅酒
T00263,C0128,SKU_001,尿布
T00263,C0128,SKU_003,啤酒
T00263,C0128,SKU_006,米
T00263,C0128,SKU_008,醬油
T00263,C0128,SKU_012,麵包
T00263,C0128,SKU_025,衛生紙
T00264,C0175,SKU_009,礦泉水
T00264,C0175,SKU_025,衛生紙
T00265,C0102,SKU_001,尿布
T00265,C0102,SKU_002,起司
T00265,C0102,SKU_004,紅酒
T00265,C0102,SKU_007,可樂
T00265,C0102,SKU_010,寶特瓶飲料
T00266,C1484,SKU_002,起司
T00266,C1484,SKU_004,紅酒
T00266,C1484,SKU_011,杯麵
T00266,C1484,SKU_012,麵包
T00266,C1484,SKU_023,洋芋片
T00266,C1484,SKU_027,洗髮精
T00267,C0109,SKU_002,起司
T00267,C0109,SKU_005,塑膠袋
T00267,C0109,SKU_008,醬油
T00267,C0109,SKU_009,礦泉水
T00268,C0194,SKU_016,豆漿
T00268,C0194,SKU_019,橘子
T00269,C1234,SKU_001,尿布
T00269,C1234,SKU_003,啤酒
T00269,C1234,SKU_007,可樂
T00269,C1234,SKU_008,醬油
T00269,C1234,SKU_015,牛奶
T00269,C1234,SKU_020,葡萄
T00269,C1234,SKU_021,餅乾
T00269,C1234,SKU_022,巧克力
T00270,C0873,SKU_005,塑膠袋
T00270,C0873,SKU_006,米
T00270,C0873,SKU_008,醬油
T00270,C0873,SKU_010,寶特瓶飲料
T00270,C0873,SKU_014,雪碧
T00270,C0873,SKU_026,牙膏
T00271,C1150,SKU_001,尿布
T00271,C1150,SKU_002,起司
T00271,C1150,SKU_003,啤酒
T00271,C1150,SKU_006,米
T00271,C1150,SKU_008,醬油
T00271,C1150,SKU_009,礦泉水
T00272,C0943,SKU_004,紅酒
T00272,C0943,SKU_008,醬油
T00272,C0943,SKU_009,礦泉水
T00272,C0943,SKU_014,雪碧
T00272,C0943,SKU_020,葡萄
T00272,C0943,SKU_026,牙膏
T00272,C0943,SKU_029,SKU_NEW_001
T00273,C1314,SKU_001,尿布
T00273,C1314,SKU_002,起司
T00273,C1314,SKU_003,啤酒
T00273,C1314,SKU_004,紅酒
T00274,C0954,SKU_001,尿布
T00274,C0954,SKU_009,礦泉水
T00274,C0954,SKU_010,寶特瓶飲料
T00274,C0954,SKU_030,SKU_NEW_002
T00275,C0783,SKU_006,米
T00275,C0783,SKU_007,可樂
T00275,C0783,SKU_008,醬油
T00275,C0783,SKU_018,香蕉
T00276,C1074,SKU_012,麵包
T00277,C0679,SKU_005,塑膠袋
T00277,C0679,SKU_008,醬油
T00277,C0679,SKU_012,麵包
T00277,C0679,SKU_019,橘子
T00277,C0679,SKU_029,SKU_NEW_001
T00278,C0524,SKU_001,尿布
T00278,C0524,SKU_002,起司
T00278,C0524,SKU_004,紅酒
T00278,C0524,SKU_015,牛奶
T00278,C0524,SKU_025,衛生紙
T00279,C0709,SKU_001,尿布
T00279,C0709,SKU_020,葡萄
T00279,C0709,SKU_023,洋芋片
T00279,C0709,SKU_025,衛生紙
T00280,C0255,SKU_001,尿布
T00280,C0255,SKU_003,啤酒
T00280,C0255,SKU_005,塑膠袋
T00280,C0255,SKU_006,米
T00280,C0255,SKU_008,醬油
T00280,C0255,SKU_010,寶特瓶飲料
T00281,C1183,SKU_001,尿布
T00281,C1183,SKU_003,啤酒
T00281,C1183,SKU_028,茶包
T00282,C0391,SKU_002,起司
T00282,C0391,SKU_004,紅酒
T00282,C0391,SKU_005,塑膠袋
T00282,C0391,SKU_008,醬油
T00282,C0391,SKU_017,蘋果
T00282,C0391,SKU_029,SKU_NEW_001
T00283,C0230,SKU_009,礦泉水
T00283,C0230,SKU_026,牙膏
T00284,C0369,SKU_007,可樂
T00284,C0369,SKU_009,礦泉水
T00285,C1256,SKU_005,塑膠袋
T00285,C1256,SKU_029,SKU_NEW_001
T00286,C0498,SKU_002,起司
T00286,C0498,SKU_005,塑膠袋
T00286,C0498,SKU_010,寶特瓶飲料
T00286,C0498,SKU_020,葡萄
T00286,C0498,SKU_024,口香糖
T00287,C1033,SKU_006,米
T00287,C1033,SKU_008,醬油
T00287,C1033,SKU_009,礦泉水
T00287,C1033,SKU_011,杯麵
T00287,C1033,SKU_028,茶包
T00288,C1277,SKU_003,啤酒
T00288,C1277,SKU_005,塑膠袋
T00288,C1277,SKU_014,雪碧
T00288,C1277,SKU_026,牙膏
T00289,C0113,SKU_008,醬油
T00289,C0113,SKU_011,杯麵
T00290,C1141,SKU_001,尿布
T00290,C1141,SKU_005,塑膠袋
T00291,C0465,SKU_002,起司
T00291,C0465,SKU_005,塑膠袋
T00291,C0465,SKU_009,礦泉水
T00291,C0465,SKU_010,寶特瓶飲料
T00291,C0465,SKU_011,杯麵
T00291,C0465,SKU_026,牙膏
T00292,C0319,SKU_005,塑膠袋
T00292,C0319,SKU_008,醬油
T00292,C0319,SKU_014,雪碧
T00292,C0319,SKU_015,牛奶
T00292,C0319,SKU_026,牙膏
T00293,C1039,SKU_014,雪碧
T00293,C1039,SKU_022,巧克力
T00293,C1039,SKU_024,口香糖
T00294,C1361,SKU_001,尿布
T00294,C1361,SKU_006,米
T00294,C1361,SKU_007,可樂
T00294,C1361,SKU_008,醬油
T00294,C1361,SKU_017,蘋果
T00295,C0444,SKU_006,米
T00296,C0857,SKU_004,紅酒
T00296,C0857,SKU_009,礦泉水
T00296,C0857,SKU_011,杯麵
T00297,C0436,SKU_001,尿布
T00297,C0436,SKU_002,起司
T00297,C0436,SKU_003,啤酒
T00297,C0436,SKU_005,塑膠袋
T00297,C0436,SKU_006,米
T00297,C0436,SKU_008,醬油
T00297,C0436,SKU_009,礦泉水
T00297,C0436,SKU_019,橘子
T00297,C0436,SKU_026,牙膏
T00297,C0436,SKU_027,洗髮精
T00298,C0838,SKU_001,尿布
T00299,C0931,SKU_007,可樂
T00299,C0931,SKU_018,香蕉
T00300,C0916,SKU_006,米
T00300,C0916,SKU_008,醬油
T00300,C0916,SKU_015,牛奶
T00300,C0916,SKU_018,香蕉
T00300,C0916,SKU_027,洗髮精
T00301,C0934,SKU_002,起司
T00301,C0934,SKU_010,寶特瓶飲料
T00301,C0934,SKU_019,橘子
T00301,C0934,SKU_021,餅乾
T00302,C0197,SKU_010,寶特瓶飲料
T00303,C1047,SKU_001,尿布
T00303,C1047,SKU_003,啤酒
T00303,C1047,SKU_004,紅酒
T00303,C1047,SKU_010,寶特瓶飲料
T00303,C1047,SKU_012,麵包
T00304,C1012,SKU_001,尿布
T00304,C1012,SKU_003,啤酒
T00304,C1012,SKU_013,果醬
T00305,C1025,SKU_004,紅酒
T00305,C1025,SKU_005,塑膠袋
T00305,C1025,SKU_007,可樂
T00305,C1025,SKU_009,礦泉水
T00305,C1025,SKU_012,麵包
T00306,C0109,SKU_005,塑膠袋
T00306,C0109,SKU_010,寶特瓶飲料
T00307,C0678,SKU_001,尿布
T00307,C0678,SKU_003,啤酒
T00307,C0678,SKU_005,塑膠袋
T00307,C0678,SKU_014,雪碧
T00307,C0678,SKU_028,茶包
T00308,C0621,SKU_001,尿布
T00308,C0621,SKU_003,啤酒
T00308,C0621,SKU_007,可樂
T00308,C0621,SKU_010,寶特瓶飲料
T00308,C0621,SKU_019,橘子
T00308,C0621,SKU_026,牙膏
T00308,C0621,SKU_029,SKU_NEW_001
T00309,C0123,SKU_001,尿布
T00309,C0123,SKU_003,啤酒
T00309,C0123,SKU_005,塑膠袋
T00309,C0123,SKU_009,礦泉水
T00310,C0329,SKU_028,茶包
T00311,C0668,SKU_003,啤酒
T00311,C0668,SKU_009,礦泉水
T00311,C0668,SKU_010,寶特瓶飲料
T00312,C1112,SKU_019,橘子
T00312,C1112,SKU_022,巧克力
T00312,C1112,SKU_027,洗髮精
T00313,C0356,SKU_007,可樂
T00314,C1238,SKU_008,醬油
T00314,C1238,SKU_015,牛奶
T00314,C1238,SKU_016,豆漿
T00314,C1238,SKU_019,橘子
T00315,C0822,SKU_014,雪碧
T00315,C0822,SKU_018,香蕉
T00316,C1134,SKU_010,寶特瓶飲料
T00316,C1134,SKU_020,葡萄
T00317,C0715,SKU_007,可樂
T00317,C0715,SKU_010,寶特瓶飲料
T00317,C0715,SKU_014,雪碧
T00317,C0715,SKU_028,茶包
T00318,C0749,SKU_005,塑膠袋
T00318,C0749,SKU_006,米
T00318,C0749,SKU_008,醬油
T00318,C0749,SKU_025,衛生紙
T00318,C0749,SKU_030,SKU_NEW_002
T00319,C0927,SKU_009,礦泉水
T00319,C0927,SKU_010,寶特瓶飲料
T00319,C0927,SKU_023,洋芋片
T00320,C1392,SKU_002,起司
T00320,C1392,SKU_003,啤酒
T00320,C1392,SKU_004,紅酒
T00320,C1392,SKU_010,寶特瓶飲料
T00320,C1392,SKU_019,橘子
T00321,C0739,SKU_002,起司
T00321,C0739,SKU_003,啤酒
T00321,C0739,SKU_004,紅酒
T00321,C0739,SKU_006,米
T00321,C0739,SKU_008,醬油
T00321,C0739,SKU_009,礦泉水
T00321,C0739,SKU_029,SKU_NEW_001
T00321,C0739,SKU_030,SKU_NEW_002
T00322,C0792,SKU_010,寶特瓶飲料
T00322,C0792,SKU_030,SKU_NEW_002
T00323,C0902,SKU_001,尿布
T00323,C0902,SKU_006,米
T00323,C0902,SKU_008,醬油
T00323,C0902,SKU_017,蘋果
T00324,C1105,SKU_005,塑膠袋
T00324,C1105,SKU_007,可樂
T00325,C0104,SKU_002,起司
T00325,C0104,SKU_003,啤酒
T00325,C0104,SKU_004,紅酒
T00325,C0104,SKU_007,可樂
T00325,C0104,SKU_009,礦泉水
T00325,C0104,SKU_011,杯麵
T00326,C0774,SKU_001,尿布
T00326,C0774,SKU_003,啤酒
T00326,C0774,SKU_009,礦泉水
T00326,C0774,SKU_014,雪碧
T00327,C0725,SKU_005,塑膠袋
T00327,C0725,SKU_028,茶包
T00328,C1382,SKU_017,蘋果
T00328,C1382,SKU_020,葡萄
T00329,C0741,SKU_010,寶特瓶飲料
T00329,C0741,SKU_024,口香糖
T00330,C0710,SKU_004,紅酒
T00330,C0710,SKU_022,巧克力
T00331,C1442,SKU_008,醬油
T00331,C1442,SKU_013,果醬
T00332,C0683,SKU_001,尿布
T00332,C0683,SKU_018,香蕉
T00332,C0683,SKU_030,SKU_NEW_002
T00333,C0269,SKU_001,尿布
T00333,C0269,SKU_003,啤酒
T00333,C0269,SKU_005,塑膠袋
T00333,C0269,SKU_011,杯麵
T00333,C0269,SKU_016,豆漿
T00333,C0269,SKU_024,口香糖
T00333,C0269,SKU_027,洗髮精
T00334,C0319,SKU_007,可樂
T00334,C0319,SKU_010,寶特瓶飲料
T00334,C0319,SKU_015,牛奶
T00334,C0319,SKU_026,牙膏
T00335,C0136,SKU_001,尿布
T00335,C0136,SKU_005,塑膠袋
T00335,C0136,SKU_006,米
T00335,C0136,SKU_008,醬油
T00335,C0136,SKU_019,橘子
T00336,C0001,SKU_001,尿布
T00336,C0001,SKU_003,啤酒
T00336,C0001,SKU_004,紅酒
T00336,C0001,SKU_006,米
T00336,C0001,SKU_008,醬油
T00336,C0001,SKU_018,香蕉
T00336,C0001,SKU_027,洗髮精
T00337,C0658,SKU_001,尿布
T00337,C0658,SKU_003,啤酒
T00337,C0658,SKU_004,紅酒
T00338,C1144,SKU_005,塑膠袋
T00338,C1144,SKU_006,米
T00338,C1144,SKU_008,醬油
T00338,C1144,SKU_010,寶特瓶飲料
T00338,C1144,SKU_014,雪碧
T00338,C1144,SKU_030,SKU_NEW_002
T00339,C1101,SKU_001,尿布
T00339,C1101,SKU_006,米
T00339,C1101,SKU_008,醬油
T00339,C1101,SKU_009,礦泉水
T00339,C1101,SKU_010,寶特瓶飲料
T00339,C1101,SKU_015,牛奶
T00340,C0045,SKU_007,可樂
T00341,C0859,SKU_001,尿布
T00341,C0859,SKU_002,起司
T00341,C0859,SKU_003,啤酒
T00341,C0859,SKU_004,紅酒
T00341,C0859,SKU_005,塑膠袋
T00342,C0230,SKU_003,啤酒
T00342,C0230,SKU_004,紅酒
T00342,C0230,SKU_018,香蕉
T00342,C0230,SKU_021,餅乾
T00343,C1407,SKU_005,塑膠袋
T00343,C1407,SKU_024,口香糖
T00344,C0251,SKU_001,尿布
T00344,C0251,SKU_003,啤酒
T00344,C0251,SKU_024,口香糖
T00345,C0938,SKU_005,塑膠袋
T00345,C0938,SKU_007,可樂
T00345,C0938,SKU_008,醬油
T00345,C0938,SKU_024,口香糖
T00346,C0492,SKU_007,可樂
T00346,C0492,SKU_018,香蕉
T00346,C0492,SKU_026,牙膏
T00347,C0957,SKU_003,啤酒
T00347,C0957,SKU_030,SKU_NEW_002
T00348,C0627,SKU_001,尿布
T00348,C0627,SKU_003,啤酒
T00348,C0627,SKU_004,紅酒
T00348,C0627,SKU_005,塑膠袋
T00348,C0627,SKU_024,口香糖
T00349,C1133,SKU_003,啤酒
T00349,C1133,SKU_012,麵包
T00349,C1133,SKU_017,蘋果
T00349,C1133,SKU_023,洋芋片
T00350,C0343,SKU_007,可樂
T00350,C0343,SKU_009,礦泉水
T00350,C0343,SKU_026,牙膏
T00350,C0343,SKU_027,洗髮精
T00350,C0343,SKU_028,茶包
T00351,C1355,SKU_012,麵包
T00351,C1355,SKU_016,豆漿
T00351,C1355,SKU_019,橘子
T00351,C1355,SKU_021,餅乾
T00351,C1355,SKU_024,口香糖
T00351,C1355,SKU_025,衛生紙
T00351,C1355,SKU_026,牙膏
T00352,C0749,SKU_007,可樂
T00352,C0749,SKU_024,口香糖
T00352,C0749,SKU_028,茶包
T00353,C1128,SKU_009,礦泉水
T00354,C1267,SKU_005,塑膠袋
T00354,C1267,SKU_007,可樂
T00354,C1267,SKU_017,蘋果
T00355,C1497,SKU_025,衛生紙
T00355,C1497,SKU_028,茶包
T00355,C1497,SKU_030,SKU_NEW_002
T00356,C0332,SKU_004,紅酒
T00356,C0332,SKU_009,礦泉水
T00356,C0332,SKU_028,茶包
T00357,C0432,SKU_018,香蕉
T00357,C0432,SKU_025,衛生紙
T00358,C0375,SKU_002,起司
T00358,C0375,SKU_003,啤酒
T00358,C0375,SKU_005,塑膠袋
T00358,C0375,SKU_007,可樂
T00359,C0394,SKU_001,尿布
T00359,C0394,SKU_003,啤酒
T00359,C0394,SKU_006,米
T00359,C0394,SKU_007,可樂
T00359,C0394,SKU_008,醬油
T00359,C0394,SKU_010,寶特瓶飲料
T00359,C0394,SKU_014,雪碧
T00359,C0394,SKU_027,洗髮精
T00360,C0878,SKU_012,麵包
T00361,C1491,SKU_013,果醬
T00361,C1491,SKU_014,雪碧
T00361,C1491,SKU_029,SKU_NEW_001
T00362,C1486,SKU_005,塑膠袋
T00362,C1486,SKU_012,麵包
T00362,C1486,SKU_024,口香糖
T00363,C0788,SKU_001,尿布
T00363,C0788,SKU_002,起司
T00363,C0788,SKU_004,紅酒
T00363,C0788,SKU_005,塑膠袋
T00363,C0788,SKU_006,米
T00363,C0788,SKU_008,醬油
T00363,C0788,SKU_009,礦泉水
T00363,C0788,SKU_015,牛奶
T00363,C0788,SKU_022,巧克力
T00364,C0955,SKU_010,寶特瓶飲料
T00364,C0955,SKU_011,杯麵
T00364,C0955,SKU_013,果醬
T00364,C0955,SKU_016,豆漿
T00364,C0955,SKU_025,衛生紙
T00365,C1281,SKU_005,塑膠袋
T00365,C1281,SKU_007,可樂
T00365,C1281,SKU_009,礦泉水
T00366,C1397,SKU_006,米
T00366,C1397,SKU_007,可樂
T00366,C1397,SKU_008,醬油
T00367,C0304,SKU_001,尿布
T00367,C0304,SKU_003,啤酒
T00367,C0304,SKU_004,紅酒
T00367,C0304,SKU_007,可樂
T00367,C0304,SKU_009,礦泉水
T00367,C0304,SKU_010,寶特瓶飲料
T00367,C0304,SKU_015,牛奶
T00367,C0304,SKU_028,茶包
T00368,C0792,SKU_004,紅酒
T00368,C0792,SKU_005,塑膠袋
T00368,C0792,SKU_029,SKU_NEW_001
T00369,C1241,SKU_008,醬油
T00369,C1241,SKU_012,麵包
T00370,C0459,SKU_001,尿布
T00370,C0459,SKU_003,啤酒
T00370,C0459,SKU_006,米
T00370,C0459,SKU_008,醬油
T00370,C0459,SKU_010,寶特瓶飲料
T00371,C0667,SKU_007,可樂
T00372,C1477,SKU_009,礦泉水
T00372,C1477,SKU_012,麵包
T00372,C1477,SKU_015,牛奶
T00372,C1477,SKU_019,橘子
T00372,C1477,SKU_022,巧克力
T00373,C1476,SKU_007,可樂
T00373,C1476,SKU_024,口香糖
T00374,C1356,SKU_005,塑膠袋
T00374,C1356,SKU_007,可樂
T00374,C1356,SKU_009,礦泉水
T00374,C1356,SKU_014,雪碧
T00374,C1356,SKU_029,SKU_NEW_001
T00375,C1185,SKU_006,米
T00375,C1185,SKU_017,蘋果
T00375,C1185,SKU_024,口香糖
T00376,C0404,SKU_004,紅酒
T00376,C0404,SKU_007,可樂
T00376,C0404,SKU_025,衛生紙
T00377,C0483,SKU_006,米
T00377,C0483,SKU_008,醬油
T00377,C0483,SKU_015,牛奶
T00377,C0483,SKU_025,衛生紙
T00377,C0483,SKU_026,牙膏
T00378,C0824,SKU_027,洗髮精
T00379,C0847,SKU_002,起司
T00379,C0847,SKU_004,紅酒
T00379,C0847,SKU_010,寶特瓶飲料
T00380,C0759,SKU_009,礦泉水
T00381,C0951,SKU_007,可樂
T00381,C0951,SKU_010,寶特瓶飲料
T00381,C0951,SKU_018,香蕉
T00382,C0621,SKU_003,啤酒
T00382,C0621,SKU_007,可樂
T00382,C0621,SKU_016,豆漿
T00383,C1119,SKU_020,葡萄
T00383,C1119,SKU_025,衛生紙
T00383,C1119,SKU_027,洗髮精
T00383,C1119,SKU_029,SKU_NEW_001
T00384,C0503,SKU_013,果醬
T00385,C0499,SKU_006,米
T00385,C0499,SKU_008,醬油
T00385,C0499,SKU_009,礦泉水
T00386,C0186,SKU_005,塑膠袋
T00386,C0186,SKU_010,寶特瓶飲料
T00386,C0186,SKU_025,衛生紙
T00387,C0279,SKU_002,起司
T00387,C0279,SKU_004,紅酒
T00387,C0279,SKU_008,醬油
T00388,C1268,SKU_010,寶特瓶飲料
T00388,C1268,SKU_022,巧克力
T00388,C1268,SKU_030,SKU_NEW_002
T00389,C0677,SKU_006,米
T00389,C0677,SKU_007,可樂
T00389,C0677,SKU_008,醬油
T00390,C0338,SKU_002,起司
T00390,C0338,SKU_004,紅酒
T00390,C0338,SKU_023,洋芋片
T00391,C1133,SKU_010,寶特瓶飲料
T00391,C1133,SKU_014,雪碧
T00391,C1133,SKU_015,牛奶
T00392,C0838,SKU_002,起司
T00392,C0838,SKU_005,塑膠袋
T00392,C0838,SKU_007,可樂
T00392,C0838,SKU_008,醬油
T00392,C0838,SKU_013,果醬
T00392,C0838,SKU_022,巧克力
T00393,C0033,SKU_004,紅酒
T00393,C0033,SKU_009,礦泉水
T00393,C0033,SKU_010,寶特瓶飲料
T00393,C0033,SKU_027,洗髮精
T00394,C0479,SKU_008,醬油
T00394,C0479,SKU_010,寶特瓶飲料
T00394,C0479,SKU_029,SKU_NEW_001
T00394,C0479,SKU_030,SKU_NEW_002
T00395,C0264,SKU_007,可樂
T00395,C0264,SKU_009,礦泉水
T00395,C0264,SKU_025,衛生紙
T00396,C0982,SKU_001,尿布
T00396,C0982,SKU_003,啤酒
T00396,C0982,SKU_008,醬油
T00397,C0412,SKU_001,尿布
T00397,C0412,SKU_015,牛奶
T00397,C0412,SKU_019,橘子
T00397,C0412,SKU_023,洋芋片
T00398,C0092,SKU_001,尿布
T00398,C0092,SKU_003,啤酒
T00398,C0092,SKU_005,塑膠袋
T00398,C0092,SKU_012,麵包
T00399,C0079,SKU_001,尿布
T00399,C0079,SKU_003,啤酒
T00399,C0079,SKU_005,塑膠袋
T00399,C0079,SKU_008,醬油
T00399,C0079,SKU_014,雪碧
T00399,C0079,SKU_021,餅乾
T00400,C0877,SKU_001,尿布
T00400,C0877,SKU_005,塑膠袋
T00400,C0877,SKU_011,杯麵
T00400,C0877,SKU_016,豆漿
T00400,C0877,SKU_024,口香糖
T00401,C0033,SKU_002,起司
T00401,C0033,SKU_004,紅酒
T00401,C0033,SKU_010,寶特瓶飲料
T00401,C0033,SKU_012,麵包
T00402,C1266,SKU_007,可樂
T00402,C1266,SKU_019,橘子
T00402,C1266,SKU_021,餅乾
T00402,C1266,SKU_028,茶包
T00403,C0232,SKU_012,麵包
T00404,C0911,SKU_001,尿布
T00404,C0911,SKU_003,啤酒
T00404,C0911,SKU_004,紅酒
T00404,C0911,SKU_006,米
T00404,C0911,SKU_016,豆漿
T00404,C0911,SKU_028,茶包
T00405,C0674,SKU_002,起司
T00405,C0674,SKU_006,米
T00405,C0674,SKU_008,醬油
T00405,C0674,SKU_030,SKU_NEW_002
T00406,C0670,SKU_001,尿布
T00406,C0670,SKU_006,米
T00406,C0670,SKU_007,可樂
T00406,C0670,SKU_008,醬油
T00406,C0670,SKU_010,寶特瓶飲料
T00406,C0670,SKU_013,果醬
T00406,C0670,SKU_027,洗髮精
T00407,C0104,SKU_001,尿布
T00407,C0104,SKU_002,起司
T00407,C0104,SKU_003,啤酒
T00407,C0104,SKU_009,礦泉水
T00407,C0104,SKU_010,寶特瓶飲料
T00408,C1192,SKU_005,塑膠袋
T00408,C1192,SKU_018,香蕉
T00409,C1330,SKU_011,杯麵
T00409,C1330,SKU_020,葡萄
T00410,C0019,SKU_001,尿布
T00410,C0019,SKU_009,礦泉水
T00410,C0019,SKU_015,牛奶
T00411,C0266,SKU_001,尿布
T00411,C0266,SKU_006,米
T00411,C0266,SKU_008,醬油
T00411,C0266,SKU_017,蘋果
T00411,C0266,SKU_022,巧克力
T00412,C1352,SKU_001,尿布
T00412,C1352,SKU_004,紅酒
T00412,C1352,SKU_007,可樂
T00412,C1352,SKU_010,寶特瓶飲料
T00412,C1352,SKU_022,巧克力
T00412,C1352,SKU_023,洋芋片
T00412,C1352,SKU_029,SKU_NEW_001
T00413,C0828,SKU_002,起司
T00413,C0828,SKU_004,紅酒
T00413,C0828,SKU_005,塑膠袋
T00413,C0828,SKU_010,寶特瓶飲料
T00413,C0828,SKU_030,SKU_NEW_002
T00414,C0224,SKU_008,醬油
T00414,C0224,SKU_011,杯麵
T00414,C0224,SKU_020,葡萄
T00414,C0224,SKU_022,巧克力
T00414,C0224,SKU_027,洗髮精
T00414,C0224,SKU_030,SKU_NEW_002
T00415,C0302,SKU_004,紅酒
T00415,C0302,SKU_022,巧克力
T00416,C0990,SKU_001,尿布
T00416,C0990,SKU_002,起司
T00416,C0990,SKU_003,啤酒
T00416,C0990,SKU_006,米
T00416,C0990,SKU_008,醬油
T00416,C0990,SKU_010,寶特瓶飲料
T00416,C0990,SKU_027,洗髮精
T00417,C1092,SKU_006,米
T00417,C1092,SKU_008,醬油
T00417,C1092,SKU_011,杯麵
T00418,C0900,SKU_009,礦泉水
T00418,C0900,SKU_030,SKU_NEW_002
T00419,C1427,SKU_005,塑膠袋
T00419,C1427,SKU_010,寶特瓶飲料
T00420,C0741,SKU_007,可樂
T00420,C0741,SKU_011,杯麵
T00420,C0741,SKU_025,衛生紙
T00420,C0741,SKU_027,洗髮精
T00421,C0454,SKU_001,尿布
T00421,C0454,SKU_003,啤酒
T00421,C0454,SKU_006,米
T00421,C0454,SKU_008,醬油
T00421,C0454,SKU_012,麵包
T00421,C0454,SKU_014,雪碧
T00421,C0454,SKU_016,豆漿
T00422,C0720,SKU_009,礦泉水
T00422,C0720,SKU_010,寶特瓶飲料
T00423,C0541,SKU_003,啤酒
T00423,C0541,SKU_006,米
T00423,C0541,SKU_008,醬油
T00423,C0541,SKU_014,雪碧
T00424,C0332,SKU_008,醬油
T00424,C0332,SKU_017,蘋果
T00424,C0332,SKU_024,口香糖
T00424,C0332,SKU_025,衛生紙
T00424,C0332,SKU_027,洗髮精
T00425,C0063,SKU_004,紅酒
T00425,C0063,SKU_005,塑膠袋
T00425,C0063,SKU_014,雪碧
T00425,C0063,SKU_020,葡萄
T00425,C0063,SKU_025,衛生紙
T00426,C0532,SKU_026,牙膏
T00426,C0532,SKU_030,SKU_NEW_002
T00427,C1073,SKU_002,起司
T00427,C1073,SKU_010,寶特瓶飲料
T00428,C0030,SKU_010,寶特瓶飲料
T00428,C0030,SKU_013,果醬
T00428,C0030,SKU_022,巧克力
T00428,C0030,SKU_025,衛生紙
T00428,C0030,SKU_027,洗髮精
T00428,C0030,SKU_028,茶包
T00429,C0667,SKU_003,啤酒
T00430,C0965,SKU_006,米
T00430,C0965,SKU_014,雪碧
T00431,C0916,SKU_001,尿布
T00431,C0916,SKU_002,起司
T00431,C0916,SKU_003,啤酒
T00431,C0916,SKU_004,紅酒
T00431,C0916,SKU_005,塑膠袋
T00431,C0916,SKU_023,洋芋片
T00431,C0916,SKU_030,SKU_NEW_002
T00432,C1153,SKU_010,寶特瓶飲料
T00433,C1203,SKU_006,米
T00433,C1203,SKU_008,醬油
T00433,C1203,SKU_017,蘋果
T00433,C1203,SKU_027,洗髮精
T00434,C1073,SKU_002,起司
T00434,C1073,SKU_004,紅酒
T00434,C1073,SKU_005,塑膠袋
T00434,C1073,SKU_006,米
T00434,C1073,SKU_007,可樂
T00434,C1073,SKU_008,醬油
T00434,C1073,SKU_011,杯麵
T00435,C0147,SKU_023,洋芋片
T00435,C0147,SKU_029,SKU_NEW_001
T00436,C0718,SKU_007,可樂
T00436,C0718,SKU_021,餅乾
T00436,C0718,SKU_028,茶包
T00437,C0904,SKU_002,起司
T00437,C0904,SKU_007,可樂
T00437,C0904,SKU_013,果醬
T00438,C0369,SKU_006,米
T00439,C0060,SKU_001,尿布
T00439,C0060,SKU_003,啤酒
T00439,C0060,SKU_006,米
T00439,C0060,SKU_008,醬油
T00440,C0331,SKU_001,尿布
T00440,C0331,SKU_003,啤酒
T00440,C0331,SKU_006,米
T00440,C0331,SKU_014,雪碧
T00440,C0331,SKU_020,葡萄
T00440,C0331,SKU_023,洋芋片
T00441,C0688,SKU_007,可樂
T00441,C0688,SKU_008,醬油
T00441,C0688,SKU_022,巧克力
T00441,C0688,SKU_023,洋芋片
T00441,C0688,SKU_026,牙膏
T00441,C0688,SKU_030,SKU_NEW_002
T00442,C0629,SKU_008,醬油
T00443,C0264,SKU_011,杯麵
T00443,C0264,SKU_027,洗髮精
T00443,C0264,SKU_028,茶包
T00444,C1231,SKU_007,可樂
T00444,C1231,SKU_023,洋芋片
T00445,C1390,SKU_014,雪碧
T00446,C0301,SKU_007,可樂
T00446,C0301,SKU_014,雪碧
T00447,C1393,SKU_002,起司
T00447,C1393,SKU_005,塑膠袋
T00447,C1393,SKU_017,蘋果
T00447,C1393,SKU_030,SKU_NEW_002
T00448,C0029,SKU_002,起司
T00448,C0029,SKU_004,紅酒
T00448,C0029,SKU_005,塑膠袋
T00448,C0029,SKU_024,口香糖
T00448,C0029,SKU_029,SKU_NEW_001
T00449,C1389,SKU_010,寶特瓶飲料
T00449,C1389,SKU_015,牛奶
T00449,C1389,SKU_027,洗髮精
T00450,C1425,SKU_007,可樂
T00450,C1425,SKU_010,寶特瓶飲料
T00450,C1425,SKU_012,麵包
T00451,C0020,SKU_007,可樂
T00451,C0020,SKU_010,寶特瓶飲料
T00451,C0020,SKU_020,葡萄
T00452,C1138,SKU_001,尿布
T00452,C1138,SKU_005,塑膠袋
T00452,C1138,SKU_009,礦泉水
T00452,C1138,SKU_027,洗髮精
T00453,C1453,SKU_023,洋芋片
T00454,C1356,SKU_002,起司
T00454,C1356,SKU_004,紅酒
T00454,C1356,SKU_007,可樂
T00454,C1356,SKU_010,寶特瓶飲料
T00454,C1356,SKU_018,香蕉
T00454,C1356,SKU_028,茶包
T00455,C1453,SKU_004,紅酒
T00455,C1453,SKU_024,口香糖
T00455,C1453,SKU_025,衛生紙
T00456,C0828,SKU_001,尿布
T00456,C0828,SKU_002,起司
T00456,C0828,SKU_005,塑膠袋
T00456,C0828,SKU_007,可樂
T00456,C0828,SKU_008,醬油
T00456,C0828,SKU_017,蘋果
T00457,C0113,SKU_005,塑膠袋
T00457,C0113,SKU_017,蘋果
T00457,C0113,SKU_020,葡萄
T00458,C1267,SKU_002,起司
T00458,C1267,SKU_004,紅酒
T00458,C1267,SKU_009,礦泉水
T00458,C1267,SKU_013,果醬
T00458,C1267,SKU_029,SKU_NEW_001
T00459,C0919,SKU_004,紅酒
T00459,C0919,SKU_016,豆漿
T00459,C0919,SKU_024,口香糖
T00460,C0920,SKU_011,杯麵
T00460,C0920,SKU_018,香蕉
T00460,C0920,SKU_019,橘子
T00460,C0920,SKU_021,餅乾
T00461,C0633,SKU_007,可樂
T00461,C0633,SKU_010,寶特瓶飲料
T00461,C0633,SKU_019,橘子
T00462,C0861,SKU_005,塑膠袋
T00462,C0861,SKU_010,寶特瓶飲料
T00463,C0230,SKU_002,起司
T00463,C0230,SKU_004,紅酒
T00463,C0230,SKU_010,寶特瓶飲料
T00463,C0230,SKU_027,洗髮精
T00464,C1109,SKU_001,尿布
T00464,C1109,SKU_003,啤酒
T00464,C1109,SKU_005,塑膠袋
T00464,C1109,SKU_009,礦泉水
T00464,C1109,SKU_012,麵包
T00464,C1109,SKU_021,餅乾
T00464,C1109,SKU_022,巧克力
T00465,C0111,SKU_004,紅酒
T00466,C1097,SKU_006,米
T00466,C1097,SKU_008,醬油
T00466,C1097,SKU_010,寶特瓶飲料
T00466,C1097,SKU_012,麵包
T00467,C1267,SKU_002,起司
T00467,C1267,SKU_004,紅酒
T00467,C1267,SKU_013,果醬
T00467,C1267,SKU_022,巧克力
T00468,C0715,SKU_002,起司
T00468,C0715,SKU_003,啤酒
T00468,C0715,SKU_004,紅酒
T00468,C0715,SKU_009,礦泉水
T00468,C0715,SKU_010,寶特瓶飲料
T00468,C0715,SKU_013,果醬
T00468,C0715,SKU_029,SKU_NEW_001
T00469,C0766,SKU_001,尿布
T00469,C0766,SKU_003,啤酒
T00469,C0766,SKU_007,可樂
T00470,C0471,SKU_009,礦泉水
T00470,C0471,SKU_010,寶特瓶飲料
T00470,C0471,SKU_022,巧克力
T00471,C1451,SKU_001,尿布
T00471,C1451,SKU_003,啤酒
T00471,C1451,SKU_005,塑膠袋
T00471,C1451,SKU_006,米
T00471,C1451,SKU_008,醬油
T00471,C1451,SKU_018,香蕉
T00471,C1451,SKU_030,SKU_NEW_002
T00472,C1100,SKU_006,米
T00472,C1100,SKU_008,醬油
T00472,C1100,SKU_009,礦泉水
T00472,C1100,SKU_012,麵包
T00472,C1100,SKU_018,香蕉
T00472,C1100,SKU_021,餅乾
T00473,C0555,SKU_002,起司
T00473,C0555,SKU_005,塑膠袋
T00473,C0555,SKU_014,雪碧
T00473,C0555,SKU_022,巧克力
T00473,C0555,SKU_026,牙膏
T00473,C0555,SKU_030,SKU_NEW_002
T00474,C0262,SKU_005,塑膠袋
T00474,C0262,SKU_006,米
T00474,C0262,SKU_008,醬油
T00474,C0262,SKU_013,果醬
T00474,C0262,SKU_018,香蕉
T00474,C0262,SKU_030,SKU_NEW_002
T00475,C0324,SKU_015,牛奶
T00475,C0324,SKU_028,茶包
T00475,C0324,SKU_029,SKU_NEW_001
T00476,C0704,SKU_016,豆漿
T00476,C0704,SKU_018,香蕉
T00477,C1411,SKU_004,紅酒
T00477,C1411,SKU_005,塑膠袋
T00477,C1411,SKU_007,可樂
T00477,C1411,SKU_010,寶特瓶飲料
T00477,C1411,SKU_013,果醬
T00477,C1411,SKU_017,蘋果
T00477,C1411,SKU_018,香蕉
T00477,C1411,SKU_030,SKU_NEW_002
T00478,C1101,SKU_002,起司
T00478,C1101,SKU_012,麵包
T00478,C1101,SKU_013,果醬
T00478,C1101,SKU_014,雪碧
T00478,C1101,SKU_015,牛奶
T00479,C0318,SKU_008,醬油
T00479,C0318,SKU_009,礦泉水
T00479,C0318,SKU_013,果醬
T00480,C1280,SKU_002,起司
T00480,C1280,SKU_004,紅酒
T00480,C1280,SKU_009,礦泉水
T00480,C1280,SKU_010,寶特瓶飲料
T00480,C1280,SKU_011,杯麵
T00480,C1280,SKU_015,牛奶
T00481,C0572,SKU_004,紅酒
T00481,C0572,SKU_015,牛奶
T00481,C0572,SKU_016,豆漿
T00481,C0572,SKU_030,SKU_NEW_002
T00482,C1270,SKU_005,塑膠袋
T00482,C1270,SKU_010,寶特瓶飲料
T00482,C1270,SKU_011,杯麵
T00482,C1270,SKU_029,SKU_NEW_001
T00482,C1270,SKU_030,SKU_NEW_002
T00483,C0363,SKU_001,尿布
T00483,C0363,SKU_003,啤酒
T00483,C0363,SKU_006,米
T00483,C0363,SKU_026,牙膏
T00484,C0925,SKU_009,礦泉水
T00484,C0925,SKU_013,果醬
T00484,C0925,SKU_014,雪碧
T00484,C0925,SKU_028,茶包
T00485,C1391,SKU_007,可樂
T00485,C1391,SKU_009,礦泉水
T00485,C1391,SKU_016,豆漿
T00485,C1391,SKU_022,巧克力
T00485,C1391,SKU_027,洗髮精
T00486,C0385,SKU_015,牛奶
T00487,C1046,SKU_020,葡萄
T00487,C1046,SKU_026,牙膏
T00487,C1046,SKU_028,茶包
T00488,C1480,SKU_001,尿布
T00488,C1480,SKU_005,塑膠袋
T00488,C1480,SKU_007,可樂
T00488,C1480,SKU_019,橘子
T00489,C0225,SKU_009,礦泉水
T00489,C0225,SKU_023,洋芋片
T00489,C0225,SKU_025,衛生紙
T00489,C0225,SKU_028,茶包
T00490,C0125,SKU_006,米
T00490,C0125,SKU_008,醬油
T00490,C0125,SKU_022,巧克力
T00490,C0125,SKU_027,洗髮精
T00490,C0125,SKU_029,SKU_NEW_001
T00491,C1011,SKU_006,米
T00491,C1011,SKU_008,醬油
T00491,C1011,SKU_026,牙膏
T00491,C1011,SKU_030,SKU_NEW_002
T00492,C0515,SKU_005,塑膠袋
T00492,C0515,SKU_006,米
T00492,C0515,SKU_008,醬油
T00492,C0515,SKU_018,香蕉
T00492,C0515,SKU_023,洋芋片
T00493,C0102,SKU_008,醬油
T00493,C0102,SKU_017,蘋果
T00493,C0102,SKU_023,洋芋片
T00494,C0718,SKU_008,醬油
T00494,C0718,SKU_029,SKU_NEW_001
T00495,C1125,SKU_001,尿布
T00495,C1125,SKU_005,塑膠袋
T00495,C1125,SKU_009,礦泉水
T00495,C1125,SKU_010,寶特瓶飲料
T00495,C1125,SKU_016,豆漿
T00495,C1125,SKU_022,巧克力
T00495,C1125,SKU_029,SKU_NEW_001
T00496,C0428,SKU_001,尿布
T00496,C0428,SKU_003,啤酒
T00497,C0505,SKU_001,尿布
T00497,C0505,SKU_003,啤酒
T00497,C0505,SKU_006,米
T00497,C0505,SKU_008,醬油
T00497,C0505,SKU_010,寶特瓶飲料
T00497,C0505,SKU_024,口香糖
T00498,C1263,SKU_004,紅酒
T00498,C1263,SKU_017,蘋果
T00498,C1263,SKU_023,洋芋片
T00499,C0779,SKU_005,塑膠袋
T00499,C0779,SKU_008,醬油
T00499,C0779,SKU_009,礦泉水
T00499,C0779,SKU_030,SKU_NEW_002
T00500,C1256,SKU_009,礦泉水
T00500,C1256,SKU_013,果醬
T00501,C0677,SKU_001,尿布
T00501,C0677,SKU_005,塑膠袋
T00501,C0677,SKU_007,可樂
T00501,C0677,SKU_010,寶特瓶飲料
T00501,C0677,SKU_014,雪碧
T00501,C0677,SKU_017,蘋果
T00501,C0677,SKU_025,衛生紙
T00502,C1427,SKU_002,起司
T00502,C1427,SKU_012,麵包
T00502,C1427,SKU_016,豆漿
T00503,C0972,SKU_009,礦泉水
T00503,C0972,SKU_010,寶特瓶飲料
T00503,C0972,SKU_016,豆漿
T00504,C0166,SKU_002,起司
T00504,C0166,SKU_010,寶特瓶飲料
T00504,C0166,SKU_011,杯麵
T00504,C0166,SKU_012,麵包
T00505,C1318,SKU_003,啤酒
T00505,C1318,SKU_007,可樂
T00506,C0736,SKU_002,起司
T00506,C0736,SKU_004,紅酒
T00506,C0736,SKU_005,塑膠袋
T00506,C0736,SKU_006,米
T00506,C0736,SKU_008,醬油
T00506,C0736,SKU_010,寶特瓶飲料
T00506,C0736,SKU_020,葡萄
T00507,C0208,SKU_004,紅酒
T00507,C0208,SKU_007,可樂
T00507,C0208,SKU_016,豆漿
T00507,C0208,SKU_028,茶包
T00508,C0229,SKU_011,杯麵
T00508,C0229,SKU_019,橘子
T00509,C1035,SKU_002,起司
T00509,C1035,SKU_004,紅酒
T00509,C1035,SKU_010,寶特瓶飲料
T00509,C1035,SKU_016,豆漿
T00509,C1035,SKU_023,洋芋片
T00510,C0066,SKU_015,牛奶
T00510,C0066,SKU_023,洋芋片
T00510,C0066,SKU_027,洗髮精
T00510,C0066,SKU_028,茶包
T00511,C0431,SKU_004,紅酒
T00511,C0431,SKU_005,塑膠袋
T00511,C0431,SKU_008,醬油
T00511,C0431,SKU_009,礦泉水
T00512,C0205,SKU_001,尿布
T00512,C0205,SKU_010,寶特瓶飲料
T00512,C0205,SKU_029,SKU_NEW_001
T00513,C0668,SKU_002,起司
T00513,C0668,SKU_004,紅酒
T00513,C0668,SKU_010,寶特瓶飲料
T00513,C0668,SKU_015,牛奶
T00514,C0629,SKU_015,牛奶
T00514,C0629,SKU_018,香蕉
T00514,C0629,SKU_027,洗髮精
T00515,C0783,SKU_001,尿布
T00515,C0783,SKU_003,啤酒
T00515,C0783,SKU_015,牛奶
T00515,C0783,SKU_027,洗髮精
T00516,C0418,SKU_001,尿布
T00516,C0418,SKU_027,洗髮精
T00516,C0418,SKU_030,SKU_NEW_002
T00517,C0045,SKU_002,起司
T00518,C0919,SKU_010,寶特瓶飲料
T00518,C0919,SKU_017,蘋果
T00518,C0919,SKU_020,葡萄
T00519,C0560,SKU_002,起司
T00519,C0560,SKU_004,紅酒
T00519,C0560,SKU_005,塑膠袋
T00519,C0560,SKU_006,米
T00519,C0560,SKU_008,醬油
T00519,C0560,SKU_017,蘋果
T00519,C0560,SKU_023,洋芋片
T00519,C0560,SKU_030,SKU_NEW_002
T00520,C0974,SKU_006,米
T00520,C0974,SKU_010,寶特瓶飲料
T00520,C0974,SKU_020,葡萄
T00520,C0974,SKU_023,洋芋片
T00521,C0156,SKU_002,起司
T00521,C0156,SKU_004,紅酒
T00521,C0156,SKU_009,礦泉水
T00521,C0156,SKU_014,雪碧
T00522,C0023,SKU_010,寶特瓶飲料
T00523,C0371,SKU_009,礦泉水
T00523,C0371,SKU_020,葡萄
T00523,C0371,SKU_025,衛生紙
T00523,C0371,SKU_030,SKU_NEW_002
T00524,C0690,SKU_007,可樂
T00524,C0690,SKU_022,巧克力
T00525,C0598,SKU_005,塑膠袋
T00525,C0598,SKU_007,可樂
T00525,C0598,SKU_022,巧克力
T00525,C0598,SKU_028,茶包
T00526,C1203,SKU_009,礦泉水
T00526,C1203,SKU_016,豆漿
T00526,C1203,SKU_020,葡萄
T00527,C0572,SKU_001,尿布
T00527,C0572,SKU_010,寶特瓶飲料
T00527,C0572,SKU_014,雪碧
T00527,C0572,SKU_019,橘子
T00527,C0572,SKU_028,茶包
T00528,C0795,SKU_002,起司
T00528,C0795,SKU_004,紅酒
T00528,C0795,SKU_027,洗髮精
T00529,C0892,SKU_005,塑膠袋
T00529,C0892,SKU_007,可樂
T00529,C0892,SKU_020,葡萄
T00529,C0892,SKU_030,SKU_NEW_002
T00530,C0034,SKU_001,尿布
T00530,C0034,SKU_003,啤酒
T00530,C0034,SKU_014,雪碧
T00530,C0034,SKU_015,牛奶
T00530,C0034,SKU_018,香蕉
T00531,C0773,SKU_005,塑膠袋
T00531,C0773,SKU_006,米
T00531,C0773,SKU_008,醬油
T00532,C0521,SKU_002,起司
T00532,C0521,SKU_004,紅酒
T00532,C0521,SKU_018,香蕉
T00532,C0521,SKU_028,茶包
T00533,C0639,SKU_014,雪碧
T00533,C0639,SKU_017,蘋果
T00534,C0143,SKU_001,尿布
T00534,C0143,SKU_003,啤酒
T00534,C0143,SKU_007,可樂
T00534,C0143,SKU_012,麵包
T00535,C1162,SKU_004,紅酒
T00535,C1162,SKU_005,塑膠袋
T00535,C1162,SKU_006,米
T00535,C1162,SKU_007,可樂
T00535,C1162,SKU_008,醬油
T00535,C1162,SKU_011,杯麵
T00535,C1162,SKU_016,豆漿
T00536,C1411,SKU_004,紅酒
T00536,C1411,SKU_010,寶特瓶飲料
T00536,C1411,SKU_018,香蕉
T00537,C0034,SKU_017,蘋果
T00537,C0034,SKU_018,香蕉
T00537,C0034,SKU_026,牙膏
T00538,C0901,SKU_005,塑膠袋
T00538,C0901,SKU_007,可樂
T00538,C0901,SKU_009,礦泉水
T00538,C0901,SKU_012,麵包
T00538,C0901,SKU_015,牛奶
T00538,C0901,SKU_026,牙膏
T00538,C0901,SKU_029,SKU_NEW_001
T00539,C1138,SKU_001,尿布
T00539,C1138,SKU_003,啤酒
T00539,C1138,SKU_007,可樂
T00539,C1138,SKU_015,牛奶
T00539,C1138,SKU_021,餅乾
T00539,C1138,SKU_028,茶包
T00540,C0428,SKU_009,礦泉水
T00540,C0428,SKU_019,橘子
T00540,C0428,SKU_020,葡萄
T00540,C0428,SKU_024,口香糖
T00541,C1168,SKU_005,塑膠袋
T00541,C1168,SKU_007,可樂
T00541,C1168,SKU_023,洋芋片
T00542,C0946,SKU_001,尿布
T00542,C0946,SKU_002,起司
T00542,C0946,SKU_003,啤酒
T00542,C0946,SKU_004,紅酒
T00542,C0946,SKU_016,豆漿
T00543,C1393,SKU_002,起司
T00543,C1393,SKU_006,米
T00543,C1393,SKU_007,可樂
T00543,C1393,SKU_016,豆漿
T00544,C1470,SKU_002,起司
T00544,C1470,SKU_004,紅酒
T00544,C1470,SKU_008,醬油
T00545,C0060,SKU_006,米
T00545,C0060,SKU_012,麵包
T00545,C0060,SKU_024,口香糖
T00546,C0674,SKU_013,果醬
T00546,C0674,SKU_018,香蕉
T00547,C0824,SKU_006,米
T00547,C0824,SKU_023,洋芋片
T00548,C0219,SKU_004,紅酒
T00548,C0219,SKU_015,牛奶
T00549,C0509,SKU_008,醬油
T00549,C0509,SKU_020,葡萄
T00550,C1480,SKU_005,塑膠袋
T00550,C1480,SKU_009,礦泉水
T00550,C1480,SKU_023,洋芋片
T00550,C1480,SKU_030,SKU_NEW_002
T00551,C0026,SKU_004,紅酒
T00551,C0026,SKU_006,米
T00551,C0026,SKU_008,醬油
T00551,C0026,SKU_018,香蕉
T00552,C0686,SKU_001,尿布
T00552,C0686,SKU_003,啤酒
T00552,C0686,SKU_007,可樂
T00552,C0686,SKU_009,礦泉水
T00552,C0686,SKU_010,寶特瓶飲料
T00552,C0686,SKU_011,杯麵
T00552,C0686,SKU_024,口香糖
T00553,C1256,SKU_002,起司
T00553,C1256,SKU_004,紅酒
T00553,C1256,SKU_006,米
T00553,C1256,SKU_008,醬油
T00553,C1256,SKU_014,雪碧
T00553,C1256,SKU_021,餅乾
T00554,C0487,SKU_014,雪碧
T00555,C0722,SKU_001,尿布
T00555,C0722,SKU_017,蘋果
T00556,C1467,SKU_014,雪碧
T00556,C1467,SKU_026,牙膏
T00557,C0718,SKU_012,麵包
T00557,C0718,SKU_027,洗髮精
T00558,C0193,SKU_008,醬油
T00558,C0193,SKU_010,寶特瓶飲料
T00558,C0193,SKU_016,豆漿
T00559,C0074,SKU_002,起司
T00559,C0074,SKU_004,紅酒
T00559,C0074,SKU_012,麵包
T00559,C0074,SKU_014,雪碧
T00559,C0074,SKU_020,葡萄
T00559,C0074,SKU_022,巧克力
T00560,C1415,SKU_001,尿布
T00560,C1415,SKU_010,寶特瓶飲料
T00560,C1415,SKU_012,麵包
T00560,C1415,SKU_027,洗髮精
T00560,C1415,SKU_028,茶包
T00561,C0400,SKU_001,尿布
T00561,C0400,SKU_003,啤酒
T00561,C0400,SKU_006,米
T00561,C0400,SKU_010,寶特瓶飲料
T00561,C0400,SKU_028,茶包
T00561,C0400,SKU_029,SKU_NEW_001
T00562,C0756,SKU_004,紅酒
T00562,C0756,SKU_013,果醬
T00563,C0129,SKU_007,可樂
T00563,C0129,SKU_022,巧克力
T00564,C0645,SKU_002,起司
T00564,C0645,SKU_004,紅酒
T00564,C0645,SKU_007,可樂
T00564,C0645,SKU_013,果醬
T00564,C0645,SKU_023,洋芋片
T00565,C1394,SKU_001,尿布
T00565,C1394,SKU_003,啤酒
T00565,C1394,SKU_005,塑膠袋
T00565,C1394,SKU_012,麵包
T00565,C1394,SKU_014,雪碧
T00565,C1394,SKU_015,牛奶
T00566,C0753,SKU_001,尿布
T00566,C0753,SKU_003,啤酒
T00566,C0753,SKU_006,米
T00566,C0753,SKU_016,豆漿
T00566,C0753,SKU_023,洋芋片
T00566,C0753,SKU_024,口香糖
T00567,C1454,SKU_003,啤酒
T00567,C1454,SKU_006,米
T00567,C1454,SKU_007,可樂
T00567,C1454,SKU_008,醬油
T00567,C1454,SKU_021,餅乾
T00567,C1454,SKU_022,巧克力
T00567,C1454,SKU_027,洗髮精
T00567,C1454,SKU_029,SKU_NEW_001
T00568,C0387,SKU_001,尿布
T00568,C0387,SKU_003,啤酒
T00568,C0387,SKU_019,橘子
T00569,C0756,SKU_009,礦泉水
T00569,C0756,SKU_014,雪碧
T00569,C0756,SKU_018,香蕉
T00569,C0756,SKU_019,橘子
T00570,C1280,SKU_002,起司
T00570,C1280,SKU_004,紅酒
T00570,C1280,SKU_007,可樂
T00570,C1280,SKU_008,醬油
T00570,C1280,SKU_013,果醬
T00570,C1280,SKU_030,SKU_NEW_002
T00571,C0679,SKU_006,米
T00571,C0679,SKU_008,醬油
T00571,C0679,SKU_010,寶特瓶飲料
T00571,C0679,SKU_020,葡萄
T00571,C0679,SKU_024,口香糖
T00572,C0418,SKU_001,尿布
T00572,C0418,SKU_002,起司
T00572,C0418,SKU_003,啤酒
T00572,C0418,SKU_008,醬油
T00572,C0418,SKU_012,麵包
T00572,C0418,SKU_025,衛生紙
T00573,C1275,SKU_001,尿布
T00573,C1275,SKU_002,起司
T00573,C1275,SKU_004,紅酒
T00573,C1275,SKU_014,雪碧
T00573,C1275,SKU_025,衛生紙
T00573,C1275,SKU_026,牙膏
T00573,C1275,SKU_029,SKU_NEW_001
T00574,C0587,SKU_013,果醬
T00575,C0795,SKU_008,醬油
T00575,C0795,SKU_023,洋芋片
T00575,C0795,SKU_029,SKU_NEW_001
T00576,C1463,SKU_009,礦泉水
T00576,C1463,SKU_016,豆漿
T00576,C1463,SKU_030,SKU_NEW_002
T00577,C0277,SKU_007,可樂
T00578,C0457,SKU_002,起司
T00578,C0457,SKU_004,紅酒
T00578,C0457,SKU_018,香蕉
T00578,C0457,SKU_022,巧克力
T00578,C0457,SKU_030,SKU_NEW_002
T00579,C0044,SKU_002,起司
T00579,C0044,SKU_004,紅酒
T00579,C0044,SKU_005,塑膠袋
T00579,C0044,SKU_007,可樂
T00579,C0044,SKU_009,礦泉水
T00579,C0044,SKU_018,香蕉
T00579,C0044,SKU_025,衛生紙
T00579,C0044,SKU_028,茶包
T00580,C0592,SKU_005,塑膠袋
T00580,C0592,SKU_021,餅乾
T00580,C0592,SKU_022,巧克力
T00581,C0300,SKU_006,米
T00581,C0300,SKU_022,巧克力
T00581,C0300,SKU_024,口香糖
T00581,C0300,SKU_026,牙膏
T00582,C1022,SKU_004,紅酒
T00582,C1022,SKU_014,雪碧
T00582,C1022,SKU_023,洋芋片
T00583,C0269,SKU_001,尿布
T00583,C0269,SKU_002,起司
T00583,C0269,SKU_005,塑膠袋
T00583,C0269,SKU_013,果醬
T00583,C0269,SKU_014,雪碧
T00583,C0269,SKU_022,巧克力
T00584,C1012,SKU_001,尿布
T00584,C1012,SKU_003,啤酒
T00584,C1012,SKU_007,可樂
T00584,C1012,SKU_010,寶特瓶飲料
T00584,C1012,SKU_024,口香糖
T00584,C1012,SKU_028,茶包
T00585,C0397,SKU_004,紅酒
T00585,C0397,SKU_010,寶特瓶飲料
T00585,C0397,SKU_024,口香糖
T00585,C0397,SKU_030,SKU_NEW_002
T00586,C0535,SKU_005,塑膠袋
T00586,C0535,SKU_012,麵包
T00586,C0535,SKU_018,香蕉
T00586,C0535,SKU_022,巧克力
T00587,C0529,SKU_001,尿布
T00587,C0529,SKU_003,啤酒
T00587,C0529,SKU_010,寶特瓶飲料
T00587,C0529,SKU_019,橘子
T00588,C1083,SKU_004,紅酒
T00588,C1083,SKU_008,醬油
T00588,C1083,SKU_009,礦泉水
T00588,C1083,SKU_011,杯麵
T00588,C1083,SKU_016,豆漿
T00588,C1083,SKU_026,牙膏
T00589,C0707,SKU_002,起司
T00589,C0707,SKU_004,紅酒
T00589,C0707,SKU_007,可樂
T00589,C0707,SKU_009,礦泉水
T00589,C0707,SKU_022,巧克力
T00589,C0707,SKU_024,口香糖
T00589,C0707,SKU_028,茶包
T00590,C0544,SKU_003,啤酒
T00590,C0544,SKU_005,塑膠袋
T00590,C0544,SKU_009,礦泉水
T00590,C0544,SKU_021,餅乾
T00590,C0544,SKU_026,牙膏
T00591,C1272,SKU_001,尿布
T00591,C1272,SKU_003,啤酒
T00591,C1272,SKU_021,餅乾
T00592,C0861,SKU_002,起司
T00592,C0861,SKU_004,紅酒
T00592,C0861,SKU_014,雪碧
T00592,C0861,SKU_021,餅乾
T00593,C0316,SKU_019,橘子
T00593,C0316,SKU_023,洋芋片
T00594,C1346,SKU_005,塑膠袋
T00594,C1346,SKU_029,SKU_NEW_001
T00595,C0519,SKU_007,可樂
T00595,C0519,SKU_026,牙膏
T00595,C0519,SKU_028,茶包
T00596,C0055,SKU_001,尿布
T00596,C0055,SKU_003,啤酒
T00596,C0055,SKU_021,餅乾
T00596,C0055,SKU_024,口香糖
T00597,C0741,SKU_001,尿布
T00597,C0741,SKU_003,啤酒
T00597,C0741,SKU_006,米
T00597,C0741,SKU_008,醬油
T00597,C0741,SKU_014,雪碧
T00598,C0181,SKU_002,起司
T00598,C0181,SKU_004,紅酒
T00598,C0181,SKU_016,豆漿
T00598,C0181,SKU_023,洋芋片
T00599,C0359,SKU_002,起司
T00599,C0359,SKU_004,紅酒
T00599,C0359,SKU_011,杯麵
T00599,C0359,SKU_015,牛奶
T00599,C0359,SKU_023,洋芋片
T00599,C0359,SKU_026,牙膏
T00600,C1117,SKU_007,可樂
T00601,C0193,SKU_001,尿布
T00601,C0193,SKU_015,牛奶
T00602,C1196,SKU_007,可樂
T00602,C1196,SKU_015,牛奶
T00602,C1196,SKU_024,口香糖
T00603,C1402,SKU_003,啤酒
T00603,C1402,SKU_005,塑膠袋
T00603,C1402,SKU_009,礦泉水
T00603,C1402,SKU_029,SKU_NEW_001
T00604,C0911,SKU_007,可樂
T00605,C1071,SKU_003,啤酒
T00605,C1071,SKU_009,礦泉水
T00605,C1071,SKU_019,橘子
T00605,C1071,SKU_023,洋芋片
T00606,C1075,SKU_001,尿布
T00606,C1075,SKU_002,起司
T00606,C1075,SKU_003,啤酒
T00606,C1075,SKU_004,紅酒
T00606,C1075,SKU_005,塑膠袋
T00606,C1075,SKU_007,可樂
T00606,C1075,SKU_018,香蕉
T00606,C1075,SKU_020,葡萄
T00607,C1491,SKU_001,尿布
T00607,C1491,SKU_002,起司
T00607,C1491,SKU_003,啤酒
T00607,C1491,SKU_010,寶特瓶飲料
T00607,C1491,SKU_027,洗髮精
T00607,C1491,SKU_030,SKU_NEW_002
T00608,C0517,SKU_014,雪碧
T00609,C0244,SKU_009,礦泉水
T00609,C0244,SKU_010,寶特瓶飲料
T00609,C0244,SKU_022,巧克力
T00609,C0244,SKU_026,牙膏
T00610,C0779,SKU_024,口香糖
T00610,C0779,SKU_025,衛生紙
T00611,C0800,SKU_006,米
T00611,C0800,SKU_007,可樂
T00611,C0800,SKU_008,醬油
T00611,C0800,SKU_023,洋芋片
T00611,C0800,SKU_024,口香糖
T00611,C0800,SKU_029,SKU_NEW_001
T00612,C0266,SKU_001,尿布
T00612,C0266,SKU_002,起司
T00612,C0266,SKU_003,啤酒
T00612,C0266,SKU_004,紅酒
T00613,C0919,SKU_015,牛奶
T00613,C0919,SKU_025,衛生紙
T00614,C0024,SKU_006,米
T00614,C0024,SKU_008,醬油
T00614,C0024,SKU_018,香蕉
T00614,C0024,SKU_020,葡萄
T00614,C0024,SKU_027,洗髮精
T00615,C1392,SKU_025,衛生紙
T00616,C0398,SKU_007,可樂
T00617,C0056,SKU_001,尿布
T00617,C0056,SKU_003,啤酒
T00617,C0056,SKU_006,米
T00617,C0056,SKU_008,醬油
T00617,C0056,SKU_016,豆漿
T00617,C0056,SKU_026,牙膏
T00618,C0155,SKU_008,醬油
T00618,C0155,SKU_009,礦泉水
T00618,C0155,SKU_025,衛生紙
T00619,C0361,SKU_014,雪碧
T00619,C0361,SKU_015,牛奶
T00619,C0361,SKU_016,豆漿
T00620,C0410,SKU_007,可樂
T00620,C0410,SKU_009,礦泉水
T00620,C0410,SKU_017,蘋果
T00620,C0410,SKU_022,巧克力
T00620,C0410,SKU_026,牙膏
T00620,C0410,SKU_030,SKU_NEW_002
T00621,C0046,SKU_007,可樂
T00621,C0046,SKU_018,香蕉
T00622,C0418,SKU_001,尿布
T00622,C0418,SKU_011,杯麵
T00622,C0418,SKU_026,牙膏
T00622,C0418,SKU_029,SKU_NEW_001
T00623,C0286,SKU_001,尿布
T00623,C0286,SKU_004,紅酒
T00623,C0286,SKU_010,寶特瓶飲料
T00624,C0573,SKU_004,紅酒
T00624,C0573,SKU_009,礦泉水
T00624,C0573,SKU_011,杯麵
T00624,C0573,SKU_014,雪碧
T00625,C0581,SKU_006,米
T00625,C0581,SKU_008,醬油
T00625,C0581,SKU_014,雪碧
T00625,C0581,SKU_015,牛奶
T00625,C0581,SKU_022,巧克力
T00625,C0581,SKU_023,洋芋片
T00626,C0513,SKU_009,礦泉水
T00626,C0513,SKU_014,雪碧
T00627,C0495,SKU_002,起司
T00627,C0495,SKU_006,米
T00627,C0495,SKU_008,醬油
T00627,C0495,SKU_018,香蕉
T00628,C0128,SKU_005,塑膠袋
T00628,C0128,SKU_007,可樂
T00628,C0128,SKU_011,杯麵
T00629,C0037,SKU_001,尿布
T00629,C0037,SKU_003,啤酒
T00629,C0037,SKU_010,寶特瓶飲料
T00629,C0037,SKU_026,牙膏
T00630,C0301,SKU_010,寶特瓶飲料
T00630,C0301,SKU_011,杯麵
T00631,C1129,SKU_004,紅酒
T00631,C1129,SKU_009,礦泉水
T00631,C1129,SKU_020,葡萄
T00631,C1129,SKU_028,茶包
T00631,C1129,SKU_029,SKU_NEW_001
T00632,C1487,SKU_001,尿布
T00632,C1487,SKU_005,塑膠袋
T00632,C1487,SKU_010,寶特瓶飲料
T00632,C1487,SKU_017,蘋果
T00632,C1487,SKU_022,巧克力
T00633,C1392,SKU_005,塑膠袋
T00633,C1392,SKU_017,蘋果
T00633,C1392,SKU_026,牙膏
T00634,C0756,SKU_001,尿布
T00634,C0756,SKU_002,起司
T00634,C0756,SKU_004,紅酒
T00634,C0756,SKU_012,麵包
T00634,C0756,SKU_014,雪碧
T00634,C0756,SKU_015,牛奶
T00634,C0756,SKU_019,橘子
T00635,C0799,SKU_007,可樂
T00635,C0799,SKU_010,寶特瓶飲料
T00635,C0799,SKU_013,果醬
T00635,C0799,SKU_014,雪碧
T00635,C0799,SKU_016,豆漿
T00635,C0799,SKU_017,蘋果
T00635,C0799,SKU_018,香蕉
T00636,C0475,SKU_024,口香糖
T00637,C1149,SKU_007,可樂
T00637,C1149,SKU_016,豆漿
T00637,C1149,SKU_023,洋芋片
T00638,C1141,SKU_006,米
T00638,C1141,SKU_007,可樂
T00638,C1141,SKU_028,茶包
T00638,C1141,SKU_030,SKU_NEW_002
T00639,C1259,SKU_006,米
T00639,C1259,SKU_010,寶特瓶飲料
T00639,C1259,SKU_011,杯麵
T00639,C1259,SKU_014,雪碧
T00639,C1259,SKU_025,衛生紙
T00639,C1259,SKU_030,SKU_NEW_002
T00640,C1335,SKU_009,礦泉水
T00640,C1335,SKU_015,牛奶
T00640,C1335,SKU_022,巧克力
T00640,C1335,SKU_029,SKU_NEW_001
T00641,C0659,SKU_004,紅酒
T00641,C0659,SKU_005,塑膠袋
T00641,C0659,SKU_007,可樂
T00641,C0659,SKU_010,寶特瓶飲料
T00642,C1142,SKU_007,可樂
T00642,C1142,SKU_021,餅乾
T00643,C1196,SKU_003,啤酒
T00643,C1196,SKU_016,豆漿
T00643,C1196,SKU_017,蘋果
T00644,C0466,SKU_009,礦泉水
T00645,C1393,SKU_001,尿布
T00645,C1393,SKU_002,起司
T00645,C1393,SKU_004,紅酒
T00645,C1393,SKU_024,口香糖
T00645,C1393,SKU_026,牙膏
T00646,C0134,SKU_001,尿布
T00646,C0134,SKU_007,可樂
T00646,C0134,SKU_012,麵包
T00646,C0134,SKU_017,蘋果
T00646,C0134,SKU_024,口香糖
T00647,C1493,SKU_006,米
T00647,C1493,SKU_008,醬油
T00647,C1493,SKU_009,礦泉水
T00647,C1493,SKU_016,豆漿
T00648,C1144,SKU_002,起司
T00648,C1144,SKU_014,雪碧
T00649,C0132,SKU_002,起司
T00649,C0132,SKU_004,紅酒
T00649,C0132,SKU_017,蘋果
T00649,C0132,SKU_029,SKU_NEW_001
T00650,C0983,SKU_009,礦泉水
T00650,C0983,SKU_010,寶特瓶飲料
T00650,C0983,SKU_016,豆漿
T00650,C0983,SKU_028,茶包
T00651,C0048,SKU_005,塑膠袋
T00651,C0048,SKU_009,礦泉水
T00651,C0048,SKU_011,杯麵
T00651,C0048,SKU_027,洗髮精
T00651,C0048,SKU_028,茶包
T00651,C0048,SKU_030,SKU_NEW_002
T00652,C1144,SKU_001,尿布
T00652,C1144,SKU_005,塑膠袋
T00652,C1144,SKU_009,礦泉水
T00652,C1144,SKU_020,葡萄
T00653,C1186,SKU_001,尿布
T00653,C1186,SKU_003,啤酒
T00653,C1186,SKU_009,礦泉水
T00653,C1186,SKU_017,蘋果
T00654,C0902,SKU_003,啤酒
T00654,C0902,SKU_007,可樂
T00654,C0902,SKU_009,礦泉水
T00654,C0902,SKU_019,橘子
T00654,C0902,SKU_026,牙膏
T00655,C1277,SKU_005,塑膠袋
T00655,C1277,SKU_013,果醬
T00656,C0140,SKU_002,起司
T00656,C0140,SKU_004,紅酒
T00656,C0140,SKU_017,蘋果
T00657,C0412,SKU_001,尿布
T00657,C0412,SKU_020,葡萄
T00658,C0629,SKU_001,尿布
T00658,C0629,SKU_012,麵包
T00658,C0629,SKU_013,果醬
T00658,C0629,SKU_014,雪碧
T00658,C0629,SKU_020,葡萄
T00658,C0629,SKU_025,衛生紙
T00659,C0060,SKU_005,塑膠袋
T00659,C0060,SKU_008,醬油
T00659,C0060,SKU_009,礦泉水
T00659,C0060,SKU_013,果醬
T00659,C0060,SKU_023,洋芋片
T00660,C0679,SKU_001,尿布
T00660,C0679,SKU_005,塑膠袋
T00660,C0679,SKU_018,香蕉
T00660,C0679,SKU_024,口香糖
T00661,C0398,SKU_001,尿布
T00661,C0398,SKU_002,起司
T00661,C0398,SKU_005,塑膠袋
T00661,C0398,SKU_009,礦泉水
T00661,C0398,SKU_011,杯麵
T00661,C0398,SKU_020,葡萄
T00662,C0593,SKU_010,寶特瓶飲料
T00662,C0593,SKU_016,豆漿
T00662,C0593,SKU_021,餅乾
T00663,C0646,SKU_002,起司
T00663,C0646,SKU_006,米
T00663,C0646,SKU_008,醬油
T00663,C0646,SKU_010,寶特瓶飲料
T00663,C0646,SKU_029,SKU_NEW_001
T00664,C1309,SKU_001,尿布
T00664,C1309,SKU_003,啤酒
T00664,C1309,SKU_008,醬油
T00665,C0407,SKU_007,可樂
T00665,C0407,SKU_018,香蕉
T00665,C0407,SKU_023,洋芋片
T00665,C0407,SKU_026,牙膏
T00665,C0407,SKU_029,SKU_NEW_001
T00666,C1332,SKU_001,尿布
T00666,C1332,SKU_023,洋芋片
T00667,C0647,SKU_010,寶特瓶飲料
T00668,C0495,SKU_001,尿布
T00668,C0495,SKU_007,可樂
T00668,C0495,SKU_011,杯麵
T00668,C0495,SKU_019,橘子
T00669,C0753,SKU_001,尿布
T00669,C0753,SKU_002,起司
T00669,C0753,SKU_003,啤酒
T00669,C0753,SKU_004,紅酒
T00669,C0753,SKU_005,塑膠袋
T00669,C0753,SKU_007,可樂
T00669,C0753,SKU_009,礦泉水
T00669,C0753,SKU_014,雪碧
T00669,C0753,SKU_024,口香糖
T00670,C0634,SKU_001,尿布
T00670,C0634,SKU_007,可樂
T00670,C0634,SKU_012,麵包
T00671,C0385,SKU_006,米
T00671,C0385,SKU_008,醬油
T00671,C0385,SKU_012,麵包
T00671,C0385,SKU_029,SKU_NEW_001
T00672,C0753,SKU_001,尿布
T00672,C0753,SKU_003,啤酒
T00672,C0753,SKU_007,可樂
T00672,C0753,SKU_008,醬油
T00673,C0227,SKU_007,可樂
T00673,C0227,SKU_014,雪碧
T00674,C0531,SKU_004,紅酒
T00674,C0531,SKU_009,礦泉水
T00674,C0531,SKU_029,SKU_NEW_001
T00675,C0853,SKU_001,尿布
T00675,C0853,SKU_003,啤酒
T00675,C0853,SKU_004,紅酒
T00675,C0853,SKU_006,米
T00675,C0853,SKU_008,醬油
T00675,C0853,SKU_009,礦泉水
T00675,C0853,SKU_010,寶特瓶飲料
T00676,C0628,SKU_005,塑膠袋
T00676,C0628,SKU_008,醬油
T00677,C1230,SKU_001,尿布
T00677,C1230,SKU_002,起司
T00677,C1230,SKU_003,啤酒
T00677,C1230,SKU_004,紅酒
T00677,C1230,SKU_012,麵包
T00677,C1230,SKU_020,葡萄
T00677,C1230,SKU_029,SKU_NEW_001
T00678,C0384,SKU_006,米
T00678,C0384,SKU_007,可樂
T00678,C0384,SKU_008,醬油
T00678,C0384,SKU_018,香蕉
T00679,C1452,SKU_005,塑膠袋
T00679,C1452,SKU_023,洋芋片
T00680,C1164,SKU_001,尿布
T00680,C1164,SKU_003,啤酒
T00680,C1164,SKU_006,米
T00680,C1164,SKU_008,醬油
T00681,C1449,SKU_001,尿布
T00681,C1449,SKU_003,啤酒
T00681,C1449,SKU_004,紅酒
T00681,C1449,SKU_006,米
T00681,C1449,SKU_020,葡萄
T00682,C1251,SKU_004,紅酒
T00682,C1251,SKU_010,寶特瓶飲料
T00683,C0209,SKU_005,塑膠袋
T00684,C0788,SKU_005,塑膠袋
T00684,C0788,SKU_009,礦泉水
T00684,C0788,SKU_010,寶特瓶飲料
T00684,C0788,SKU_011,杯麵
T00684,C0788,SKU_022,巧克力
T00684,C0788,SKU_025,衛生紙
T00685,C0256,SKU_002,起司
T00685,C0256,SKU_004,紅酒
T00685,C0256,SKU_010,寶特瓶飲料
T00685,C0256,SKU_014,雪碧
T00685,C0256,SKU_017,蘋果
T00685,C0256,SKU_026,牙膏
T00686,C1216,SKU_006,米
T00686,C1216,SKU_022,巧克力
T00687,C0879,SKU_001,尿布
T00687,C0879,SKU_003,啤酒
T00687,C0879,SKU_012,麵包
T00688,C0397,SKU_023,洋芋片
T00689,C1393,SKU_005,塑膠袋
T00689,C1393,SKU_006,米
T00689,C1393,SKU_008,醬油
T00689,C1393,SKU_023,洋芋片
T00690,C0165,SKU_001,尿布
T00690,C0165,SKU_003,啤酒
T00690,C0165,SKU_024,口香糖
T00690,C0165,SKU_025,衛生紙
T00691,C0851,SKU_001,尿布
T00691,C0851,SKU_003,啤酒
T00691,C0851,SKU_009,礦泉水
T00691,C0851,SKU_010,寶特瓶飲料
T00691,C0851,SKU_011,杯麵
T00691,C0851,SKU_018,香蕉
T00691,C0851,SKU_024,口香糖
T00692,C1088,SKU_010,寶特瓶飲料
T00692,C1088,SKU_025,衛生紙
T00693,C0084,SKU_004,紅酒
T00693,C0084,SKU_009,礦泉水
T00693,C0084,SKU_010,寶特瓶飲料
T00693,C0084,SKU_013,果醬
T00693,C0084,SKU_014,雪碧
T00693,C0084,SKU_025,衛生紙
T00694,C0898,SKU_002,起司
T00694,C0898,SKU_003,啤酒
T00694,C0898,SKU_004,紅酒
T00694,C0898,SKU_016,豆漿
T00695,C1211,SKU_002,起司
T00695,C1211,SKU_004,紅酒
T00695,C1211,SKU_005,塑膠袋
T00695,C1211,SKU_007,可樂
T00695,C1211,SKU_008,醬油
T00695,C1211,SKU_009,礦泉水
T00695,C1211,SKU_024,口香糖
T00696,C0095,SKU_004,紅酒
T00697,C0771,SKU_001,尿布
T00697,C0771,SKU_003,啤酒
T00697,C0771,SKU_009,礦泉水
T00697,C0771,SKU_018,香蕉
T00697,C0771,SKU_029,SKU_NEW_001
T00698,C0386,SKU_009,礦泉水
T00698,C0386,SKU_010,寶特瓶飲料
T00698,C0386,SKU_019,橘子
T00698,C0386,SKU_022,巧克力
T00699,C0994,SKU_005,塑膠袋
T00699,C0994,SKU_010,寶特瓶飲料
T00699,C0994,SKU_014,雪碧
T00699,C0994,SKU_027,洗髮精
T00699,C0994,SKU_028,茶包
T00700,C0171,SKU_004,紅酒
T00700,C0171,SKU_005,塑膠袋
T00700,C0171,SKU_006,米
T00700,C0171,SKU_007,可樂
T00700,C0171,SKU_008,醬油
T00700,C0171,SKU_016,豆漿
T00700,C0171,SKU_022,巧克力
T00700,C0171,SKU_026,牙膏
T00701,C1402,SKU_006,米
T00701,C1402,SKU_008,醬油
T00701,C1402,SKU_009,礦泉水
T00701,C1402,SKU_015,牛奶
T00701,C1402,SKU_029,SKU_NEW_001
T00702,C1333,SKU_007,可樂
T00702,C1333,SKU_013,果醬
T00702,C1333,SKU_014,雪碧
T00703,C0275,SKU_001,尿布
T00703,C0275,SKU_003,啤酒
T00703,C0275,SKU_009,礦泉水
T00703,C0275,SKU_010,寶特瓶飲料
T00703,C0275,SKU_013,果醬
T00704,C0487,SKU_007,可樂
T00704,C0487,SKU_011,杯麵
T00705,C0884,SKU_001,尿布
T00705,C0884,SKU_005,塑膠袋
T00705,C0884,SKU_007,可樂
T00705,C0884,SKU_021,餅乾
T00706,C1084,SKU_011,杯麵
T00706,C1084,SKU_025,衛生紙
T00706,C1084,SKU_028,茶包
T00707,C0670,SKU_005,塑膠袋
T00707,C0670,SKU_010,寶特瓶飲料
T00707,C0670,SKU_017,蘋果
T00707,C0670,SKU_025,衛生紙
T00708,C0232,SKU_002,起司
T00708,C0232,SKU_004,紅酒
T00708,C0232,SKU_009,礦泉水
T00708,C0232,SKU_023,洋芋片
T00709,C0149,SKU_010,寶特瓶飲料
T00709,C0149,SKU_013,果醬
T00709,C0149,SKU_014,雪碧
T00710,C1500,SKU_001,尿布
T00710,C1500,SKU_002,起司
T00710,C1500,SKU_003,啤酒
T00710,C1500,SKU_004,紅酒
T00710,C1500,SKU_008,醬油
T00710,C1500,SKU_009,礦泉水
T00710,C1500,SKU_022,巧克力
T00711,C0688,SKU_007,可樂
T00711,C0688,SKU_010,寶特瓶飲料
T00711,C0688,SKU_015,牛奶
T00711,C0688,SKU_025,衛生紙
T00711,C0688,SKU_026,牙膏
T00711,C0688,SKU_029,SKU_NEW_001
T00712,C1301,SKU_004,紅酒
T00712,C1301,SKU_011,杯麵
T00712,C1301,SKU_024,口香糖
T00713,C0726,SKU_005,塑膠袋
T00713,C0726,SKU_007,可樂
T00713,C0726,SKU_009,礦泉水
T00713,C0726,SKU_023,洋芋片
T00714,C1382,SKU_015,牛奶
T00714,C1382,SKU_029,SKU_NEW_001
T00715,C0124,SKU_005,塑膠袋
T00715,C0124,SKU_010,寶特瓶飲料
T00715,C0124,SKU_021,餅乾
T00716,C0164,SKU_002,起司
T00716,C0164,SKU_004,紅酒
T00716,C0164,SKU_027,洗髮精
T00717,C1393,SKU_002,起司
T00717,C1393,SKU_004,紅酒
T00717,C1393,SKU_008,醬油
T00717,C1393,SKU_010,寶特瓶飲料
T00717,C1393,SKU_017,蘋果
T00717,C1393,SKU_020,葡萄
T00717,C1393,SKU_030,SKU_NEW_002
T00718,C1418,SKU_003,啤酒
T00718,C1418,SKU_007,可樂
T00718,C1418,SKU_010,寶特瓶飲料
T00718,C1418,SKU_016,豆漿
T00719,C0476,SKU_004,紅酒
T00719,C0476,SKU_013,果醬
T00719,C0476,SKU_029,SKU_NEW_001
T00720,C0535,SKU_001,尿布
T00720,C0535,SKU_003,啤酒
T00720,C0535,SKU_004,紅酒
T00720,C0535,SKU_005,塑膠袋
T00720,C0535,SKU_007,可樂
T00720,C0535,SKU_015,牛奶
T00720,C0535,SKU_017,蘋果
T00720,C0535,SKU_022,巧克力
T00721,C0686,SKU_018,香蕉
T00721,C0686,SKU_023,洋芋片
T00722,C0632,SKU_008,醬油
T00722,C0632,SKU_016,豆漿
T00722,C0632,SKU_019,橘子
T00723,C0281,SKU_004,紅酒
T00723,C0281,SKU_007,可樂
T00723,C0281,SKU_013,果醬
T00723,C0281,SKU_023,洋芋片
T00724,C1341,SKU_004,紅酒
T00724,C1341,SKU_010,寶特瓶飲料
T00724,C1341,SKU_016,豆漿
T00725,C0380,SKU_001,尿布
T00725,C0380,SKU_002,起司
T00725,C0380,SKU_003,啤酒
T00725,C0380,SKU_004,紅酒
T00725,C0380,SKU_009,礦泉水
T00725,C0380,SKU_023,洋芋片
T00725,C0380,SKU_024,口香糖
T00725,C0380,SKU_029,SKU_NEW_001
T00726,C1065,SKU_002,起司
T00726,C1065,SKU_004,紅酒
T00726,C1065,SKU_007,可樂
T00726,C1065,SKU_009,礦泉水
T00726,C1065,SKU_014,雪碧
T00727,C0095,SKU_007,可樂
T00727,C0095,SKU_010,寶特瓶飲料
T00727,C0095,SKU_013,果醬
T00727,C0095,SKU_029,SKU_NEW_001
T00728,C0054,SKU_001,尿布
T00728,C0054,SKU_005,塑膠袋
T00728,C0054,SKU_007,可樂
T00728,C0054,SKU_009,礦泉水
T00728,C0054,SKU_019,橘子
T00729,C0979,SKU_017,蘋果
T00729,C0979,SKU_018,香蕉
T00730,C0513,SKU_002,起司
T00730,C0513,SKU_004,紅酒
T00730,C0513,SKU_005,塑膠袋
T00730,C0513,SKU_006,米
T00730,C0513,SKU_008,醬油
T00730,C0513,SKU_023,洋芋片
T00731,C0982,SKU_001,尿布
T00731,C0982,SKU_007,可樂
T00731,C0982,SKU_008,醬油
T00731,C0982,SKU_011,杯麵
T00732,C0133,SKU_009,礦泉水
T00732,C0133,SKU_016,豆漿
T00732,C0133,SKU_021,餅乾
T00732,C0133,SKU_023,洋芋片
T00733,C1421,SKU_002,起司
T00733,C1421,SKU_004,紅酒
T00733,C1421,SKU_005,塑膠袋
T00733,C1421,SKU_007,可樂
T00733,C1421,SKU_013,果醬
T00734,C1118,SKU_005,塑膠袋
T00734,C1118,SKU_006,米
T00734,C1118,SKU_025,衛生紙
T00735,C1306,SKU_004,紅酒
T00735,C1306,SKU_005,塑膠袋
T00735,C1306,SKU_008,醬油
T00735,C1306,SKU_010,寶特瓶飲料
T00736,C0199,SKU_014,雪碧
T00737,C0482,SKU_004,紅酒
T00737,C0482,SKU_010,寶特瓶飲料
T00737,C0482,SKU_026,牙膏
T00738,C0554,SKU_003,啤酒
T00738,C0554,SKU_007,可樂
T00738,C0554,SKU_017,蘋果
T00739,C0805,SKU_001,尿布
T00739,C0805,SKU_003,啤酒
T00739,C0805,SKU_014,雪碧
T00739,C0805,SKU_023,洋芋片
T00739,C0805,SKU_029,SKU_NEW_001
T00739,C0805,SKU_030,SKU_NEW_002
T00740,C0447,SKU_001,尿布
T00740,C0447,SKU_003,啤酒
T00740,C0447,SKU_008,醬油
T00740,C0447,SKU_014,雪碧
T00740,C0447,SKU_030,SKU_NEW_002
T00741,C0086,SKU_001,尿布
T00741,C0086,SKU_003,啤酒
T00741,C0086,SKU_005,塑膠袋
T00741,C0086,SKU_006,米
T00741,C0086,SKU_008,醬油
T00741,C0086,SKU_023,洋芋片
T00742,C0555,SKU_013,果醬
T00742,C0555,SKU_015,牛奶
T00743,C0381,SKU_015,牛奶
T00743,C0381,SKU_025,衛生紙
T00743,C0381,SKU_026,牙膏
T00744,C0583,SKU_002,起司
T00744,C0583,SKU_008,醬油
T00744,C0583,SKU_009,礦泉水
T00744,C0583,SKU_015,牛奶
T00744,C0583,SKU_018,香蕉
T00745,C0295,SKU_004,紅酒
T00745,C0295,SKU_006,米
T00745,C0295,SKU_008,醬油
T00745,C0295,SKU_009,礦泉水
T00745,C0295,SKU_019,橘子
T00745,C0295,SKU_023,洋芋片
T00745,C0295,SKU_030,SKU_NEW_002
T00746,C0393,SKU_020,葡萄
T00747,C0938,SKU_001,尿布
T00747,C0938,SKU_003,啤酒
T00748,C0586,SKU_016,豆漿
T00748,C0586,SKU_022,巧克力
T00748,C0586,SKU_025,衛生紙
T00749,C0522,SKU_007,可樂
T00749,C0522,SKU_009,礦泉水
T00749,C0522,SKU_027,洗髮精
T00750,C0801,SKU_001,尿布
T00750,C0801,SKU_010,寶特瓶飲料
T00750,C0801,SKU_016,豆漿
T00750,C0801,SKU_022,巧克力
T00751,C1147,SKU_002,起司
T00751,C1147,SKU_004,紅酒
T00751,C1147,SKU_027,洗髮精
T00752,C0573,SKU_002,起司
T00752,C0573,SKU_004,紅酒
T00752,C0573,SKU_008,醬油
T00752,C0573,SKU_012,麵包
T00752,C0573,SKU_017,蘋果
T00753,C0884,SKU_012,麵包
T00753,C0884,SKU_013,果醬
T00753,C0884,SKU_022,巧克力
T00754,C1447,SKU_001,尿布
T00754,C1447,SKU_003,啤酒
T00754,C1447,SKU_007,可樂
T00755,C0783,SKU_004,紅酒
T00755,C0783,SKU_008,醬油
T00755,C0783,SKU_022,巧克力
T00756,C1361,SKU_017,蘋果
T00756,C1361,SKU_022,巧克力
T00757,C1177,SKU_004,紅酒
T00757,C1177,SKU_010,寶特瓶飲料
T00757,C1177,SKU_018,香蕉
T00758,C0083,SKU_004,紅酒
T00758,C0083,SKU_005,塑膠袋
T00758,C0083,SKU_007,可樂
T00758,C0083,SKU_014,雪碧
T00758,C0083,SKU_022,巧克力
T00759,C0651,SKU_005,塑膠袋
T00759,C0651,SKU_006,米
T00759,C0651,SKU_007,可樂
T00759,C0651,SKU_008,醬油
T00759,C0651,SKU_009,礦泉水
T00759,C0651,SKU_011,杯麵
T00760,C1057,SKU_005,塑膠袋
T00760,C1057,SKU_006,米
T00760,C1057,SKU_008,醬油
T00760,C1057,SKU_027,洗髮精
T00761,C1478,SKU_001,尿布
T00761,C1478,SKU_003,啤酒
T00761,C1478,SKU_005,塑膠袋
T00762,C0692,SKU_009,礦泉水
T00762,C0692,SKU_023,洋芋片
T00762,C0692,SKU_029,SKU_NEW_001
T00763,C0131,SKU_001,尿布
T00763,C0131,SKU_003,啤酒
T00763,C0131,SKU_005,塑膠袋
T00764,C0848,SKU_017,蘋果
T00764,C0848,SKU_018,香蕉
T00764,C0848,SKU_026,牙膏
T00765,C0185,SKU_004,紅酒
T00765,C0185,SKU_007,可樂
T00765,C0185,SKU_010,寶特瓶飲料
T00765,C0185,SKU_018,香蕉
T00766,C1122,SKU_001,尿布
T00766,C1122,SKU_004,紅酒
T00766,C1122,SKU_007,可樂
T00766,C1122,SKU_009,礦泉水
T00766,C1122,SKU_029,SKU_NEW_001
T00767,C0763,SKU_009,礦泉水
T00767,C0763,SKU_015,牛奶
T00768,C1090,SKU_001,尿布
T00768,C1090,SKU_009,礦泉水
T00768,C1090,SKU_020,葡萄
T00768,C1090,SKU_022,巧克力
T00769,C1296,SKU_020,葡萄
T00770,C0940,SKU_011,杯麵
T00770,C0940,SKU_021,餅乾
T00770,C0940,SKU_022,巧克力
T00771,C0918,SKU_005,塑膠袋
T00772,C1126,SKU_016,豆漿
T00773,C1256,SKU_004,紅酒
T00773,C1256,SKU_014,雪碧
T00773,C1256,SKU_021,餅乾
T00773,C1256,SKU_026,牙膏
T00773,C1256,SKU_028,茶包
T00774,C1295,SKU_024,口香糖
T00774,C1295,SKU_030,SKU_NEW_002
T00775,C0051,SKU_014,雪碧
T00775,C0051,SKU_030,SKU_NEW_002
T00776,C0839,SKU_009,礦泉水
T00776,C0839,SKU_010,寶特瓶飲料
T00776,C0839,SKU_013,果醬
T00777,C0319,SKU_001,尿布
T00777,C0319,SKU_015,牛奶
T00777,C0319,SKU_019,橘子
T00777,C0319,SKU_021,餅乾
T00777,C0319,SKU_022,巧克力
T00777,C0319,SKU_026,牙膏
T00778,C1281,SKU_005,塑膠袋
T00778,C1281,SKU_020,葡萄
T00778,C1281,SKU_023,洋芋片
T00778,C1281,SKU_030,SKU_NEW_002
T00779,C0970,SKU_013,果醬
T00780,C0637,SKU_002,起司
T00780,C0637,SKU_004,紅酒
T00780,C0637,SKU_005,塑膠袋
T00781,C0278,SKU_005,塑膠袋
T00781,C0278,SKU_008,醬油
T00781,C0278,SKU_009,礦泉水
T00782,C0513,SKU_001,尿布
T00782,C0513,SKU_003,啤酒
T00782,C0513,SKU_007,可樂
T00782,C0513,SKU_009,礦泉水
T00782,C0513,SKU_012,麵包
T00782,C0513,SKU_018,香蕉
T00783,C1063,SKU_017,蘋果
T00783,C1063,SKU_025,衛生紙
T00783,C1063,SKU_029,SKU_NEW_001
T00784,C0304,SKU_001,尿布
T00784,C0304,SKU_008,醬油
T00784,C0304,SKU_010,寶特瓶飲料
T00784,C0304,SKU_015,牛奶
T00784,C0304,SKU_027,洗髮精
T00784,C0304,SKU_028,茶包
T00785,C0133,SKU_005,塑膠袋
T00785,C0133,SKU_006,米
T00785,C0133,SKU_016,豆漿
T00786,C1323,SKU_005,塑膠袋
T00786,C1323,SKU_017,蘋果
T00786,C1323,SKU_024,口香糖
T00787,C1140,SKU_005,塑膠袋
T00787,C1140,SKU_012,麵包
T00787,C1140,SKU_021,餅乾
T00788,C0300,SKU_010,寶特瓶飲料
T00788,C0300,SKU_016,豆漿
T00789,C0439,SKU_013,果醬
T00789,C0439,SKU_019,橘子
T00790,C1458,SKU_007,可樂
T00790,C1458,SKU_008,醬油
T00790,C1458,SKU_011,杯麵
T00790,C1458,SKU_019,橘子
T00790,C1458,SKU_027,洗髮精
T00791,C1069,SKU_009,礦泉水
T00792,C0916,SKU_010,寶特瓶飲料
T00792,C0916,SKU_030,SKU_NEW_002
T00793,C0465,SKU_013,果醬
T00793,C0465,SKU_019,橘子
T00794,C0450,SKU_005,塑膠袋
T00794,C0450,SKU_008,醬油
T00794,C0450,SKU_010,寶特瓶飲料
T00794,C0450,SKU_011,杯麵
T00795,C0056,SKU_005,塑膠袋
T00796,C1096,SKU_001,尿布
T00796,C1096,SKU_003,啤酒
T00796,C1096,SKU_004,紅酒
T00796,C1096,SKU_009,礦泉水
T00796,C1096,SKU_019,橘子
T00797,C0061,SKU_001,尿布
T00797,C0061,SKU_011,杯麵
T00797,C0061,SKU_021,餅乾
T00797,C0061,SKU_029,SKU_NEW_001
T00798,C0009,SKU_001,尿布
T00798,C0009,SKU_003,啤酒
T00798,C0009,SKU_021,餅乾
T00799,C1097,SKU_009,礦泉水
T00799,C1097,SKU_010,寶特瓶飲料
T00799,C1097,SKU_013,果醬
T00799,C1097,SKU_016,豆漿
T00799,C1097,SKU_021,餅乾
T00800,C1420,SKU_001,尿布
T00800,C1420,SKU_010,寶特瓶飲料
T00800,C1420,SKU_013,果醬
T00800,C1420,SKU_014,雪碧
T00800,C1420,SKU_016,豆漿
T00800,C1420,SKU_025,衛生紙
T00801,C1129,SKU_002,起司
T00801,C1129,SKU_004,紅酒
T00801,C1129,SKU_020,葡萄
T00802,C0715,SKU_005,塑膠袋
T00802,C0715,SKU_007,可樂
T00802,C0715,SKU_009,礦泉水
T00802,C0715,SKU_023,洋芋片
T00802,C0715,SKU_028,茶包
T00802,C0715,SKU_029,SKU_NEW_001
T00803,C0731,SKU_001,尿布
T00803,C0731,SKU_009,礦泉水
T00803,C0731,SKU_010,寶特瓶飲料
T00803,C0731,SKU_028,茶包
T00804,C0661,SKU_004,紅酒
T00804,C0661,SKU_011,杯麵
T00804,C0661,SKU_020,葡萄
T00804,C0661,SKU_027,洗髮精
T00805,C0489,SKU_005,塑膠袋
T00806,C0783,SKU_001,尿布
T00806,C0783,SKU_003,啤酒
T00806,C0783,SKU_020,葡萄
T00806,C0783,SKU_030,SKU_NEW_002
T00807,C0655,SKU_023,洋芋片
T00807,C0655,SKU_026,牙膏
T00808,C0898,SKU_002,起司
T00808,C0898,SKU_004,紅酒
T00808,C0898,SKU_006,米
T00808,C0898,SKU_008,醬油
T00808,C0898,SKU_009,礦泉水
T00808,C0898,SKU_010,寶特瓶飲料
T00808,C0898,SKU_025,衛生紙
T00808,C0898,SKU_028,茶包
T00809,C1340,SKU_005,塑膠袋
T00809,C1340,SKU_012,麵包
T00810,C1493,SKU_007,可樂
T00810,C1493,SKU_010,寶特瓶飲料
T00810,C1493,SKU_027,洗髮精
T00811,C0113,SKU_001,尿布
T00811,C0113,SKU_005,塑膠袋
T00811,C0113,SKU_029,SKU_NEW_001
T00812,C0581,SKU_018,香蕉
T00812,C0581,SKU_026,牙膏
T00813,C0269,SKU_002,起司
T00813,C0269,SKU_003,啤酒
T00813,C0269,SKU_004,紅酒
T00813,C0269,SKU_005,塑膠袋
T00813,C0269,SKU_010,寶特瓶飲料
T00814,C0531,SKU_001,尿布
T00814,C0531,SKU_003,啤酒
T00814,C0531,SKU_010,寶特瓶飲料
T00815,C0434,SKU_007,可樂
T00815,C0434,SKU_018,香蕉
T00815,C0434,SKU_028,茶包
T00816,C0261,SKU_001,尿布
T00816,C0261,SKU_003,啤酒
T00816,C0261,SKU_004,紅酒
T00816,C0261,SKU_007,可樂
T00816,C0261,SKU_009,礦泉水
T00817,C1139,SKU_002,起司
T00817,C1139,SKU_004,紅酒
T00817,C1139,SKU_009,礦泉水
T00818,C0744,SKU_008,醬油
T00819,C1377,SKU_001,尿布
T00819,C1377,SKU_003,啤酒
T00819,C1377,SKU_007,可樂
T00819,C1377,SKU_009,礦泉水
T00819,C1377,SKU_010,寶特瓶飲料
T00819,C1377,SKU_018,香蕉
T00819,C1377,SKU_024,口香糖
T00820,C0046,SKU_006,米
T00820,C0046,SKU_008,醬油
T00820,C0046,SKU_023,洋芋片
T00821,C0094,SKU_008,醬油
T00821,C0094,SKU_022,巧克力
T00821,C0094,SKU_028,茶包
T00822,C0613,SKU_007,可樂
T00822,C0613,SKU_010,寶特瓶飲料
T00822,C0613,SKU_012,麵包
T00823,C0115,SKU_001,尿布
T00823,C0115,SKU_003,啤酒
T00823,C0115,SKU_005,塑膠袋
T00823,C0115,SKU_017,蘋果
T00824,C0394,SKU_002,起司
T00824,C0394,SKU_004,紅酒
T00824,C0394,SKU_005,塑膠袋
T00824,C0394,SKU_009,礦泉水
T00824,C0394,SKU_010,寶特瓶飲料
T00824,C0394,SKU_020,葡萄
T00825,C1478,SKU_008,醬油
T00825,C1478,SKU_014,雪碧
T00825,C1478,SKU_016,豆漿
T00825,C1478,SKU_019,橘子
T00825,C1478,SKU_028,茶包
T00826,C0310,SKU_006,米
T00826,C0310,SKU_008,醬油
T00827,C0297,SKU_003,啤酒
T00827,C0297,SKU_025,衛生紙
T00827,C0297,SKU_027,洗髮精
T00828,C0863,SKU_002,起司
T00828,C0863,SKU_003,啤酒
T00828,C0863,SKU_006,米
T00828,C0863,SKU_021,餅乾
T00828,C0863,SKU_028,茶包
T00829,C0747,SKU_020,葡萄
T00829,C0747,SKU_025,衛生紙
T00830,C0873,SKU_013,果醬
T00830,C0873,SKU_020,葡萄
T00830,C0873,SKU_028,茶包
T00831,C0571,SKU_002,起司
T00831,C0571,SKU_007,可樂
T00831,C0571,SKU_009,礦泉水
T00831,C0571,SKU_010,寶特瓶飲料
T00831,C0571,SKU_012,麵包
T00831,C0571,SKU_016,豆漿
T00831,C0571,SKU_017,蘋果
T00831,C0571,SKU_020,葡萄
T00832,C1234,SKU_006,米
T00832,C1234,SKU_007,可樂
T00832,C1234,SKU_008,醬油
T00833,C0203,SKU_007,可樂
T00834,C0651,SKU_002,起司
T00834,C0651,SKU_018,香蕉
T00834,C0651,SKU_025,衛生紙
T00835,C1040,SKU_005,塑膠袋
T00835,C1040,SKU_006,米
T00835,C1040,SKU_008,醬油
T00835,C1040,SKU_009,礦泉水
T00835,C1040,SKU_010,寶特瓶飲料
T00835,C1040,SKU_015,牛奶
T00836,C1293,SKU_003,啤酒
T00836,C1293,SKU_006,米
T00836,C1293,SKU_007,可樂
T00836,C1293,SKU_029,SKU_NEW_001
T00837,C0556,SKU_005,塑膠袋
T00837,C0556,SKU_006,米
T00837,C0556,SKU_007,可樂
T00837,C0556,SKU_008,醬油
T00837,C0556,SKU_022,巧克力
T00837,C0556,SKU_025,衛生紙
T00838,C0856,SKU_001,尿布
T00838,C0856,SKU_003,啤酒
T00838,C0856,SKU_005,塑膠袋
T00838,C0856,SKU_009,礦泉水
T00839,C0097,SKU_004,紅酒
T00839,C0097,SKU_010,寶特瓶飲料
T00839,C0097,SKU_014,雪碧
T00839,C0097,SKU_016,豆漿
T00840,C0256,SKU_004,紅酒
T00840,C0256,SKU_006,米
T00840,C0256,SKU_009,礦泉水
T00840,C0256,SKU_017,蘋果
T00840,C0256,SKU_023,洋芋片
T00841,C0097,SKU_002,起司
T00841,C0097,SKU_004,紅酒
T00841,C0097,SKU_007,可樂
T00841,C0097,SKU_012,麵包
T00841,C0097,SKU_021,餅乾
T00841,C0097,SKU_027,洗髮精
T00842,C1095,SKU_001,尿布
T00842,C1095,SKU_003,啤酒
T00842,C1095,SKU_005,塑膠袋
T00842,C1095,SKU_007,可樂
T00842,C1095,SKU_008,醬油
T00842,C1095,SKU_009,礦泉水
T00842,C1095,SKU_010,寶特瓶飲料
T00842,C1095,SKU_020,葡萄
T00843,C0434,SKU_002,起司
T00843,C0434,SKU_004,紅酒
T00843,C0434,SKU_005,塑膠袋
T00843,C0434,SKU_007,可樂
T00843,C0434,SKU_009,礦泉水
T00843,C0434,SKU_010,寶特瓶飲料
T00844,C1091,SKU_001,尿布
T00844,C1091,SKU_003,啤酒
T00844,C1091,SKU_004,紅酒
T00844,C1091,SKU_005,塑膠袋
T00844,C1091,SKU_014,雪碧
T00844,C1091,SKU_020,葡萄
T00844,C1091,SKU_021,餅乾
T00844,C1091,SKU_022,巧克力
T00845,C0094,SKU_002,起司
T00845,C0094,SKU_004,紅酒
T00845,C0094,SKU_006,米
T00845,C0094,SKU_008,醬油
T00845,C0094,SKU_014,雪碧
T00845,C0094,SKU_025,衛生紙
T00846,C1285,SKU_030,SKU_NEW_002
T00847,C1246,SKU_001,尿布
T00847,C1246,SKU_004,紅酒
T00847,C1246,SKU_009,礦泉水
T00848,C0126,SKU_002,起司
T00848,C0126,SKU_004,紅酒
T00848,C0126,SKU_005,塑膠袋
T00848,C0126,SKU_017,蘋果
T00848,C0126,SKU_022,巧克力
T00849,C0036,SKU_001,尿布
T00849,C0036,SKU_005,塑膠袋
T00849,C0036,SKU_008,醬油
T00849,C0036,SKU_009,礦泉水
T00849,C0036,SKU_010,寶特瓶飲料
T00849,C0036,SKU_011,杯麵
T00849,C0036,SKU_012,麵包
T00850,C0081,SKU_004,紅酒
T00850,C0081,SKU_008,醬油
T00850,C0081,SKU_022,巧克力
T00850,C0081,SKU_023,洋芋片
T00851,C1273,SKU_005,塑膠袋
T00851,C1273,SKU_007,可樂
T00851,C1273,SKU_010,寶特瓶飲料
T00851,C1273,SKU_015,牛奶
T00851,C1273,SKU_027,洗髮精
T00852,C0351,SKU_001,尿布
T00852,C0351,SKU_003,啤酒
T00852,C0351,SKU_009,礦泉水
T00852,C0351,SKU_011,杯麵
T00852,C0351,SKU_012,麵包
T00852,C0351,SKU_013,果醬
T00853,C0825,SKU_009,礦泉水
T00853,C0825,SKU_013,果醬
T00853,C0825,SKU_015,牛奶
T00853,C0825,SKU_019,橘子
T00853,C0825,SKU_026,牙膏
T00854,C0649,SKU_007,可樂
T00854,C0649,SKU_012,麵包
T00855,C1181,SKU_004,紅酒
T00855,C1181,SKU_005,塑膠袋
T00855,C1181,SKU_010,寶特瓶飲料
T00855,C1181,SKU_013,果醬
T00855,C1181,SKU_022,巧克力
T00856,C0736,SKU_001,尿布
T00856,C0736,SKU_005,塑膠袋
T00856,C0736,SKU_010,寶特瓶飲料
T00856,C0736,SKU_015,牛奶
T00857,C0750,SKU_001,尿布
T00857,C0750,SKU_002,起司
T00857,C0750,SKU_004,紅酒
T00857,C0750,SKU_008,醬油
T00857,C0750,SKU_012,麵包
T00857,C0750,SKU_016,豆漿
T00857,C0750,SKU_019,橘子
T00857,C0750,SKU_027,洗髮精
T00858,C1483,SKU_005,塑膠袋
T00858,C1483,SKU_006,米
T00858,C1483,SKU_014,雪碧
T00858,C1483,SKU_015,牛奶
T00858,C1483,SKU_030,SKU_NEW_002
T00859,C0224,SKU_002,起司
T00859,C0224,SKU_004,紅酒
T00859,C0224,SKU_007,可樂
T00859,C0224,SKU_010,寶特瓶飲料
T00859,C0224,SKU_020,葡萄
T00860,C1238,SKU_007,可樂
T00860,C1238,SKU_014,雪碧
T00860,C1238,SKU_018,香蕉
T00860,C1238,SKU_020,葡萄
T00860,C1238,SKU_022,巧克力
T00860,C1238,SKU_028,茶包
T00861,C0074,SKU_002,起司
T00861,C0074,SKU_004,紅酒
T00861,C0074,SKU_005,塑膠袋
T00861,C0074,SKU_016,豆漿
T00861,C0074,SKU_017,蘋果
T00862,C0720,SKU_008,醬油
T00862,C0720,SKU_009,礦泉水
T00862,C0720,SKU_011,杯麵
T00862,C0720,SKU_019,橘子
T00862,C0720,SKU_022,巧克力
T00862,C0720,SKU_025,衛生紙
T00862,C0720,SKU_027,洗髮精
T00863,C1320,SKU_006,米
T00863,C1320,SKU_008,醬油
T00863,C1320,SKU_010,寶特瓶飲料
T00863,C1320,SKU_024,口香糖
T00864,C0997,SKU_005,塑膠袋
T00864,C0997,SKU_008,醬油
T00864,C0997,SKU_009,礦泉水
T00864,C0997,SKU_010,寶特瓶飲料
T00864,C0997,SKU_014,雪碧
T00865,C1029,SKU_002,起司
T00865,C1029,SKU_005,塑膠袋
T00865,C1029,SKU_010,寶特瓶飲料
T00865,C1029,SKU_018,香蕉
T00865,C1029,SKU_030,SKU_NEW_002
T00866,C0395,SKU_002,起司
T00866,C0395,SKU_004,紅酒
T00866,C0395,SKU_026,牙膏
T00866,C0395,SKU_028,茶包
T00867,C0635,SKU_004,紅酒
T00868,C0552,SKU_005,塑膠袋
T00868,C0552,SKU_019,橘子
T00868,C0552,SKU_020,葡萄
T00869,C0782,SKU_002,起司
T00869,C0782,SKU_007,可樂
T00869,C0782,SKU_012,麵包
T00870,C0701,SKU_009,礦泉水
T00870,C0701,SKU_010,寶特瓶飲料
T00871,C0494,SKU_005,塑膠袋
T00871,C0494,SKU_007,可樂
T00871,C0494,SKU_009,礦泉水
T00871,C0494,SKU_014,雪碧
T00871,C0494,SKU_022,巧克力
T00872,C0462,SKU_013,果醬
T00872,C0462,SKU_018,香蕉
T00872,C0462,SKU_020,葡萄
T00873,C0377,SKU_001,尿布
T00873,C0377,SKU_005,塑膠袋
T00873,C0377,SKU_006,米
T00873,C0377,SKU_008,醬油
T00873,C0377,SKU_015,牛奶
T00874,C0550,SKU_007,可樂
T00874,C0550,SKU_009,礦泉水
T00874,C0550,SKU_010,寶特瓶飲料
T00874,C0550,SKU_028,茶包
T00875,C0224,SKU_007,可樂
T00875,C0224,SKU_009,礦泉水
T00875,C0224,SKU_010,寶特瓶飲料
T00875,C0224,SKU_015,牛奶
T00875,C0224,SKU_025,衛生紙
T00875,C0224,SKU_029,SKU_NEW_001
T00876,C1300,SKU_001,尿布
T00876,C1300,SKU_003,啤酒
T00876,C1300,SKU_006,米
T00876,C1300,SKU_007,可樂
T00876,C1300,SKU_009,礦泉水
T00876,C1300,SKU_012,麵包
T00876,C1300,SKU_028,茶包
T00877,C0902,SKU_006,米
T00877,C0902,SKU_008,醬油
T00877,C0902,SKU_022,巧克力
T00877,C0902,SKU_030,SKU_NEW_002
T00878,C0195,SKU_001,尿布
T00878,C0195,SKU_002,起司
T00878,C0195,SKU_003,啤酒
T00878,C0195,SKU_004,紅酒
T00878,C0195,SKU_009,礦泉水
T00879,C1047,SKU_008,醬油
T00879,C1047,SKU_011,杯麵
T00879,C1047,SKU_012,麵包
T00880,C1265,SKU_009,礦泉水
T00881,C0357,SKU_007,可樂
T00881,C0357,SKU_016,豆漿
T00882,C0225,SKU_009,礦泉水
T00882,C0225,SKU_016,豆漿
T00883,C0016,SKU_011,杯麵
T00884,C0066,SKU_001,尿布
T00884,C0066,SKU_012,麵包
T00884,C0066,SKU_014,雪碧
T00884,C0066,SKU_016,豆漿
T00885,C1137,SKU_001,尿布
T00885,C1137,SKU_002,起司
T00885,C1137,SKU_004,紅酒
T00885,C1137,SKU_024,口香糖
T00886,C1480,SKU_001,尿布
T00886,C1480,SKU_009,礦泉水
T00886,C1480,SKU_012,麵包
T00886,C1480,SKU_016,豆漿
T00887,C0063,SKU_012,麵包
T00887,C0063,SKU_013,果醬
T00887,C0063,SKU_020,葡萄
T00888,C1117,SKU_001,尿布
T00888,C1117,SKU_005,塑膠袋
T00888,C1117,SKU_006,米
T00888,C1117,SKU_007,可樂
T00888,C1117,SKU_008,醬油
T00888,C1117,SKU_010,寶特瓶飲料
T00888,C1117,SKU_029,SKU_NEW_001
T00889,C0104,SKU_001,尿布
T00889,C0104,SKU_005,塑膠袋
T00889,C0104,SKU_006,米
T00889,C0104,SKU_008,醬油
T00889,C0104,SKU_011,杯麵
T00889,C0104,SKU_020,葡萄
T00889,C0104,SKU_022,巧克力
T00890,C0890,SKU_009,礦泉水
T00890,C0890,SKU_015,牛奶
T00890,C0890,SKU_023,洋芋片
T00891,C1128,SKU_007,可樂
T00891,C1128,SKU_010,寶特瓶飲料
T00891,C1128,SKU_012,麵包
T00891,C1128,SKU_014,雪碧
T00892,C0540,SKU_025,衛生紙
T00892,C0540,SKU_030,SKU_NEW_002
T00893,C0019,SKU_005,塑膠袋
T00893,C0019,SKU_007,可樂
T00893,C0019,SKU_008,醬油
T00893,C0019,SKU_009,礦泉水
T00893,C0019,SKU_010,寶特瓶飲料
T00893,C0019,SKU_018,香蕉
T00893,C0019,SKU_029,SKU_NEW_001
T00894,C0895,SKU_015,牛奶
T00895,C1489,SKU_005,塑膠袋
T00895,C1489,SKU_010,寶特瓶飲料
T00895,C1489,SKU_026,牙膏
T00896,C0385,SKU_001,尿布
T00896,C0385,SKU_003,啤酒
T00896,C0385,SKU_008,醬油
T00896,C0385,SKU_012,麵包
T00896,C0385,SKU_019,橘子
T00896,C0385,SKU_026,牙膏
T00897,C0280,SKU_004,紅酒
T00897,C0280,SKU_008,醬油
T00898,C0181,SKU_005,塑膠袋
T00898,C0181,SKU_007,可樂
T00899,C0838,SKU_003,啤酒
T00899,C0838,SKU_009,礦泉水
T00899,C0838,SKU_017,蘋果
T00899,C0838,SKU_029,SKU_NEW_001
T00900,C0896,SKU_003,啤酒
T00900,C0896,SKU_004,紅酒
T00900,C0896,SKU_008,醬油
T00900,C0896,SKU_015,牛奶
T00900,C0896,SKU_022,巧克力
T00900,C0896,SKU_023,洋芋片
T00900,C0896,SKU_030,SKU_NEW_002
T00901,C1174,SKU_001,尿布
T00901,C1174,SKU_005,塑膠袋
T00901,C1174,SKU_010,寶特瓶飲料
T00901,C1174,SKU_022,巧克力
T00902,C1123,SKU_009,礦泉水
T00902,C1123,SKU_021,餅乾
T00902,C1123,SKU_023,洋芋片
T00903,C1329,SKU_001,尿布
T00903,C1329,SKU_002,起司
T00903,C1329,SKU_003,啤酒
T00903,C1329,SKU_004,紅酒
T00903,C1329,SKU_009,礦泉水
T00903,C1329,SKU_018,香蕉
T00903,C1329,SKU_024,口香糖
T00904,C1194,SKU_008,醬油
T00904,C1194,SKU_016,豆漿
T00904,C1194,SKU_019,橘子
T00904,C1194,SKU_020,葡萄
T00905,C0370,SKU_002,起司
T00905,C0370,SKU_008,醬油
T00905,C0370,SKU_009,礦泉水
T00905,C0370,SKU_015,牛奶
T00905,C0370,SKU_023,洋芋片
T00906,C0838,SKU_002,起司
T00906,C0838,SKU_004,紅酒
T00906,C0838,SKU_005,塑膠袋
T00906,C0838,SKU_014,雪碧
T00906,C0838,SKU_027,洗髮精
T00906,C0838,SKU_028,茶包
T00907,C0448,SKU_003,啤酒
T00907,C0448,SKU_006,米
T00907,C0448,SKU_008,醬油
T00907,C0448,SKU_010,寶特瓶飲料
T00908,C0498,SKU_005,塑膠袋
T00908,C0498,SKU_014,雪碧
T00908,C0498,SKU_015,牛奶
T00908,C0498,SKU_018,香蕉
T00908,C0498,SKU_029,SKU_NEW_001
T00909,C1396,SKU_014,雪碧
T00909,C1396,SKU_021,餅乾
T00910,C1024,SKU_009,礦泉水
T00910,C1024,SKU_016,豆漿
T00910,C1024,SKU_028,茶包
T00911,C1459,SKU_004,紅酒
T00911,C1459,SKU_009,礦泉水
T00911,C1459,SKU_010,寶特瓶飲料
T00911,C1459,SKU_015,牛奶
T00911,C1459,SKU_025,衛生紙
T00912,C0633,SKU_004,紅酒
T00912,C0633,SKU_007,可樂
T00912,C0633,SKU_010,寶特瓶飲料
T00912,C0633,SKU_011,杯麵
T00912,C0633,SKU_020,葡萄
T00912,C0633,SKU_022,巧克力
T00913,C0805,SKU_008,醬油
T00913,C0805,SKU_009,礦泉水
T00913,C0805,SKU_010,寶特瓶飲料
T00914,C0732,SKU_002,起司
T00914,C0732,SKU_006,米
T00914,C0732,SKU_007,可樂
T00914,C0732,SKU_008,醬油
T00914,C0732,SKU_017,蘋果
T00914,C0732,SKU_030,SKU_NEW_002
T00915,C0154,SKU_005,塑膠袋
T00915,C0154,SKU_027,洗髮精
T00916,C0355,SKU_001,尿布
T00916,C0355,SKU_002,起司
T00916,C0355,SKU_004,紅酒
T00916,C0355,SKU_005,塑膠袋
T00916,C0355,SKU_010,寶特瓶飲料
T00916,C0355,SKU_022,巧克力
T00916,C0355,SKU_023,洋芋片
T00916,C0355,SKU_025,衛生紙
T00916,C0355,SKU_029,SKU_NEW_001
T00917,C0791,SKU_007,可樂
T00917,C0791,SKU_016,豆漿
T00917,C0791,SKU_022,巧克力
T00918,C0095,SKU_002,起司
T00918,C0095,SKU_004,紅酒
T00918,C0095,SKU_007,可樂
T00918,C0095,SKU_018,香蕉
T00918,C0095,SKU_020,葡萄
T00918,C0095,SKU_025,衛生紙
T00919,C1395,SKU_009,礦泉水
T00919,C1395,SKU_016,豆漿
T00920,C0181,SKU_013,果醬
T00920,C0181,SKU_014,雪碧
T00920,C0181,SKU_015,牛奶
T00920,C0181,SKU_026,牙膏
T00921,C0297,SKU_001,尿布
T00921,C0297,SKU_003,啤酒
T00921,C0297,SKU_026,牙膏
T00922,C1141,SKU_007,可樂
T00922,C1141,SKU_008,醬油
T00922,C1141,SKU_009,礦泉水
T00922,C1141,SKU_011,杯麵
T00922,C1141,SKU_026,牙膏
T00922,C1141,SKU_029,SKU_NEW_001
T00923,C0140,SKU_005,塑膠袋
T00924,C1346,SKU_006,米
T00924,C1346,SKU_007,可樂
T00924,C1346,SKU_008,醬油
T00924,C1346,SKU_016,豆漿
T00924,C1346,SKU_023,洋芋片
T00925,C1093,SKU_001,尿布
T00925,C1093,SKU_004,紅酒
T00925,C1093,SKU_009,礦泉水
T00925,C1093,SKU_016,豆漿
T00925,C1093,SKU_018,香蕉
T00925,C1093,SKU_027,洗髮精
T00926,C0097,SKU_003,啤酒
T00926,C0097,SKU_006,米
T00926,C0097,SKU_008,醬油
T00926,C0097,SKU_011,杯麵
T00927,C1043,SKU_013,果醬
T00927,C1043,SKU_020,葡萄
T00927,C1043,SKU_022,巧克力
T00928,C0945,SKU_001,尿布
T00928,C0945,SKU_003,啤酒
T00928,C0945,SKU_007,可樂
T00928,C0945,SKU_008,醬油
T00928,C0945,SKU_018,香蕉
T00928,C0945,SKU_024,口香糖
T00929,C1130,SKU_005,塑膠袋
T00929,C1130,SKU_007,可樂
T00929,C1130,SKU_009,礦泉水
T00929,C1130,SKU_014,雪碧
T00929,C1130,SKU_017,蘋果
T00930,C1236,SKU_003,啤酒
T00930,C1236,SKU_005,塑膠袋
T00930,C1236,SKU_006,米
T00930,C1236,SKU_008,醬油
T00930,C1236,SKU_009,礦泉水
T00930,C1236,SKU_010,寶特瓶飲料
T00930,C1236,SKU_017,蘋果
T00931,C1084,SKU_001,尿布
T00931,C1084,SKU_003,啤酒
T00931,C1084,SKU_008,醬油
T00931,C1084,SKU_025,衛生紙
T00931,C1084,SKU_030,SKU_NEW_002
T00932,C0882,SKU_007,可樂
T00932,C0882,SKU_014,雪碧
T00933,C0486,SKU_016,豆漿
T00934,C1055,SKU_009,礦泉水
T00934,C1055,SKU_015,牛奶
T00935,C1433,SKU_001,尿布
T00935,C1433,SKU_002,起司
T00935,C1433,SKU_003,啤酒
T00935,C1433,SKU_004,紅酒
T00935,C1433,SKU_027,洗髮精
T00936,C0884,SKU_001,尿布
T00936,C0884,SKU_003,啤酒
T00936,C0884,SKU_005,塑膠袋
T00936,C0884,SKU_006,米
T00936,C0884,SKU_008,醬油
T00936,C0884,SKU_016,豆漿
T00936,C0884,SKU_017,蘋果
T00936,C0884,SKU_018,香蕉
T00936,C0884,SKU_025,衛生紙
T00937,C0996,SKU_002,起司
T00937,C0996,SKU_010,寶特瓶飲料
T00937,C0996,SKU_014,雪碧
T00937,C0996,SKU_020,葡萄
T00937,C0996,SKU_025,衛生紙
T00938,C0662,SKU_001,尿布
T00938,C0662,SKU_003,啤酒
T00939,C1128,SKU_005,塑膠袋
T00939,C1128,SKU_006,米
T00939,C1128,SKU_010,寶特瓶飲料
T00940,C1496,SKU_007,可樂
T00940,C1496,SKU_018,香蕉
T00940,C1496,SKU_026,牙膏
T00941,C0240,SKU_003,啤酒
T00941,C0240,SKU_005,塑膠袋
T00941,C0240,SKU_007,可樂
T00941,C0240,SKU_009,礦泉水
T00941,C0240,SKU_012,麵包
T00942,C0302,SKU_010,寶特瓶飲料
T00942,C0302,SKU_023,洋芋片
T00943,C0810,SKU_008,醬油
T00943,C0810,SKU_024,口香糖
T00944,C0725,SKU_008,醬油
T00944,C0725,SKU_010,寶特瓶飲料
T00944,C0725,SKU_011,杯麵
T00945,C0861,SKU_004,紅酒
T00945,C0861,SKU_005,塑膠袋
T00945,C0861,SKU_008,醬油
T00945,C0861,SKU_009,礦泉水
T00945,C0861,SKU_022,巧克力
T00946,C0069,SKU_003,啤酒
T00946,C0069,SKU_006,米
T00946,C0069,SKU_008,醬油
T00946,C0069,SKU_027,洗髮精
T00946,C0069,SKU_030,SKU_NEW_002
T00947,C0614,SKU_023,洋芋片
T00948,C0878,SKU_004,紅酒
T00948,C0878,SKU_005,塑膠袋
T00948,C0878,SKU_009,礦泉水
T00948,C0878,SKU_019,橘子
T00949,C0881,SKU_022,巧克力
T00949,C0881,SKU_023,洋芋片
T00949,C0881,SKU_027,洗髮精
T00949,C0881,SKU_030,SKU_NEW_002
T00950,C0984,SKU_002,起司
T00950,C0984,SKU_008,醬油
T00951,C1087,SKU_004,紅酒
T00951,C1087,SKU_006,米
T00951,C1087,SKU_007,可樂
T00951,C1087,SKU_008,醬油
T00951,C1087,SKU_010,寶特瓶飲料
T00951,C1087,SKU_021,餅乾
T00951,C1087,SKU_023,洋芋片
T00951,C1087,SKU_027,洗髮精
T00951,C1087,SKU_030,SKU_NEW_002
T00952,C0957,SKU_009,礦泉水
T00952,C0957,SKU_025,衛生紙
T00953,C1172,SKU_006,米
T00953,C1172,SKU_008,醬油
T00953,C1172,SKU_015,牛奶
T00953,C1172,SKU_025,衛生紙
T00954,C0935,SKU_002,起司
T00954,C0935,SKU_004,紅酒
T00954,C0935,SKU_005,塑膠袋
T00954,C0935,SKU_006,米
T00954,C0935,SKU_007,可樂
T00954,C0935,SKU_008,醬油
T00954,C0935,SKU_011,杯麵
T00954,C0935,SKU_013,果醬
T00954,C0935,SKU_024,口香糖
T00955,C0806,SKU_001,尿布
T00955,C0806,SKU_003,啤酒
T00955,C0806,SKU_007,可樂
T00955,C0806,SKU_011,杯麵
T00955,C0806,SKU_030,SKU_NEW_002
T00956,C0910,SKU_004,紅酒
T00956,C0910,SKU_008,醬油
T00956,C0910,SKU_012,麵包
T00956,C0910,SKU_021,餅乾
T00956,C0910,SKU_028,茶包
T00957,C0144,SKU_014,雪碧
T00957,C0144,SKU_017,蘋果
T00957,C0144,SKU_018,香蕉
T00957,C0144,SKU_021,餅乾
T00957,C0144,SKU_026,牙膏
T00957,C0144,SKU_028,茶包
T00958,C0409,SKU_010,寶特瓶飲料
T00958,C0409,SKU_024,口香糖
T00958,C0409,SKU_025,衛生紙
T00959,C0790,SKU_005,塑膠袋
T00959,C0790,SKU_025,衛生紙
T00960,C1302,SKU_009,礦泉水
T00961,C1020,SKU_004,紅酒
T00961,C1020,SKU_009,礦泉水
T00961,C1020,SKU_013,果醬
T00961,C1020,SKU_024,口香糖
T00962,C0129,SKU_001,尿布
T00962,C0129,SKU_002,起司
T00962,C0129,SKU_003,啤酒
T00962,C0129,SKU_004,紅酒
T00962,C0129,SKU_006,米
T00962,C0129,SKU_007,可樂
T00962,C0129,SKU_010,寶特瓶飲料
T00963,C0891,SKU_009,礦泉水
T00963,C0891,SKU_011,杯麵
T00963,C0891,SKU_014,雪碧
T00964,C0328,SKU_001,尿布
T00964,C0328,SKU_006,米
T00964,C0328,SKU_017,蘋果
T00964,C0328,SKU_018,香蕉
T00964,C0328,SKU_022,巧克力
T00964,C0328,SKU_029,SKU_NEW_001
T00965,C1101,SKU_005,塑膠袋
T00965,C1101,SKU_024,口香糖
T00966,C1235,SKU_009,礦泉水
T00966,C1235,SKU_014,雪碧
T00967,C0892,SKU_001,尿布
T00967,C0892,SKU_004,紅酒
T00967,C0892,SKU_005,塑膠袋
T00967,C0892,SKU_006,米
T00967,C0892,SKU_008,醬油
T00967,C0892,SKU_028,茶包
T00968,C0890,SKU_001,尿布
T00968,C0890,SKU_003,啤酒
T00968,C0890,SKU_004,紅酒
T00968,C0890,SKU_011,杯麵
T00968,C0890,SKU_028,茶包
T00969,C0513,SKU_010,寶特瓶飲料
T00969,C0513,SKU_018,香蕉
T00969,C0513,SKU_023,洋芋片
T00970,C0677,SKU_004,紅酒
T00970,C0677,SKU_009,礦泉水
T00970,C0677,SKU_023,洋芋片
T00970,C0677,SKU_027,洗髮精
T00971,C1290,SKU_005,塑膠袋
T00971,C1290,SKU_006,米
T00971,C1290,SKU_008,醬油
T00971,C1290,SKU_014,雪碧
T00971,C1290,SKU_025,衛生紙
T00971,C1290,SKU_030,SKU_NEW_002
T00972,C1090,SKU_002,起司
T00972,C1090,SKU_010,寶特瓶飲料
T00972,C1090,SKU_025,衛生紙
T00973,C0779,SKU_009,礦泉水
T00973,C0779,SKU_029,SKU_NEW_001
T00974,C0554,SKU_010,寶特瓶飲料
T00974,C0554,SKU_018,香蕉
T00974,C0554,SKU_028,茶包
T00974,C0554,SKU_030,SKU_NEW_002
T00975,C0072,SKU_006,米
T00975,C0072,SKU_007,可樂
T00975,C0072,SKU_008,醬油
T00975,C0072,SKU_013,果醬
T00975,C0072,SKU_028,茶包
T00976,C0209,SKU_004,紅酒
T00976,C0209,SKU_008,醬油
T00976,C0209,SKU_010,寶特瓶飲料
T00976,C0209,SKU_015,牛奶
T00976,C0209,SKU_023,洋芋片
T00977,C0286,SKU_001,尿布
T00977,C0286,SKU_003,啤酒
T00977,C0286,SKU_005,塑膠袋
T00977,C0286,SKU_006,米
T00977,C0286,SKU_008,醬油
T00977,C0286,SKU_009,礦泉水
T00978,C0560,SKU_001,尿布
T00978,C0560,SKU_003,啤酒
T00978,C0560,SKU_005,塑膠袋
T00978,C0560,SKU_016,豆漿
T00979,C1412,SKU_009,礦泉水
T00979,C1412,SKU_012,麵包
T00980,C0757,SKU_001,尿布
T00980,C0757,SKU_003,啤酒
T00980,C0757,SKU_005,塑膠袋
T00980,C0757,SKU_010,寶特瓶飲料
T00980,C0757,SKU_023,洋芋片
T00980,C0757,SKU_026,牙膏
T00981,C0351,SKU_001,尿布
T00981,C0351,SKU_003,啤酒
T00981,C0351,SKU_005,塑膠袋
T00981,C0351,SKU_009,礦泉水
T00981,C0351,SKU_014,雪碧
T00981,C0351,SKU_017,蘋果
T00981,C0351,SKU_023,洋芋片
T00981,C0351,SKU_027,洗髮精
T00982,C0150,SKU_001,尿布
T00982,C0150,SKU_003,啤酒
T00982,C0150,SKU_029,SKU_NEW_001
T00982,C0150,SKU_030,SKU_NEW_002
T00983,C0512,SKU_002,起司
T00983,C0512,SKU_009,礦泉水
T00983,C0512,SKU_012,麵包
T00984,C1211,SKU_007,可樂
T00984,C1211,SKU_009,礦泉水
T00984,C1211,SKU_010,寶特瓶飲料
T00984,C1211,SKU_011,杯麵
T00984,C1211,SKU_024,口香糖
T00985,C0580,SKU_001,尿布
T00985,C0580,SKU_007,可樂
T00985,C0580,SKU_010,寶特瓶飲料
T00985,C0580,SKU_023,洋芋片
T00986,C1148,SKU_002,起司
T00986,C1148,SKU_004,紅酒
T00986,C1148,SKU_019,橘子
T00986,C1148,SKU_022,巧克力
T00987,C1192,SKU_001,尿布
T00987,C1192,SKU_002,起司
T00987,C1192,SKU_003,啤酒
T00987,C1192,SKU_006,米
T00987,C1192,SKU_008,醬油
T00987,C1192,SKU_010,寶特瓶飲料
T00987,C1192,SKU_017,蘋果
T00987,C1192,SKU_023,洋芋片
T00988,C0159,SKU_007,可樂
T00988,C0159,SKU_016,豆漿
T00988,C0159,SKU_020,葡萄
T00988,C0159,SKU_027,洗髮精
T00989,C0914,SKU_006,米
T00989,C0914,SKU_008,醬油
T00989,C0914,SKU_010,寶特瓶飲料
T00989,C0914,SKU_024,口香糖
T00989,C0914,SKU_029,SKU_NEW_001
T00990,C1437,SKU_002,起司
T00990,C1437,SKU_004,紅酒
T00990,C1437,SKU_006,米
T00990,C1437,SKU_008,醬油
T00990,C1437,SKU_013,果醬
T00990,C1437,SKU_018,香蕉
T00990,C1437,SKU_022,巧克力
T00991,C0612,SKU_002,起司
T00991,C0612,SKU_005,塑膠袋
T00991,C0612,SKU_011,杯麵
T00992,C0072,SKU_001,尿布
T00992,C0072,SKU_002,起司
T00992,C0072,SKU_003,啤酒
T00992,C0072,SKU_004,紅酒
T00992,C0072,SKU_005,塑膠袋
T00992,C0072,SKU_010,寶特瓶飲料
T00992,C0072,SKU_011,杯麵
T00992,C0072,SKU_026,牙膏
T00993,C1385,SKU_011,杯麵
T00993,C1385,SKU_020,葡萄
T00993,C1385,SKU_028,茶包
T00994,C1316,SKU_001,尿布
T00994,C1316,SKU_007,可樂
T00994,C1316,SKU_012,麵包
T00995,C0783,SKU_005,塑膠袋
T00995,C0783,SKU_007,可樂
T00995,C0783,SKU_012,麵包
T00995,C0783,SKU_024,口香糖
T00996,C0833,SKU_002,起司
T00996,C0833,SKU_007,可樂
T00996,C0833,SKU_008,醬油
T00996,C0833,SKU_010,寶特瓶飲料
T00996,C0833,SKU_023,洋芋片
T00996,C0833,SKU_026,牙膏
T00996,C0833,SKU_030,SKU_NEW_002
T00997,C0312,SKU_004,紅酒
T00997,C0312,SKU_008,醬油
T00997,C0312,SKU_009,礦泉水
T00997,C0312,SKU_019,橘子
T00998,C1219,SKU_008,醬油
T00998,C1219,SKU_011,杯麵
T00998,C1219,SKU_030,SKU_NEW_002
T00999,C0748,SKU_005,塑膠袋
T00999,C0748,SKU_009,礦泉水
T00999,C0748,SKU_010,寶特瓶飲料
T00999,C0748,SKU_011,杯麵
T00999,C0748,SKU_012,麵包
T00999,C0748,SKU_023,洋芋片
T01000,C0048,SKU_005,塑膠袋
T01000,C0048,SKU_023,洋芋片
T01000,C0048,SKU_025,衛生紙
T01001,C1025,SKU_001,尿布
T01001,C1025,SKU_002,起司
T01002,C1422,SKU_001,尿布
T01002,C1422,SKU_007,可樂
T01002,C1422,SKU_009,礦泉水
T01002,C1422,SKU_013,果醬
T01002,C1422,SKU_022,巧克力
T01003,C1237,SKU_018,香蕉
T01003,C1237,SKU_026,牙膏
T01003,C1237,SKU_028,茶包
T01004,C0415,SKU_004,紅酒
T01004,C0415,SKU_005,塑膠袋
T01004,C0415,SKU_028,茶包
T01005,C0076,SKU_001,尿布
T01005,C0076,SKU_008,醬油
T01005,C0076,SKU_009,礦泉水
T01005,C0076,SKU_010,寶特瓶飲料
T01005,C0076,SKU_011,杯麵
T01005,C0076,SKU_016,豆漿
T01006,C1406,SKU_005,塑膠袋
T01006,C1406,SKU_007,可樂
T01006,C1406,SKU_012,麵包
T01006,C1406,SKU_014,雪碧
T01006,C1406,SKU_026,牙膏
T01007,C1402,SKU_008,醬油
T01007,C1402,SKU_014,雪碧
T01007,C1402,SKU_026,牙膏
T01008,C0799,SKU_003,啤酒
T01008,C0799,SKU_007,可樂
T01008,C0799,SKU_016,豆漿
T01008,C0799,SKU_028,茶包
T01009,C0959,SKU_004,紅酒
T01009,C0959,SKU_008,醬油
T01009,C0959,SKU_011,杯麵
T01009,C0959,SKU_015,牛奶
T01009,C0959,SKU_016,豆漿
T01009,C0959,SKU_017,蘋果
T01010,C0702,SKU_008,醬油
T01010,C0702,SKU_012,麵包
T01010,C0702,SKU_027,洗髮精
T01011,C0637,SKU_005,塑膠袋
T01011,C0637,SKU_007,可樂
T01011,C0637,SKU_023,洋芋片
T01012,C0173,SKU_002,起司
T01012,C0173,SKU_004,紅酒
T01012,C0173,SKU_007,可樂
T01012,C0173,SKU_010,寶特瓶飲料
T01012,C0173,SKU_014,雪碧
T01012,C0173,SKU_022,巧克力
T01012,C0173,SKU_026,牙膏
T01012,C0173,SKU_028,茶包
T01013,C0139,SKU_012,麵包
T01013,C0139,SKU_014,雪碧
T01014,C0346,SKU_006,米
T01014,C0346,SKU_008,醬油
T01014,C0346,SKU_014,雪碧
T01014,C0346,SKU_015,牛奶
T01015,C1248,SKU_002,起司
T01015,C1248,SKU_017,蘋果
T01016,C0218,SKU_007,可樂
T01016,C0218,SKU_017,蘋果
T01016,C0218,SKU_029,SKU_NEW_001
T01017,C0336,SKU_004,紅酒
T01017,C0336,SKU_008,醬油
T01017,C0336,SKU_024,口香糖
T01018,C0825,SKU_005,塑膠袋
T01018,C0825,SKU_015,牛奶
T01018,C0825,SKU_022,巧克力
T01019,C0318,SKU_004,紅酒
T01019,C0318,SKU_009,礦泉水
T01019,C0318,SKU_028,茶包
T01020,C0245,SKU_009,礦泉水
T01020,C0245,SKU_010,寶特瓶飲料
T01020,C0245,SKU_027,洗髮精
T01021,C0850,SKU_010,寶特瓶飲料
T01021,C0850,SKU_020,葡萄
T01022,C0554,SKU_004,紅酒
T01022,C0554,SKU_005,塑膠袋
T01022,C0554,SKU_016,豆漿
T01023,C0937,SKU_002,起司
T01024,C1365,SKU_010,寶特瓶飲料
T01024,C1365,SKU_017,蘋果
T01024,C1365,SKU_018,香蕉
T01024,C1365,SKU_020,葡萄
T01025,C0226,SKU_009,礦泉水
T01025,C0226,SKU_023,洋芋片
T01026,C1369,SKU_008,醬油
T01026,C1369,SKU_009,礦泉水
T01026,C1369,SKU_012,麵包
T01026,C1369,SKU_023,洋芋片
T01026,C1369,SKU_027,洗髮精
T01027,C1351,SKU_001,尿布
T01027,C1351,SKU_005,塑膠袋
T01027,C1351,SKU_018,香蕉
T01027,C1351,SKU_024,口香糖
T01028,C1237,SKU_009,礦泉水
T01028,C1237,SKU_024,口香糖
T01029,C0944,SKU_006,米
T01029,C0944,SKU_008,醬油
T01029,C0944,SKU_020,葡萄
T01030,C0928,SKU_005,塑膠袋
T01030,C0928,SKU_008,醬油
T01030,C0928,SKU_009,礦泉水
T01030,C0928,SKU_020,葡萄
T01031,C0955,SKU_005,塑膠袋
T01031,C0955,SKU_009,礦泉水
T01031,C0955,SKU_010,寶特瓶飲料
T01031,C0955,SKU_014,雪碧
T01031,C0955,SKU_017,蘋果
T01031,C0955,SKU_030,SKU_NEW_002
T01032,C1042,SKU_007,可樂
T01032,C1042,SKU_013,果醬
T01032,C1042,SKU_026,牙膏
T01033,C0027,SKU_005,塑膠袋
T01033,C0027,SKU_014,雪碧
T01033,C0027,SKU_028,茶包
T01034,C1435,SKU_001,尿布
T01034,C1435,SKU_003,啤酒
T01034,C1435,SKU_005,塑膠袋
T01034,C1435,SKU_008,醬油
T01034,C1435,SKU_022,巧克力
T01035,C0882,SKU_007,可樂
T01035,C0882,SKU_010,寶特瓶飲料
T01035,C0882,SKU_013,果醬
T01035,C0882,SKU_023,洋芋片
T01036,C1159,SKU_002,起司
T01036,C1159,SKU_004,紅酒
T01036,C1159,SKU_009,礦泉水
T01036,C1159,SKU_025,衛生紙
T01037,C0571,SKU_002,起司
T01037,C0571,SKU_004,紅酒
T01037,C0571,SKU_005,塑膠袋
T01037,C0571,SKU_022,巧克力
T01037,C0571,SKU_030,SKU_NEW_002
T01038,C0020,SKU_001,尿布
T01038,C0020,SKU_003,啤酒
T01038,C0020,SKU_004,紅酒
T01038,C0020,SKU_006,米
T01038,C0020,SKU_008,醬油
T01038,C0020,SKU_015,牛奶
T01038,C0020,SKU_029,SKU_NEW_001
T01039,C0766,SKU_001,尿布
T01039,C0766,SKU_005,塑膠袋
T01039,C0766,SKU_010,寶特瓶飲料
T01039,C0766,SKU_015,牛奶
T01040,C0762,SKU_002,起司
T01040,C0762,SKU_004,紅酒
T01040,C0762,SKU_020,葡萄
T01040,C0762,SKU_030,SKU_NEW_002
T01041,C0662,SKU_001,尿布
T01041,C0662,SKU_003,啤酒
T01041,C0662,SKU_006,米
T01041,C0662,SKU_007,可樂
T01041,C0662,SKU_008,醬油
T01041,C0662,SKU_009,礦泉水
T01042,C0515,SKU_009,礦泉水
T01043,C0374,SKU_003,啤酒
T01043,C0374,SKU_010,寶特瓶飲料
T01043,C0374,SKU_012,麵包
T01043,C0374,SKU_013,果醬
T01043,C0374,SKU_018,香蕉
T01044,C0791,SKU_005,塑膠袋
T01044,C0791,SKU_011,杯麵
T01044,C0791,SKU_012,麵包
T01044,C0791,SKU_028,茶包
T01045,C0566,SKU_006,米
T01045,C0566,SKU_008,醬油
T01046,C1452,SKU_001,尿布
T01046,C1452,SKU_003,啤酒
T01046,C1452,SKU_019,橘子
T01046,C1452,SKU_023,洋芋片
T01047,C0260,SKU_007,可樂
T01047,C0260,SKU_012,麵包
T01047,C0260,SKU_021,餅乾
T01048,C0481,SKU_003,啤酒
T01048,C0481,SKU_004,紅酒
T01048,C0481,SKU_005,塑膠袋
T01048,C0481,SKU_022,巧克力
T01048,C0481,SKU_030,SKU_NEW_002
T01049,C0442,SKU_002,起司
T01049,C0442,SKU_004,紅酒
T01049,C0442,SKU_023,洋芋片
T01049,C0442,SKU_027,洗髮精
T01049,C0442,SKU_029,SKU_NEW_001
T01050,C0816,SKU_001,尿布
T01050,C0816,SKU_003,啤酒
T01050,C0816,SKU_005,塑膠袋
T01050,C0816,SKU_010,寶特瓶飲料
T01050,C0816,SKU_014,雪碧
T01050,C0816,SKU_019,橘子
T01050,C0816,SKU_028,茶包
T01051,C0749,SKU_004,紅酒
T01052,C0963,SKU_001,尿布
T01052,C0963,SKU_005,塑膠袋
T01052,C0963,SKU_007,可樂
T01052,C0963,SKU_010,寶特瓶飲料
T01052,C0963,SKU_016,豆漿
T01053,C1422,SKU_005,塑膠袋
T01053,C1422,SKU_007,可樂
T01053,C1422,SKU_009,礦泉水
T01053,C1422,SKU_014,雪碧
T01054,C0429,SKU_009,礦泉水
T01054,C0429,SKU_014,雪碧
T01054,C0429,SKU_026,牙膏
T01054,C0429,SKU_028,茶包
T01055,C1046,SKU_008,醬油
T01055,C1046,SKU_010,寶特瓶飲料
T01055,C1046,SKU_026,牙膏
T01056,C0037,SKU_001,尿布
T01056,C0037,SKU_003,啤酒
T01056,C0037,SKU_008,醬油
T01057,C0393,SKU_001,尿布
T01057,C0393,SKU_003,啤酒
T01057,C0393,SKU_007,可樂
T01057,C0393,SKU_021,餅乾
T01058,C0703,SKU_007,可樂
T01058,C0703,SKU_025,衛生紙
T01058,C0703,SKU_026,牙膏
T01059,C0044,SKU_011,杯麵
T01059,C0044,SKU_013,果醬
T01060,C0925,SKU_002,起司
T01060,C0925,SKU_004,紅酒
T01060,C0925,SKU_005,塑膠袋
T01061,C1019,SKU_001,尿布
T01062,C1116,SKU_005,塑膠袋
T01062,C1116,SKU_010,寶特瓶飲料
T01062,C1116,SKU_012,麵包
T01062,C1116,SKU_014,雪碧
T01062,C1116,SKU_025,衛生紙
T01063,C0775,SKU_005,塑膠袋
T01063,C0775,SKU_013,果醬
T01063,C0775,SKU_016,豆漿
T01064,C0906,SKU_005,塑膠袋
T01064,C0906,SKU_006,米
T01064,C0906,SKU_008,醬油
T01065,C0603,SKU_004,紅酒
T01065,C0603,SKU_005,塑膠袋
T01065,C0603,SKU_009,礦泉水
T01065,C0603,SKU_010,寶特瓶飲料
T01065,C0603,SKU_026,牙膏
T01066,C0058,SKU_001,尿布
T01066,C0058,SKU_007,可樂
T01066,C0058,SKU_015,牛奶
T01066,C0058,SKU_024,口香糖
T01067,C0143,SKU_001,尿布
T01067,C0143,SKU_003,啤酒
T01067,C0143,SKU_009,礦泉水
T01067,C0143,SKU_010,寶特瓶飲料
T01068,C0980,SKU_001,尿布
T01068,C0980,SKU_003,啤酒
T01068,C0980,SKU_007,可樂
T01068,C0980,SKU_016,豆漿
T01068,C0980,SKU_023,洋芋片
T01068,C0980,SKU_026,牙膏
T01069,C1494,SKU_006,米
T01069,C1494,SKU_008,醬油
T01069,C1494,SKU_014,雪碧
T01069,C1494,SKU_025,衛生紙
T01069,C1494,SKU_026,牙膏
T01070,C0026,SKU_001,尿布
T01070,C0026,SKU_003,啤酒
T01070,C0026,SKU_005,塑膠袋
T01071,C0842,SKU_002,起司
T01071,C0842,SKU_004,紅酒
T01071,C0842,SKU_015,牛奶
T01071,C0842,SKU_021,餅乾
T01072,C1121,SKU_002,起司
T01072,C1121,SKU_007,可樂
T01072,C1121,SKU_021,餅乾
T01072,C1121,SKU_023,洋芋片
T01073,C1234,SKU_001,尿布
T01073,C1234,SKU_003,啤酒
T01074,C0821,SKU_002,起司
T01074,C0821,SKU_004,紅酒
T01074,C0821,SKU_005,塑膠袋
T01074,C0821,SKU_006,米
T01074,C0821,SKU_023,洋芋片
T01074,C0821,SKU_024,口香糖
T01074,C0821,SKU_026,牙膏
T01075,C0928,SKU_001,尿布
T01075,C0928,SKU_017,蘋果
T01076,C1054,SKU_001,尿布
T01076,C1054,SKU_002,起司
T01076,C1054,SKU_003,啤酒
T01076,C1054,SKU_004,紅酒
T01076,C1054,SKU_019,橘子
T01077,C1279,SKU_005,塑膠袋
T01077,C1279,SKU_006,米
T01077,C1279,SKU_009,礦泉水
T01077,C1279,SKU_010,寶特瓶飲料
T01078,C0178,SKU_002,起司
T01078,C0178,SKU_004,紅酒
T01078,C0178,SKU_012,麵包
T01078,C0178,SKU_015,牛奶
T01078,C0178,SKU_018,香蕉
T01079,C1390,SKU_009,礦泉水
T01079,C1390,SKU_017,蘋果
T01079,C1390,SKU_022,巧克力
T01080,C0038,SKU_008,醬油
T01080,C0038,SKU_009,礦泉水
T01080,C0038,SKU_023,洋芋片
T01080,C0038,SKU_029,SKU_NEW_001
T01081,C1247,SKU_014,雪碧
T01081,C1247,SKU_019,橘子
T01081,C1247,SKU_027,洗髮精
T01082,C0112,SKU_019,橘子
T01082,C0112,SKU_020,葡萄
T01082,C0112,SKU_026,牙膏
T01083,C0289,SKU_005,塑膠袋
T01083,C0289,SKU_006,米
T01083,C0289,SKU_007,可樂
T01083,C0289,SKU_014,雪碧
T01083,C0289,SKU_016,豆漿
T01084,C0008,SKU_003,啤酒
T01084,C0008,SKU_012,麵包
T01084,C0008,SKU_022,巧克力
T01085,C0674,SKU_005,塑膠袋
T01085,C0674,SKU_009,礦泉水
T01085,C0674,SKU_016,豆漿
T01086,C0504,SKU_004,紅酒
T01086,C0504,SKU_006,米
T01086,C0504,SKU_007,可樂
T01086,C0504,SKU_015,牛奶
T01086,C0504,SKU_018,香蕉
T01086,C0504,SKU_022,巧克力
T01087,C0248,SKU_007,可樂
T01087,C0248,SKU_010,寶特瓶飲料
T01088,C0683,SKU_010,寶特瓶飲料
T01088,C0683,SKU_011,杯麵
T01088,C0683,SKU_030,SKU_NEW_002
T01089,C0612,SKU_009,礦泉水
T01090,C1143,SKU_002,起司
T01090,C1143,SKU_004,紅酒
T01090,C1143,SKU_013,果醬
T01090,C1143,SKU_027,洗髮精
T01091,C1331,SKU_006,米
T01091,C1331,SKU_008,醬油
T01092,C0976,SKU_002,起司
T01092,C0976,SKU_003,啤酒
T01092,C0976,SKU_007,可樂
T01092,C0976,SKU_011,杯麵
T01092,C0976,SKU_013,果醬
T01092,C0976,SKU_016,豆漿
T01092,C0976,SKU_022,巧克力
T01092,C0976,SKU_028,茶包
T01093,C0182,SKU_006,米
T01093,C0182,SKU_008,醬油
T01093,C0182,SKU_015,牛奶
T01093,C0182,SKU_030,SKU_NEW_002
T01094,C0445,SKU_011,杯麵
T01094,C0445,SKU_012,麵包
T01094,C0445,SKU_016,豆漿
T01094,C0445,SKU_023,洋芋片
T01095,C1368,SKU_007,可樂
T01095,C1368,SKU_009,礦泉水
T01095,C1368,SKU_010,寶特瓶飲料
T01095,C1368,SKU_020,葡萄
T01096,C0126,SKU_009,礦泉水
T01096,C0126,SKU_017,蘋果
T01096,C0126,SKU_030,SKU_NEW_002
T01097,C0618,SKU_004,紅酒
T01097,C0618,SKU_006,米
T01097,C0618,SKU_008,醬油
T01097,C0618,SKU_009,礦泉水
T01097,C0618,SKU_012,麵包
T01098,C1411,SKU_006,米
T01098,C1411,SKU_008,醬油
T01098,C1411,SKU_011,杯麵
T01098,C1411,SKU_018,香蕉
T01098,C1411,SKU_030,SKU_NEW_002
T01099,C1423,SKU_007,可樂
T01099,C1423,SKU_009,礦泉水
T01099,C1423,SKU_010,寶特瓶飲料
T01099,C1423,SKU_017,蘋果
T01100,C0624,SKU_015,牛奶
T01100,C0624,SKU_030,SKU_NEW_002
T01101,C1001,SKU_001,尿布
T01101,C1001,SKU_003,啤酒
T01101,C1001,SKU_005,塑膠袋
T01101,C1001,SKU_021,餅乾
T01101,C1001,SKU_025,衛生紙
T01101,C1001,SKU_030,SKU_NEW_002
T01102,C0690,SKU_001,尿布
T01102,C0690,SKU_003,啤酒
T01102,C0690,SKU_014,雪碧
T01102,C0690,SKU_022,巧克力
T01103,C1123,SKU_009,礦泉水
T01103,C1123,SKU_018,香蕉
T01103,C1123,SKU_024,口香糖
T01104,C0045,SKU_010,寶特瓶飲料
T01104,C0045,SKU_029,SKU_NEW_001
T01105,C0214,SKU_001,尿布
T01105,C0214,SKU_002,起司
T01105,C0214,SKU_003,啤酒
T01105,C0214,SKU_004,紅酒
T01105,C0214,SKU_006,米
T01105,C0214,SKU_010,寶特瓶飲料
T01105,C0214,SKU_021,餅乾
T01105,C0214,SKU_028,茶包
T01105,C0214,SKU_029,SKU_NEW_001
T01106,C0919,SKU_002,起司
T01106,C0919,SKU_004,紅酒
T01106,C0919,SKU_025,衛生紙
T01106,C0919,SKU_030,SKU_NEW_002
T01107,C0345,SKU_001,尿布
T01107,C0345,SKU_014,雪碧
T01107,C0345,SKU_018,香蕉
T01107,C0345,SKU_020,葡萄
T01107,C0345,SKU_026,牙膏
T01108,C0999,SKU_020,葡萄
T01109,C0531,SKU_008,醬油
T01109,C0531,SKU_011,杯麵
T01109,C0531,SKU_022,巧克力
T01109,C0531,SKU_023,洋芋片
T01109,C0531,SKU_025,衛生紙
T01110,C1321,SKU_001,尿布
T01110,C1321,SKU_003,啤酒
T01110,C1321,SKU_007,可樂
T01110,C1321,SKU_008,醬油
T01110,C1321,SKU_016,豆漿
T01111,C1219,SKU_006,米
T01111,C1219,SKU_008,醬油
T01111,C1219,SKU_011,杯麵
T01111,C1219,SKU_022,巧克力
T01111,C1219,SKU_026,牙膏
T01112,C0740,SKU_007,可樂
T01112,C0740,SKU_009,礦泉水
T01112,C0740,SKU_030,SKU_NEW_002
T01113,C1149,SKU_004,紅酒
T01113,C1149,SKU_011,杯麵
T01113,C1149,SKU_023,洋芋片
T01113,C1149,SKU_025,衛生紙
T01114,C0407,SKU_009,礦泉水
T01114,C0407,SKU_012,麵包
T01115,C0741,SKU_001,尿布
T01115,C0741,SKU_003,啤酒
T01115,C0741,SKU_013,果醬
T01115,C0741,SKU_026,牙膏
T01115,C0741,SKU_028,茶包
T01116,C0296,SKU_007,可樂
T01116,C0296,SKU_017,蘋果
T01116,C0296,SKU_029,SKU_NEW_001
T01117,C1281,SKU_005,塑膠袋
T01117,C1281,SKU_016,豆漿
T01117,C1281,SKU_028,茶包
T01118,C1226,SKU_002,起司
T01118,C1226,SKU_005,塑膠袋
T01118,C1226,SKU_006,米
T01118,C1226,SKU_008,醬油
T01119,C1350,SKU_005,塑膠袋
T01119,C1350,SKU_030,SKU_NEW_002
T01120,C1307,SKU_002,起司
T01120,C1307,SKU_004,紅酒
T01120,C1307,SKU_005,塑膠袋
T01120,C1307,SKU_013,果醬
T01120,C1307,SKU_022,巧克力
T01121,C1438,SKU_010,寶特瓶飲料
T01121,C1438,SKU_012,麵包
T01121,C1438,SKU_024,口香糖
T01121,C1438,SKU_028,茶包
T01122,C0338,SKU_007,可樂
T01122,C0338,SKU_013,果醬
T01122,C0338,SKU_026,牙膏
T01122,C0338,SKU_027,洗髮精
T01122,C0338,SKU_030,SKU_NEW_002
T01123,C1396,SKU_001,尿布
T01123,C1396,SKU_002,起司
T01123,C1396,SKU_004,紅酒
T01123,C1396,SKU_005,塑膠袋
T01123,C1396,SKU_009,礦泉水
T01124,C0861,SKU_006,米
T01124,C0861,SKU_008,醬油
T01124,C0861,SKU_027,洗髮精
T01125,C0642,SKU_004,紅酒
T01125,C0642,SKU_006,米
T01125,C0642,SKU_008,醬油
T01126,C0845,SKU_005,塑膠袋
T01126,C0845,SKU_006,米
T01126,C0845,SKU_008,醬油
T01126,C0845,SKU_010,寶特瓶飲料
T01126,C0845,SKU_015,牛奶
T01127,C0518,SKU_007,可樂
T01127,C0518,SKU_009,礦泉水
T01127,C0518,SKU_011,杯麵
T01127,C0518,SKU_022,巧克力
T01128,C0435,SKU_010,寶特瓶飲料
T01128,C0435,SKU_011,杯麵
T01128,C0435,SKU_014,雪碧
T01128,C0435,SKU_024,口香糖
T01128,C0435,SKU_026,牙膏
T01128,C0435,SKU_030,SKU_NEW_002
T01129,C0362,SKU_008,醬油
T01129,C0362,SKU_009,礦泉水
T01129,C0362,SKU_017,蘋果
T01129,C0362,SKU_018,香蕉
T01130,C0119,SKU_021,餅乾
T01131,C0744,SKU_015,牛奶
T01131,C0744,SKU_018,香蕉
T01131,C0744,SKU_023,洋芋片
T01131,C0744,SKU_028,茶包
T01132,C1322,SKU_004,紅酒
T01132,C1322,SKU_006,米
T01132,C1322,SKU_008,醬油
T01132,C1322,SKU_020,葡萄
T01133,C0942,SKU_001,尿布
T01133,C0942,SKU_003,啤酒
T01133,C0942,SKU_006,米
T01133,C0942,SKU_008,醬油
T01133,C0942,SKU_009,礦泉水
T01133,C0942,SKU_016,豆漿
T01133,C0942,SKU_026,牙膏
T01134,C0782,SKU_001,尿布
T01134,C0782,SKU_005,塑膠袋
T01134,C0782,SKU_010,寶特瓶飲料
T01134,C0782,SKU_023,洋芋片
T01134,C0782,SKU_025,衛生紙
T01134,C0782,SKU_029,SKU_NEW_001
T01135,C0651,SKU_007,可樂
T01135,C0651,SKU_009,礦泉水
T01135,C0651,SKU_016,豆漿
T01135,C0651,SKU_020,葡萄
T01135,C0651,SKU_028,茶包
T01136,C0704,SKU_008,醬油
T01136,C0704,SKU_012,麵包
T01136,C0704,SKU_023,洋芋片
T01137,C0310,SKU_010,寶特瓶飲料
T01138,C1226,SKU_004,紅酒
T01138,C1226,SKU_005,塑膠袋
T01138,C1226,SKU_006,米
T01138,C1226,SKU_007,可樂
T01138,C1226,SKU_008,醬油
T01138,C1226,SKU_009,礦泉水
T01138,C1226,SKU_022,巧克力
T01139,C0298,SKU_003,啤酒
T01139,C0298,SKU_007,可樂
T01139,C0298,SKU_010,寶特瓶飲料
T01139,C0298,SKU_013,果醬
T01139,C0298,SKU_014,雪碧
T01140,C1082,SKU_006,米
T01140,C1082,SKU_008,醬油
T01140,C1082,SKU_010,寶特瓶飲料
T01141,C1133,SKU_007,可樂
T01141,C1133,SKU_009,礦泉水
T01141,C1133,SKU_027,洗髮精
T01142,C0865,SKU_010,寶特瓶飲料
T01142,C0865,SKU_020,葡萄
T01142,C0865,SKU_025,衛生紙
T01143,C1286,SKU_001,尿布
T01143,C1286,SKU_003,啤酒
T01143,C1286,SKU_005,塑膠袋
T01143,C1286,SKU_020,葡萄
T01143,C1286,SKU_023,洋芋片
T01143,C1286,SKU_026,牙膏
T01144,C0437,SKU_009,礦泉水
T01144,C0437,SKU_013,果醬
T01144,C0437,SKU_018,香蕉
T01145,C1313,SKU_002,起司
T01145,C1313,SKU_004,紅酒
T01145,C1313,SKU_009,礦泉水
T01145,C1313,SKU_023,洋芋片
T01145,C1313,SKU_025,衛生紙
T01146,C1097,SKU_001,尿布
T01146,C1097,SKU_003,啤酒
T01146,C1097,SKU_006,米
T01146,C1097,SKU_008,醬油
T01146,C1097,SKU_014,雪碧
T01146,C1097,SKU_019,橘子
T01147,C1185,SKU_008,醬油
T01147,C1185,SKU_012,麵包
T01147,C1185,SKU_018,香蕉
T01148,C0996,SKU_001,尿布
T01148,C0996,SKU_010,寶特瓶飲料
T01148,C0996,SKU_024,口香糖
T01148,C0996,SKU_029,SKU_NEW_001
T01148,C0996,SKU_030,SKU_NEW_002
T01149,C1263,SKU_001,尿布
T01149,C1263,SKU_003,啤酒
T01149,C1263,SKU_006,米
T01149,C1263,SKU_008,醬油
T01149,C1263,SKU_021,餅乾
T01149,C1263,SKU_022,巧克力
T01149,C1263,SKU_026,牙膏
T01150,C1491,SKU_002,起司
T01150,C1491,SKU_004,紅酒
T01150,C1491,SKU_005,塑膠袋
T01150,C1491,SKU_008,醬油
T01150,C1491,SKU_018,香蕉
T01150,C1491,SKU_021,餅乾
T01150,C1491,SKU_022,巧克力
T01150,C1491,SKU_024,口香糖
T01150,C1491,SKU_030,SKU_NEW_002
T01151,C0637,SKU_004,紅酒
T01151,C0637,SKU_008,醬油
T01151,C0637,SKU_020,葡萄
T01152,C1208,SKU_010,寶特瓶飲料
T01152,C1208,SKU_026,牙膏
T01153,C1114,SKU_006,米
T01153,C1114,SKU_008,醬油
T01153,C1114,SKU_010,寶特瓶飲料
T01153,C1114,SKU_030,SKU_NEW_002
T01154,C0686,SKU_002,起司
T01154,C0686,SKU_004,紅酒
T01154,C0686,SKU_017,蘋果
T01154,C0686,SKU_026,牙膏
T01155,C1391,SKU_004,紅酒
T01155,C1391,SKU_009,礦泉水
T01155,C1391,SKU_023,洋芋片
T01156,C0598,SKU_008,醬油
T01156,C0598,SKU_011,杯麵
T01156,C0598,SKU_020,葡萄
T01157,C0852,SKU_001,尿布
T01157,C0852,SKU_003,啤酒
T01157,C0852,SKU_008,醬油
T01157,C0852,SKU_010,寶特瓶飲料
T01157,C0852,SKU_015,牛奶
T01157,C0852,SKU_018,香蕉
T01157,C0852,SKU_021,餅乾
T01157,C0852,SKU_023,洋芋片
T01157,C0852,SKU_026,牙膏
T01158,C0150,SKU_010,寶特瓶飲料
T01158,C0150,SKU_013,果醬
T01158,C0150,SKU_015,牛奶
T01158,C0150,SKU_017,蘋果
T01158,C0150,SKU_023,洋芋片
T01158,C0150,SKU_025,衛生紙
T01159,C0335,SKU_002,起司
T01159,C0335,SKU_004,紅酒
T01159,C0335,SKU_005,塑膠袋
T01160,C1255,SKU_007,可樂
T01160,C1255,SKU_010,寶特瓶飲料
T01160,C1255,SKU_011,杯麵
T01160,C1255,SKU_019,橘子
T01160,C1255,SKU_030,SKU_NEW_002
T01161,C0603,SKU_010,寶特瓶飲料
T01161,C0603,SKU_026,牙膏
T01161,C0603,SKU_030,SKU_NEW_002
T01162,C0598,SKU_004,紅酒
T01162,C0598,SKU_010,寶特瓶飲料
T01162,C0598,SKU_025,衛生紙
T01163,C0369,SKU_010,寶特瓶飲料
T01163,C0369,SKU_011,杯麵
T01163,C0369,SKU_028,茶包
T01163,C0369,SKU_029,SKU_NEW_001
T01164,C0739,SKU_006,米
T01164,C0739,SKU_008,醬油
T01164,C0739,SKU_009,礦泉水
T01164,C0739,SKU_013,果醬
T01164,C0739,SKU_023,洋芋片
T01164,C0739,SKU_030,SKU_NEW_002
T01165,C1194,SKU_001,尿布
T01165,C1194,SKU_003,啤酒
T01165,C1194,SKU_007,可樂
T01165,C1194,SKU_009,礦泉水
T01165,C1194,SKU_012,麵包
T01165,C1194,SKU_030,SKU_NEW_002
T01166,C1333,SKU_005,塑膠袋
T01166,C1333,SKU_021,餅乾
T01167,C0098,SKU_005,塑膠袋
T01168,C0865,SKU_005,塑膠袋
T01168,C0865,SKU_008,醬油
T01168,C0865,SKU_009,礦泉水
T01169,C0709,SKU_001,尿布
T01169,C0709,SKU_003,啤酒
T01169,C0709,SKU_004,紅酒
T01169,C0709,SKU_005,塑膠袋
T01169,C0709,SKU_023,洋芋片
T01170,C0919,SKU_002,起司
T01170,C0919,SKU_003,啤酒
T01170,C0919,SKU_004,紅酒
T01170,C0919,SKU_007,可樂
T01171,C0679,SKU_005,塑膠袋
T01171,C0679,SKU_007,可樂
T01171,C0679,SKU_009,礦泉水
T01171,C0679,SKU_010,寶特瓶飲料
T01171,C0679,SKU_017,蘋果
T01171,C0679,SKU_020,葡萄
T01171,C0679,SKU_026,牙膏
T01172,C0606,SKU_005,塑膠袋
T01172,C0606,SKU_014,雪碧
T01172,C0606,SKU_016,豆漿
T01172,C0606,SKU_017,蘋果
T01172,C0606,SKU_022,巧克力
T01173,C0715,SKU_004,紅酒
T01173,C0715,SKU_006,米
T01173,C0715,SKU_008,醬油
T01173,C0715,SKU_010,寶特瓶飲料
T01174,C0878,SKU_005,塑膠袋
T01174,C0878,SKU_009,礦泉水
T01174,C0878,SKU_013,果醬
T01174,C0878,SKU_022,巧克力
T01175,C0750,SKU_002,起司
T01175,C0750,SKU_011,杯麵
T01176,C0715,SKU_003,啤酒
T01176,C0715,SKU_015,牛奶
T01176,C0715,SKU_017,蘋果
T01176,C0715,SKU_021,餅乾
T01177,C1216,SKU_009,礦泉水
T01177,C1216,SKU_010,寶特瓶飲料
T01177,C1216,SKU_015,牛奶
T01177,C1216,SKU_023,洋芋片
T01177,C1216,SKU_024,口香糖
T01177,C1216,SKU_026,牙膏
T01177,C1216,SKU_030,SKU_NEW_002
T01178,C1114,SKU_001,尿布
T01178,C1114,SKU_005,塑膠袋
T01178,C1114,SKU_007,可樂
T01178,C1114,SKU_008,醬油
T01178,C1114,SKU_010,寶特瓶飲料
T01179,C0517,SKU_004,紅酒
T01179,C0517,SKU_005,塑膠袋
T01179,C0517,SKU_006,米
T01179,C0517,SKU_008,醬油
T01179,C0517,SKU_009,礦泉水
T01179,C0517,SKU_014,雪碧
T01179,C0517,SKU_020,葡萄
T01180,C1188,SKU_001,尿布
T01180,C1188,SKU_003,啤酒
T01180,C1188,SKU_005,塑膠袋
T01180,C1188,SKU_007,可樂
T01180,C1188,SKU_010,寶特瓶飲料
T01180,C1188,SKU_022,巧克力
T01180,C1188,SKU_025,衛生紙
T01181,C1273,SKU_001,尿布
T01181,C1273,SKU_003,啤酒
T01181,C1273,SKU_022,巧克力
T01182,C0229,SKU_004,紅酒
T01182,C0229,SKU_014,雪碧
T01182,C0229,SKU_030,SKU_NEW_002
T01183,C0878,SKU_023,洋芋片
T01184,C0429,SKU_001,尿布
T01184,C0429,SKU_003,啤酒
T01184,C0429,SKU_004,紅酒
T01184,C0429,SKU_010,寶特瓶飲料
T01184,C0429,SKU_027,洗髮精
T01185,C1108,SKU_005,塑膠袋
T01185,C1108,SKU_014,雪碧
T01185,C1108,SKU_024,口香糖
T01186,C0359,SKU_005,塑膠袋
T01186,C0359,SKU_007,可樂
T01186,C0359,SKU_016,豆漿
T01187,C1007,SKU_002,起司
T01187,C1007,SKU_010,寶特瓶飲料
T01187,C1007,SKU_013,果醬
T01188,C0382,SKU_001,尿布
T01188,C0382,SKU_003,啤酒
T01188,C0382,SKU_006,米
T01188,C0382,SKU_008,醬油
T01188,C0382,SKU_019,橘子
T01188,C0382,SKU_028,茶包
T01189,C0768,SKU_005,塑膠袋
T01189,C0768,SKU_016,豆漿
T01189,C0768,SKU_024,口香糖
T01190,C1419,SKU_002,起司
T01190,C1419,SKU_007,可樂
T01190,C1419,SKU_009,礦泉水
T01190,C1419,SKU_010,寶特瓶飲料
T01190,C1419,SKU_015,牛奶
T01190,C1419,SKU_018,香蕉
T01191,C0578,SKU_005,塑膠袋
T01191,C0578,SKU_013,果醬
T01191,C0578,SKU_019,橘子
T01191,C0578,SKU_020,葡萄
T01192,C1305,SKU_002,起司
T01192,C1305,SKU_004,紅酒
T01192,C1305,SKU_005,塑膠袋
T01192,C1305,SKU_024,口香糖
T01193,C1479,SKU_005,塑膠袋
T01193,C1479,SKU_009,礦泉水
T01193,C1479,SKU_021,餅乾
T01194,C1304,SKU_003,啤酒
T01194,C1304,SKU_009,礦泉水
T01195,C0248,SKU_007,可樂
T01195,C0248,SKU_008,醬油
T01195,C0248,SKU_009,礦泉水
T01195,C0248,SKU_010,寶特瓶飲料
T01195,C0248,SKU_015,牛奶
T01196,C1220,SKU_002,起司
T01196,C1220,SKU_003,啤酒
T01196,C1220,SKU_008,醬油
T01196,C1220,SKU_009,礦泉水
T01197,C0045,SKU_007,可樂
T01197,C0045,SKU_010,寶特瓶飲料
T01197,C0045,SKU_011,杯麵
T01197,C0045,SKU_013,果醬
T01197,C0045,SKU_022,巧克力
T01198,C0596,SKU_002,起司
T01198,C0596,SKU_008,醬油
T01198,C0596,SKU_020,葡萄
T01199,C1298,SKU_004,紅酒
T01199,C1298,SKU_010,寶特瓶飲料
T01199,C1298,SKU_016,豆漿
T01199,C1298,SKU_018,香蕉
T01199,C1298,SKU_026,牙膏
T01199,C1298,SKU_029,SKU_NEW_001
T01200,C1039,SKU_002,起司
T01200,C1039,SKU_004,紅酒
T01200,C1039,SKU_006,米
T01200,C1039,SKU_008,醬油
T01200,C1039,SKU_010,寶特瓶飲料
T01200,C1039,SKU_014,雪碧
T01200,C1039,SKU_018,香蕉
T01200,C1039,SKU_021,餅乾
T01201,C0800,SKU_006,米
T01201,C0800,SKU_009,礦泉水
T01201,C0800,SKU_010,寶特瓶飲料
T01201,C0800,SKU_023,洋芋片
T01201,C0800,SKU_025,衛生紙
T01201,C0800,SKU_026,牙膏
T01202,C0586,SKU_010,寶特瓶飲料
T01203,C1205,SKU_001,尿布
T01203,C1205,SKU_002,起司
T01203,C1205,SKU_004,紅酒
T01203,C1205,SKU_006,米
T01203,C1205,SKU_007,可樂
T01203,C1205,SKU_008,醬油
T01203,C1205,SKU_012,麵包
T01203,C1205,SKU_013,果醬
T01204,C1070,SKU_001,尿布
T01204,C1070,SKU_002,起司
T01204,C1070,SKU_003,啤酒
T01204,C1070,SKU_004,紅酒
T01204,C1070,SKU_010,寶特瓶飲料
T01204,C1070,SKU_013,果醬
T01205,C0710,SKU_028,茶包
T01206,C1329,SKU_001,尿布
T01206,C1329,SKU_006,米
T01206,C1329,SKU_008,醬油
T01206,C1329,SKU_018,香蕉
T01206,C1329,SKU_022,巧克力
T01207,C0342,SKU_008,醬油
T01208,C0256,SKU_001,尿布
T01208,C0256,SKU_003,啤酒
T01208,C0256,SKU_005,塑膠袋
T01208,C0256,SKU_006,米
T01208,C0256,SKU_008,醬油
T01209,C0960,SKU_004,紅酒
T01209,C0960,SKU_009,礦泉水
T01209,C0960,SKU_012,麵包
T01210,C1457,SKU_005,塑膠袋
T01210,C1457,SKU_006,米
T01210,C1457,SKU_008,醬油
T01210,C1457,SKU_009,礦泉水
T01210,C1457,SKU_010,寶特瓶飲料
T01210,C1457,SKU_011,杯麵
T01210,C1457,SKU_022,巧克力
T01210,C1457,SKU_024,口香糖
T01211,C0370,SKU_007,可樂
T01211,C0370,SKU_008,醬油
T01211,C0370,SKU_017,蘋果
T01212,C0373,SKU_009,礦泉水
T01212,C0373,SKU_010,寶特瓶飲料
T01212,C0373,SKU_030,SKU_NEW_002
T01213,C0204,SKU_001,尿布
T01213,C0204,SKU_002,起司
T01213,C0204,SKU_003,啤酒
T01213,C0204,SKU_010,寶特瓶飲料
T01213,C0204,SKU_029,SKU_NEW_001
T01213,C0204,SKU_030,SKU_NEW_002
T01214,C1281,SKU_001,尿布
T01214,C1281,SKU_003,啤酒
T01214,C1281,SKU_004,紅酒
T01214,C1281,SKU_010,寶特瓶飲料
T01214,C1281,SKU_014,雪碧
T01214,C1281,SKU_017,蘋果
T01215,C0336,SKU_001,尿布
T01215,C0336,SKU_003,啤酒
T01215,C0336,SKU_008,醬油
T01215,C0336,SKU_013,果醬
T01215,C0336,SKU_027,洗髮精
T01216,C0754,SKU_002,起司
T01216,C0754,SKU_004,紅酒
T01216,C0754,SKU_006,米
T01216,C0754,SKU_007,可樂
T01216,C0754,SKU_008,醬油
T01216,C0754,SKU_010,寶特瓶飲料
T01216,C0754,SKU_022,巧克力
T01216,C0754,SKU_024,口香糖
T01217,C1487,SKU_009,礦泉水
T01217,C1487,SKU_010,寶特瓶飲料
T01217,C1487,SKU_011,杯麵
T01218,C0020,SKU_004,紅酒
T01218,C0020,SKU_007,可樂
T01218,C0020,SKU_009,礦泉水
T01219,C0839,SKU_005,塑膠袋
T01219,C0839,SKU_023,洋芋片
T01220,C0771,SKU_001,尿布
T01220,C0771,SKU_003,啤酒
T01220,C0771,SKU_005,塑膠袋
T01220,C0771,SKU_007,可樂
T01220,C0771,SKU_022,巧克力
T01220,C0771,SKU_027,洗髮精
T01221,C1197,SKU_001,尿布
T01221,C1197,SKU_003,啤酒
T01221,C1197,SKU_012,麵包
T01222,C0535,SKU_007,可樂
T01222,C0535,SKU_019,橘子
T01223,C0622,SKU_001,尿布
T01223,C0622,SKU_004,紅酒
T01223,C0622,SKU_006,米
T01223,C0622,SKU_008,醬油
T01223,C0622,SKU_010,寶特瓶飲料
T01223,C0622,SKU_025,衛生紙
T01223,C0622,SKU_030,SKU_NEW_002
T01224,C0251,SKU_007,可樂
T01224,C0251,SKU_023,洋芋片
T01225,C1111,SKU_008,醬油
T01225,C1111,SKU_010,寶特瓶飲料
T01225,C1111,SKU_027,洗髮精
T01225,C1111,SKU_028,茶包
T01226,C1164,SKU_002,起司
T01227,C0199,SKU_002,起司
T01227,C0199,SKU_004,紅酒
T01227,C0199,SKU_007,可樂
T01227,C0199,SKU_022,巧克力
T01228,C0596,SKU_006,米
T01228,C0596,SKU_008,醬油
T01228,C0596,SKU_010,寶特瓶飲料
T01228,C0596,SKU_029,SKU_NEW_001
T01229,C1330,SKU_005,塑膠袋
T01229,C1330,SKU_006,米
T01229,C1330,SKU_008,醬油
T01229,C1330,SKU_014,雪碧
T01230,C0005,SKU_001,尿布
T01230,C0005,SKU_009,礦泉水
T01231,C0449,SKU_007,可樂
T01231,C0449,SKU_009,礦泉水
T01231,C0449,SKU_014,雪碧
T01231,C0449,SKU_029,SKU_NEW_001
T01232,C0838,SKU_001,尿布
T01232,C0838,SKU_002,起司
T01232,C0838,SKU_003,啤酒
T01232,C0838,SKU_004,紅酒
T01232,C0838,SKU_005,塑膠袋
T01232,C0838,SKU_021,餅乾
T01233,C0504,SKU_008,醬油
T01233,C0504,SKU_010,寶特瓶飲料
T01233,C0504,SKU_028,茶包
T01233,C0504,SKU_029,SKU_NEW_001
T01234,C0408,SKU_011,杯麵
T01234,C0408,SKU_012,麵包
T01234,C0408,SKU_018,香蕉
T01235,C0697,SKU_001,尿布
T01235,C0697,SKU_009,礦泉水
T01236,C0270,SKU_002,起司
T01236,C0270,SKU_006,米
T01236,C0270,SKU_007,可樂
T01236,C0270,SKU_008,醬油
T01236,C0270,SKU_010,寶特瓶飲料
T01236,C0270,SKU_018,香蕉
T01236,C0270,SKU_020,葡萄
T01237,C0794,SKU_010,寶特瓶飲料
T01237,C0794,SKU_022,巧克力
T01237,C0794,SKU_026,牙膏
T01238,C1067,SKU_001,尿布
T01238,C1067,SKU_003,啤酒
T01238,C1067,SKU_009,礦泉水
T01238,C1067,SKU_010,寶特瓶飲料
T01239,C0865,SKU_007,可樂
T01240,C0131,SKU_001,尿布
T01240,C0131,SKU_003,啤酒
T01240,C0131,SKU_005,塑膠袋
T01240,C0131,SKU_022,巧克力
T01241,C1259,SKU_016,豆漿
T01241,C1259,SKU_021,餅乾
T01242,C0262,SKU_010,寶特瓶飲料
T01242,C0262,SKU_027,洗髮精
T01243,C1141,SKU_009,礦泉水
T01243,C1141,SKU_010,寶特瓶飲料
T01243,C1141,SKU_011,杯麵
T01244,C0542,SKU_001,尿布
T01244,C0542,SKU_004,紅酒
T01244,C0542,SKU_005,塑膠袋
T01244,C0542,SKU_010,寶特瓶飲料
T01244,C0542,SKU_019,橘子
T01245,C1162,SKU_005,塑膠袋
T01245,C1162,SKU_006,米
T01245,C1162,SKU_008,醬油
T01245,C1162,SKU_010,寶特瓶飲料
T01245,C1162,SKU_014,雪碧
T01245,C1162,SKU_026,牙膏
T01246,C0307,SKU_002,起司
T01246,C0307,SKU_004,紅酒
T01246,C0307,SKU_026,牙膏
T01247,C0277,SKU_008,醬油
T01247,C0277,SKU_018,香蕉
T01247,C0277,SKU_019,橘子
T01247,C0277,SKU_025,衛生紙
T01248,C0744,SKU_002,起司
T01248,C0744,SKU_004,紅酒
T01248,C0744,SKU_020,葡萄
T01249,C0046,SKU_004,紅酒
T01249,C0046,SKU_026,牙膏
T01250,C0334,SKU_002,起司
T01250,C0334,SKU_021,餅乾
T01250,C0334,SKU_026,牙膏
T01251,C1091,SKU_006,米
T01251,C1091,SKU_008,醬油
T01251,C1091,SKU_009,礦泉水
T01251,C1091,SKU_025,衛生紙
T01252,C1249,SKU_002,起司
T01252,C1249,SKU_004,紅酒
T01252,C1249,SKU_014,雪碧
T01252,C1249,SKU_019,橘子
T01252,C1249,SKU_023,洋芋片
T01253,C0116,SKU_011,杯麵
T01253,C0116,SKU_020,葡萄
T01253,C0116,SKU_023,洋芋片
T01253,C0116,SKU_030,SKU_NEW_002
T01254,C1314,SKU_002,起司
T01254,C1314,SKU_004,紅酒
T01254,C1314,SKU_005,塑膠袋
T01254,C1314,SKU_009,礦泉水
T01254,C1314,SKU_018,香蕉
T01255,C1184,SKU_001,尿布
T01255,C1184,SKU_003,啤酒
T01255,C1184,SKU_007,可樂
T01255,C1184,SKU_008,醬油
T01255,C1184,SKU_009,礦泉水
T01255,C1184,SKU_012,麵包
T01256,C1296,SKU_020,葡萄
T01257,C1057,SKU_001,尿布
T01257,C1057,SKU_006,米
T01257,C1057,SKU_008,醬油
T01257,C1057,SKU_009,礦泉水
T01257,C1057,SKU_010,寶特瓶飲料
T01257,C1057,SKU_026,牙膏
T01258,C1011,SKU_005,塑膠袋
T01258,C1011,SKU_027,洗髮精
T01259,C0786,SKU_001,尿布
T01259,C0786,SKU_003,啤酒
T01259,C0786,SKU_010,寶特瓶飲料
T01259,C0786,SKU_013,果醬
T01259,C0786,SKU_018,香蕉
T01259,C0786,SKU_029,SKU_NEW_001
T01260,C0976,SKU_007,可樂
T01260,C0976,SKU_018,香蕉
T01260,C0976,SKU_024,口香糖
T01260,C0976,SKU_025,衛生紙
T01261,C1377,SKU_002,起司
T01261,C1377,SKU_004,紅酒
T01261,C1377,SKU_008,醬油
T01261,C1377,SKU_016,豆漿
T01262,C0143,SKU_005,塑膠袋
T01262,C0143,SKU_027,洗髮精
T01263,C0477,SKU_001,尿布
T01263,C0477,SKU_003,啤酒
T01263,C0477,SKU_006,米
T01263,C0477,SKU_008,醬油
T01263,C0477,SKU_018,香蕉
T01263,C0477,SKU_023,洋芋片
T01263,C0477,SKU_027,洗髮精
T01264,C0105,SKU_001,尿布
T01264,C0105,SKU_024,口香糖
T01265,C1414,SKU_017,蘋果
T01266,C0674,SKU_005,塑膠袋
T01266,C0674,SKU_009,礦泉水
T01266,C0674,SKU_013,果醬
T01266,C0674,SKU_020,葡萄
T01266,C0674,SKU_029,SKU_NEW_001
T01267,C1013,SKU_006,米
T01267,C1013,SKU_014,雪碧
T01267,C1013,SKU_020,葡萄
T01268,C1255,SKU_005,塑膠袋
T01268,C1255,SKU_006,米
T01268,C1255,SKU_008,醬油
T01268,C1255,SKU_010,寶特瓶飲料
T01268,C1255,SKU_024,口香糖
T01268,C1255,SKU_029,SKU_NEW_001
T01269,C1487,SKU_001,尿布
T01269,C1487,SKU_002,起司
T01269,C1487,SKU_003,啤酒
T01269,C1487,SKU_004,紅酒
T01269,C1487,SKU_009,礦泉水
T01269,C1487,SKU_022,巧克力
T01269,C1487,SKU_026,牙膏
T01270,C0243,SKU_003,啤酒
T01270,C0243,SKU_006,米
T01270,C0243,SKU_025,衛生紙
T01270,C0243,SKU_026,牙膏
T01270,C0243,SKU_027,洗髮精
T01271,C1186,SKU_018,香蕉
T01271,C1186,SKU_024,口香糖
T01271,C1186,SKU_025,衛生紙
T01271,C1186,SKU_026,牙膏
T01272,C1321,SKU_001,尿布
T01272,C1321,SKU_009,礦泉水
T01273,C0069,SKU_005,塑膠袋
T01273,C0069,SKU_016,豆漿
T01274,C1125,SKU_019,橘子
T01274,C1125,SKU_022,巧克力
T01275,C0534,SKU_001,尿布
T01275,C0534,SKU_005,塑膠袋
T01275,C0534,SKU_007,可樂
T01275,C0534,SKU_009,礦泉水
T01275,C0534,SKU_020,葡萄
T01275,C0534,SKU_022,巧克力
T01275,C0534,SKU_030,SKU_NEW_002
T01276,C0970,SKU_004,紅酒
T01276,C0970,SKU_008,醬油
T01276,C0970,SKU_021,餅乾
T01276,C0970,SKU_024,口香糖
T01276,C0970,SKU_025,衛生紙
T01277,C0773,SKU_002,起司
T01277,C0773,SKU_003,啤酒
T01277,C0773,SKU_004,紅酒
T01277,C0773,SKU_019,橘子
T01278,C0389,SKU_010,寶特瓶飲料
T01278,C0389,SKU_029,SKU_NEW_001
T01279,C0198,SKU_019,橘子
T01280,C0169,SKU_001,尿布
T01280,C0169,SKU_004,紅酒
T01280,C0169,SKU_020,葡萄
T01280,C0169,SKU_026,牙膏
T01281,C0147,SKU_005,塑膠袋
T01281,C0147,SKU_020,葡萄
T01281,C0147,SKU_027,洗髮精
T01282,C0953,SKU_001,尿布
T01282,C0953,SKU_003,啤酒
T01282,C0953,SKU_013,果醬
T01283,C0531,SKU_006,米
T01284,C0319,SKU_002,起司
T01284,C0319,SKU_005,塑膠袋
T01284,C0319,SKU_029,SKU_NEW_001
T01284,C0319,SKU_030,SKU_NEW_002
T01285,C1044,SKU_001,尿布
T01285,C1044,SKU_003,啤酒
T01285,C1044,SKU_009,礦泉水
T01285,C1044,SKU_012,麵包
T01285,C1044,SKU_018,香蕉
T01286,C1034,SKU_002,起司
T01287,C0809,SKU_009,礦泉水
T01287,C0809,SKU_010,寶特瓶飲料
T01288,C1398,SKU_016,豆漿
T01288,C1398,SKU_029,SKU_NEW_001
T01289,C0582,SKU_010,寶特瓶飲料
T01289,C0582,SKU_023,洋芋片
T01289,C0582,SKU_027,洗髮精
T01289,C0582,SKU_029,SKU_NEW_001
T01290,C1247,SKU_007,可樂
T01290,C1247,SKU_019,橘子
T01290,C1247,SKU_024,口香糖
T01290,C1247,SKU_027,洗髮精
T01291,C0111,SKU_007,可樂
T01291,C0111,SKU_010,寶特瓶飲料
T01291,C0111,SKU_029,SKU_NEW_001
T01292,C1109,SKU_007,可樂
T01292,C1109,SKU_009,礦泉水
T01292,C1109,SKU_030,SKU_NEW_002
T01293,C1482,SKU_005,塑膠袋
T01293,C1482,SKU_008,醬油
T01293,C1482,SKU_009,礦泉水
T01293,C1482,SKU_015,牛奶
T01293,C1482,SKU_023,洋芋片
T01294,C1264,SKU_005,塑膠袋
T01294,C1264,SKU_007,可樂
T01294,C1264,SKU_009,礦泉水
T01295,C0873,SKU_007,可樂
T01295,C0873,SKU_010,寶特瓶飲料
T01295,C0873,SKU_021,餅乾
T01296,C0938,SKU_002,起司
T01296,C0938,SKU_004,紅酒
T01296,C0938,SKU_017,蘋果
T01296,C0938,SKU_020,葡萄
T01296,C0938,SKU_024,口香糖
T01296,C0938,SKU_027,洗髮精
T01297,C0533,SKU_005,塑膠袋
T01297,C0533,SKU_007,可樂
T01297,C0533,SKU_010,寶特瓶飲料
T01297,C0533,SKU_020,葡萄
T01298,C1021,SKU_017,蘋果
T01298,C1021,SKU_021,餅乾
T01298,C1021,SKU_023,洋芋片
T01298,C1021,SKU_026,牙膏
T01298,C1021,SKU_029,SKU_NEW_001
T01298,C1021,SKU_030,SKU_NEW_002
T01299,C1145,SKU_001,尿布
T01299,C1145,SKU_003,啤酒
T01299,C1145,SKU_012,麵包
T01299,C1145,SKU_017,蘋果
T01299,C1145,SKU_023,洋芋片
T01300,C1497,SKU_001,尿布
T01300,C1497,SKU_003,啤酒
T01300,C1497,SKU_017,蘋果
T01301,C0740,SKU_002,起司
T01301,C0740,SKU_003,啤酒
T01301,C0740,SKU_004,紅酒
T01301,C0740,SKU_010,寶特瓶飲料
T01301,C0740,SKU_012,麵包
T01302,C0088,SKU_005,塑膠袋
T01302,C0088,SKU_006,米
T01302,C0088,SKU_007,可樂
T01302,C0088,SKU_008,醬油
T01302,C0088,SKU_010,寶特瓶飲料
T01303,C0895,SKU_003,啤酒
T01303,C0895,SKU_009,礦泉水
T01303,C0895,SKU_019,橘子
T01304,C0171,SKU_002,起司
T01304,C0171,SKU_004,紅酒
T01304,C0171,SKU_005,塑膠袋
T01304,C0171,SKU_006,米
T01304,C0171,SKU_008,醬油
T01304,C0171,SKU_009,礦泉水
T01305,C0367,SKU_004,紅酒
T01305,C0367,SKU_006,米
T01305,C0367,SKU_010,寶特瓶飲料
T01305,C0367,SKU_012,麵包
T01305,C0367,SKU_021,餅乾
T01305,C0367,SKU_023,洋芋片
T01305,C0367,SKU_030,SKU_NEW_002
T01306,C0497,SKU_002,起司
T01306,C0497,SKU_004,紅酒
T01307,C1098,SKU_007,可樂
T01307,C1098,SKU_010,寶特瓶飲料
T01307,C1098,SKU_023,洋芋片
T01307,C1098,SKU_027,洗髮精
T01308,C0272,SKU_007,可樂
T01308,C0272,SKU_009,礦泉水
T01308,C0272,SKU_011,杯麵
T01308,C0272,SKU_028,茶包
T01309,C0248,SKU_005,塑膠袋
T01309,C0248,SKU_009,礦泉水
T01309,C0248,SKU_015,牛奶
T01310,C0063,SKU_005,塑膠袋
T01310,C0063,SKU_007,可樂
T01310,C0063,SKU_018,香蕉
T01310,C0063,SKU_025,衛生紙
T01311,C1302,SKU_006,米
T01311,C1302,SKU_009,礦泉水
T01311,C1302,SKU_020,葡萄
T01312,C1047,SKU_001,尿布
T01312,C1047,SKU_012,麵包
T01313,C0057,SKU_018,香蕉
T01313,C0057,SKU_029,SKU_NEW_001
T01313,C0057,SKU_030,SKU_NEW_002
T01314,C0041,SKU_007,可樂
T01314,C0041,SKU_012,麵包
T01314,C0041,SKU_017,蘋果
T01314,C0041,SKU_029,SKU_NEW_001
T01315,C0843,SKU_001,尿布
T01315,C0843,SKU_004,紅酒
T01315,C0843,SKU_005,塑膠袋
T01315,C0843,SKU_013,果醬
T01315,C0843,SKU_017,蘋果
T01316,C0424,SKU_002,起司
T01316,C0424,SKU_003,啤酒
T01316,C0424,SKU_009,礦泉水
T01316,C0424,SKU_025,衛生紙
T01317,C0896,SKU_001,尿布
T01317,C0896,SKU_003,啤酒
T01317,C0896,SKU_006,米
T01317,C0896,SKU_009,礦泉水
T01318,C0659,SKU_002,起司
T01318,C0659,SKU_003,啤酒
T01318,C0659,SKU_015,牛奶
T01318,C0659,SKU_022,巧克力
T01318,C0659,SKU_027,洗髮精
T01319,C1385,SKU_001,尿布
T01319,C1385,SKU_007,可樂
T01319,C1385,SKU_017,蘋果
T01319,C1385,SKU_025,衛生紙
T01319,C1385,SKU_026,牙膏
T01320,C0434,SKU_001,尿布
T01320,C0434,SKU_003,啤酒
T01320,C0434,SKU_005,塑膠袋
T01320,C0434,SKU_016,豆漿
T01320,C0434,SKU_024,口香糖
T01320,C0434,SKU_030,SKU_NEW_002
T01321,C1020,SKU_005,塑膠袋
T01321,C1020,SKU_006,米
T01321,C1020,SKU_008,醬油
T01321,C1020,SKU_009,礦泉水
T01321,C1020,SKU_024,口香糖
T01321,C1020,SKU_026,牙膏
T01322,C0077,SKU_008,醬油
T01322,C0077,SKU_011,杯麵
T01322,C0077,SKU_020,葡萄
T01323,C1431,SKU_001,尿布
T01323,C1431,SKU_018,香蕉
T01323,C1431,SKU_024,口香糖
T01324,C1470,SKU_001,尿布
T01324,C1470,SKU_003,啤酒
T01324,C1470,SKU_005,塑膠袋
T01325,C1108,SKU_001,尿布
T01325,C1108,SKU_002,起司
T01325,C1108,SKU_003,啤酒
T01325,C1108,SKU_004,紅酒
T01325,C1108,SKU_005,塑膠袋
T01325,C1108,SKU_010,寶特瓶飲料
T01325,C1108,SKU_011,杯麵
T01326,C0705,SKU_002,起司
T01326,C0705,SKU_004,紅酒
T01326,C0705,SKU_018,香蕉
T01326,C0705,SKU_020,葡萄
T01327,C0325,SKU_024,口香糖
T01327,C0325,SKU_025,衛生紙
T01327,C0325,SKU_029,SKU_NEW_001
T01328,C1207,SKU_002,起司
T01328,C1207,SKU_004,紅酒
T01328,C1207,SKU_009,礦泉水
T01328,C1207,SKU_029,SKU_NEW_001
T01329,C1104,SKU_009,礦泉水
T01329,C1104,SKU_011,杯麵
T01329,C1104,SKU_014,雪碧
T01329,C1104,SKU_024,口香糖
T01330,C0328,SKU_014,雪碧
T01331,C0683,SKU_001,尿布
T01331,C0683,SKU_004,紅酒
T01331,C0683,SKU_006,米
T01331,C0683,SKU_026,牙膏
T01332,C0702,SKU_001,尿布
T01332,C0702,SKU_003,啤酒
T01332,C0702,SKU_005,塑膠袋
T01332,C0702,SKU_014,雪碧
T01332,C0702,SKU_021,餅乾
T01333,C1234,SKU_003,啤酒
T01333,C1234,SKU_006,米
T01333,C1234,SKU_008,醬油
T01333,C1234,SKU_022,巧克力
T01334,C1027,SKU_001,尿布
T01334,C1027,SKU_005,塑膠袋
T01334,C1027,SKU_007,可樂
T01334,C1027,SKU_010,寶特瓶飲料
T01334,C1027,SKU_012,麵包
T01334,C1027,SKU_016,豆漿
T01335,C0962,SKU_003,啤酒
T01335,C0962,SKU_006,米
T01335,C0962,SKU_007,可樂
T01335,C0962,SKU_008,醬油
T01335,C0962,SKU_015,牛奶
T01336,C0971,SKU_005,塑膠袋
T01336,C0971,SKU_009,礦泉水
T01336,C0971,SKU_010,寶特瓶飲料
T01336,C0971,SKU_012,麵包
T01337,C0407,SKU_004,紅酒
T01337,C0407,SKU_010,寶特瓶飲料
T01338,C0558,SKU_004,紅酒
T01338,C0558,SKU_005,塑膠袋
T01338,C0558,SKU_020,葡萄
T01338,C0558,SKU_029,SKU_NEW_001
T01339,C0063,SKU_005,塑膠袋
T01339,C0063,SKU_013,果醬
T01339,C0063,SKU_018,香蕉
T01339,C0063,SKU_028,茶包
T01340,C1166,SKU_006,米
T01340,C1166,SKU_007,可樂
T01340,C1166,SKU_014,雪碧
T01341,C0658,SKU_007,可樂
T01341,C0658,SKU_010,寶特瓶飲料
T01341,C0658,SKU_015,牛奶
T01341,C0658,SKU_016,豆漿
T01341,C0658,SKU_025,衛生紙
T01342,C0665,SKU_004,紅酒
T01342,C0665,SKU_019,橘子
T01342,C0665,SKU_021,餅乾
T01342,C0665,SKU_025,衛生紙
T01343,C0369,SKU_024,口香糖
T01343,C0369,SKU_026,牙膏
T01344,C0310,SKU_004,紅酒
T01344,C0310,SKU_006,米
T01344,C0310,SKU_008,醬油
T01344,C0310,SKU_023,洋芋片
T01344,C0310,SKU_024,口香糖
T01345,C0884,SKU_007,可樂
T01345,C0884,SKU_018,香蕉
T01345,C0884,SKU_025,衛生紙
T01346,C0345,SKU_008,醬油
T01346,C0345,SKU_029,SKU_NEW_001
T01347,C0091,SKU_001,尿布
T01347,C0091,SKU_003,啤酒
T01347,C0091,SKU_008,醬油
T01348,C1143,SKU_002,起司
T01348,C1143,SKU_005,塑膠袋
T01348,C1143,SKU_006,米
T01348,C1143,SKU_008,醬油
T01348,C1143,SKU_012,麵包
T01349,C0570,SKU_002,起司
T01349,C0570,SKU_004,紅酒
T01349,C0570,SKU_006,米
T01349,C0570,SKU_008,醬油
T01349,C0570,SKU_011,杯麵
T01349,C0570,SKU_020,葡萄
T01349,C0570,SKU_024,口香糖
T01349,C0570,SKU_030,SKU_NEW_002
T01350,C0575,SKU_004,紅酒
T01350,C0575,SKU_005,塑膠袋
T01350,C0575,SKU_006,米
T01350,C0575,SKU_013,果醬
T01350,C0575,SKU_027,洗髮精
T01351,C0655,SKU_007,可樂
T01351,C0655,SKU_019,橘子
T01351,C0655,SKU_020,葡萄
T01352,C1209,SKU_005,塑膠袋
T01352,C1209,SKU_022,巧克力
T01352,C1209,SKU_024,口香糖
T01353,C0483,SKU_023,洋芋片
T01354,C1131,SKU_006,米
T01354,C1131,SKU_008,醬油
T01354,C1131,SKU_018,香蕉
T01354,C1131,SKU_025,衛生紙
T01355,C1405,SKU_009,礦泉水
T01355,C1405,SKU_019,橘子
T01355,C1405,SKU_020,葡萄
T01355,C1405,SKU_025,衛生紙
T01356,C0991,SKU_001,尿布
T01356,C0991,SKU_003,啤酒
T01356,C0991,SKU_007,可樂
T01356,C0991,SKU_020,葡萄
T01356,C0991,SKU_029,SKU_NEW_001
T01357,C0656,SKU_005,塑膠袋
T01357,C0656,SKU_010,寶特瓶飲料
T01357,C0656,SKU_026,牙膏
T01358,C1117,SKU_009,礦泉水
T01358,C1117,SKU_010,寶特瓶飲料
T01358,C1117,SKU_019,橘子
T01359,C0692,SKU_009,礦泉水
T01359,C0692,SKU_013,果醬
T01359,C0692,SKU_017,蘋果
T01359,C0692,SKU_025,衛生紙
T01360,C0629,SKU_002,起司
T01360,C0629,SKU_004,紅酒
T01360,C0629,SKU_020,葡萄
T01360,C0629,SKU_021,餅乾
T01361,C0786,SKU_008,醬油
T01361,C0786,SKU_012,麵包
T01361,C0786,SKU_023,洋芋片
T01362,C0480,SKU_001,尿布
T01362,C0480,SKU_003,啤酒
T01362,C0480,SKU_006,米
T01362,C0480,SKU_007,可樂
T01362,C0480,SKU_009,礦泉水
T01362,C0480,SKU_010,寶特瓶飲料
T01362,C0480,SKU_014,雪碧
T01362,C0480,SKU_015,牛奶
T01362,C0480,SKU_021,餅乾
T01363,C0149,SKU_005,塑膠袋
T01363,C0149,SKU_006,米
T01363,C0149,SKU_009,礦泉水
T01363,C0149,SKU_029,SKU_NEW_001
T01364,C0629,SKU_017,蘋果
T01364,C0629,SKU_029,SKU_NEW_001
T01365,C0181,SKU_015,牛奶
T01366,C0622,SKU_011,杯麵
T01366,C0622,SKU_027,洗髮精
T01367,C0840,SKU_002,起司
T01367,C0840,SKU_003,啤酒
T01367,C0840,SKU_004,紅酒
T01367,C0840,SKU_010,寶特瓶飲料
T01367,C0840,SKU_023,洋芋片
T01368,C1395,SKU_001,尿布
T01368,C1395,SKU_003,啤酒
T01368,C1395,SKU_006,米
T01368,C1395,SKU_009,礦泉水
T01368,C1395,SKU_013,果醬
T01368,C1395,SKU_028,茶包
T01369,C0050,SKU_004,紅酒
T01369,C0050,SKU_010,寶特瓶飲料
T01369,C0050,SKU_011,杯麵
T01369,C0050,SKU_017,蘋果
T01370,C0931,SKU_002,起司
T01370,C0931,SKU_004,紅酒
T01370,C0931,SKU_005,塑膠袋
T01370,C0931,SKU_007,可樂
T01370,C0931,SKU_010,寶特瓶飲料
T01370,C0931,SKU_013,果醬
T01371,C0692,SKU_002,起司
T01371,C0692,SKU_003,啤酒
T01371,C0692,SKU_011,杯麵
T01371,C0692,SKU_024,口香糖
T01372,C0033,SKU_003,啤酒
T01372,C0033,SKU_004,紅酒
T01372,C0033,SKU_005,塑膠袋
T01372,C0033,SKU_008,醬油
T01372,C0033,SKU_018,香蕉
T01373,C0373,SKU_005,塑膠袋
T01373,C0373,SKU_016,豆漿
T01374,C0171,SKU_001,尿布
T01374,C0171,SKU_003,啤酒
T01374,C0171,SKU_007,可樂
T01374,C0171,SKU_010,寶特瓶飲料
T01374,C0171,SKU_027,洗髮精
T01375,C0319,SKU_001,尿布
T01375,C0319,SKU_003,啤酒
T01375,C0319,SKU_005,塑膠袋
T01375,C0319,SKU_010,寶特瓶飲料
T01375,C0319,SKU_014,雪碧
T01375,C0319,SKU_018,香蕉
T01375,C0319,SKU_021,餅乾
T01376,C0411,SKU_004,紅酒
T01376,C0411,SKU_009,礦泉水
T01376,C0411,SKU_013,果醬
T01376,C0411,SKU_020,葡萄
T01377,C0611,SKU_001,尿布
T01377,C0611,SKU_003,啤酒
T01377,C0611,SKU_019,橘子
T01377,C0611,SKU_027,洗髮精
T01378,C0794,SKU_016,豆漿
T01378,C0794,SKU_021,餅乾
T01378,C0794,SKU_029,SKU_NEW_001
T01379,C0002,SKU_005,塑膠袋
T01379,C0002,SKU_007,可樂
T01379,C0002,SKU_008,醬油
T01379,C0002,SKU_010,寶特瓶飲料
T01379,C0002,SKU_021,餅乾
T01380,C0243,SKU_008,醬油
T01380,C0243,SKU_030,SKU_NEW_002
T01381,C0133,SKU_003,啤酒
T01381,C0133,SKU_014,雪碧
T01381,C0133,SKU_015,牛奶
T01381,C0133,SKU_016,豆漿
T01381,C0133,SKU_023,洋芋片
T01381,C0133,SKU_028,茶包
T01382,C0828,SKU_015,牛奶
T01382,C0828,SKU_022,巧克力
T01382,C0828,SKU_023,洋芋片
T01382,C0828,SKU_030,SKU_NEW_002
T01383,C0497,SKU_001,尿布
T01383,C0497,SKU_003,啤酒
T01383,C0497,SKU_005,塑膠袋
T01383,C0497,SKU_007,可樂
T01384,C0825,SKU_003,啤酒
T01384,C0825,SKU_005,塑膠袋
T01384,C0825,SKU_009,礦泉水
T01384,C0825,SKU_014,雪碧
T01384,C0825,SKU_015,牛奶
T01384,C0825,SKU_017,蘋果
T01384,C0825,SKU_024,口香糖
T01385,C0328,SKU_003,啤酒
T01385,C0328,SKU_009,礦泉水
T01386,C0036,SKU_023,洋芋片
T01386,C0036,SKU_030,SKU_NEW_002
T01387,C1408,SKU_001,尿布
T01387,C1408,SKU_003,啤酒
T01387,C1408,SKU_005,塑膠袋
T01387,C1408,SKU_018,香蕉
T01387,C1408,SKU_028,茶包
T01388,C0155,SKU_001,尿布
T01388,C0155,SKU_010,寶特瓶飲料
T01388,C0155,SKU_023,洋芋片
T01388,C0155,SKU_024,口香糖
T01388,C0155,SKU_025,衛生紙
T01389,C0186,SKU_005,塑膠袋
T01389,C0186,SKU_006,米
T01389,C0186,SKU_020,葡萄
T01389,C0186,SKU_021,餅乾
T01390,C0219,SKU_020,葡萄
T01390,C0219,SKU_021,餅乾
T01390,C0219,SKU_028,茶包
T01391,C1470,SKU_001,尿布
T01391,C1470,SKU_007,可樂
T01391,C1470,SKU_014,雪碧
T01392,C0925,SKU_003,啤酒
T01392,C0925,SKU_007,可樂
T01392,C0925,SKU_025,衛生紙
T01392,C0925,SKU_028,茶包
T01393,C0916,SKU_005,塑膠袋
T01393,C0916,SKU_006,米
T01393,C0916,SKU_008,醬油
T01393,C0916,SKU_009,礦泉水
T01393,C0916,SKU_023,洋芋片
T01393,C0916,SKU_030,SKU_NEW_002
T01394,C1478,SKU_001,尿布
T01394,C1478,SKU_002,起司
T01394,C1478,SKU_003,啤酒
T01394,C1478,SKU_004,紅酒
T01394,C1478,SKU_021,餅乾
T01394,C1478,SKU_025,衛生紙
T01395,C0125,SKU_001,尿布
T01395,C0125,SKU_003,啤酒
T01395,C0125,SKU_010,寶特瓶飲料
T01396,C1459,SKU_003,啤酒
T01396,C1459,SKU_009,礦泉水
T01396,C1459,SKU_022,巧克力
T01396,C1459,SKU_023,洋芋片
T01397,C0304,SKU_014,雪碧
T01397,C0304,SKU_018,香蕉
T01397,C0304,SKU_029,SKU_NEW_001
T01397,C0304,SKU_030,SKU_NEW_002
T01398,C0932,SKU_007,可樂
T01398,C0932,SKU_009,礦泉水
T01398,C0932,SKU_013,果醬
T01399,C0637,SKU_013,果醬
T01399,C0637,SKU_016,豆漿
T01400,C0581,SKU_009,礦泉水
T01401,C1395,SKU_009,礦泉水
T01401,C1395,SKU_010,寶特瓶飲料
T01401,C1395,SKU_015,牛奶
T01401,C1395,SKU_027,洗髮精
T01402,C0223,SKU_004,紅酒
T01402,C0223,SKU_006,米
T01402,C0223,SKU_029,SKU_NEW_001
T01403,C1495,SKU_002,起司
T01403,C1495,SKU_006,米
T01403,C1495,SKU_008,醬油
T01403,C1495,SKU_016,豆漿
T01403,C1495,SKU_019,橘子
T01403,C1495,SKU_020,葡萄
T01404,C0573,SKU_008,醬油
T01404,C0573,SKU_009,礦泉水
T01404,C0573,SKU_020,葡萄
T01405,C0970,SKU_002,起司
T01405,C0970,SKU_006,米
T01405,C0970,SKU_008,醬油
T01405,C0970,SKU_027,洗髮精
T01406,C1450,SKU_006,米
T01406,C1450,SKU_008,醬油
T01406,C1450,SKU_010,寶特瓶飲料
T01406,C1450,SKU_013,果醬
T01406,C1450,SKU_014,雪碧
T01407,C0082,SKU_010,寶特瓶飲料
T01407,C0082,SKU_022,巧克力
T01408,C1383,SKU_001,尿布
T01408,C1383,SKU_009,礦泉水
T01408,C1383,SKU_028,茶包
T01409,C0856,SKU_001,尿布
T01409,C0856,SKU_003,啤酒
T01409,C0856,SKU_006,米
T01409,C0856,SKU_007,可樂
T01409,C0856,SKU_008,醬油
T01409,C0856,SKU_010,寶特瓶飲料
T01409,C0856,SKU_019,橘子
T01410,C1065,SKU_002,起司
T01410,C1065,SKU_004,紅酒
T01410,C1065,SKU_006,米
T01410,C1065,SKU_008,醬油
T01410,C1065,SKU_010,寶特瓶飲料
T01411,C0223,SKU_010,寶特瓶飲料
T01411,C0223,SKU_019,橘子
T01411,C0223,SKU_022,巧克力
T01412,C0800,SKU_002,起司
T01412,C0800,SKU_004,紅酒
T01412,C0800,SKU_007,可樂
T01412,C0800,SKU_009,礦泉水
T01412,C0800,SKU_019,橘子
T01413,C1010,SKU_010,寶特瓶飲料
T01413,C1010,SKU_018,香蕉
T01413,C1010,SKU_023,洋芋片
T01413,C1010,SKU_030,SKU_NEW_002
T01414,C0690,SKU_002,起司
T01414,C0690,SKU_015,牛奶
T01414,C0690,SKU_025,衛生紙
T01414,C0690,SKU_029,SKU_NEW_001
T01415,C0231,SKU_003,啤酒
T01415,C0231,SKU_004,紅酒
T01415,C0231,SKU_012,麵包
T01415,C0231,SKU_014,雪碧
T01416,C0367,SKU_002,起司
T01416,C0367,SKU_003,啤酒
T01416,C0367,SKU_004,紅酒
T01416,C0367,SKU_024,口香糖
T01417,C1275,SKU_010,寶特瓶飲料
T01417,C1275,SKU_027,洗髮精
T01418,C0049,SKU_001,尿布
T01418,C0049,SKU_003,啤酒
T01418,C0049,SKU_009,礦泉水
T01418,C0049,SKU_018,香蕉
T01419,C1070,SKU_003,啤酒
T01419,C1070,SKU_006,米
T01419,C1070,SKU_008,醬油
T01420,C1498,SKU_006,米
T01420,C1498,SKU_008,醬油
T01420,C1498,SKU_018,香蕉
T01420,C1498,SKU_020,葡萄
T01420,C1498,SKU_022,巧克力
T01421,C0013,SKU_005,塑膠袋
T01421,C0013,SKU_007,可樂
T01421,C0013,SKU_010,寶特瓶飲料
T01421,C0013,SKU_016,豆漿
T01421,C0013,SKU_018,香蕉
T01421,C0013,SKU_025,衛生紙
T01422,C0241,SKU_009,礦泉水
T01422,C0241,SKU_013,果醬
T01422,C0241,SKU_027,洗髮精
T01423,C1011,SKU_008,醬油
T01423,C1011,SKU_011,杯麵
T01423,C1011,SKU_012,麵包
T01423,C1011,SKU_025,衛生紙
T01424,C0085,SKU_002,起司
T01424,C0085,SKU_004,紅酒
T01424,C0085,SKU_013,果醬
T01424,C0085,SKU_017,蘋果
T01424,C0085,SKU_029,SKU_NEW_001
T01425,C0887,SKU_002,起司
T01425,C0887,SKU_004,紅酒
T01425,C0887,SKU_006,米
T01425,C0887,SKU_007,可樂
T01425,C0887,SKU_008,醬油
T01425,C0887,SKU_014,雪碧
T01425,C0887,SKU_026,牙膏
T01425,C0887,SKU_028,茶包
T01426,C1027,SKU_001,尿布
T01426,C1027,SKU_005,塑膠袋
T01426,C1027,SKU_010,寶特瓶飲料
T01426,C1027,SKU_027,洗髮精
T01427,C0885,SKU_013,果醬
T01427,C0885,SKU_025,衛生紙
T01428,C0550,SKU_002,起司
T01428,C0550,SKU_004,紅酒
T01428,C0550,SKU_007,可樂
T01428,C0550,SKU_008,醬油
T01429,C1055,SKU_005,塑膠袋
T01429,C1055,SKU_008,醬油
T01429,C1055,SKU_022,巧克力
T01429,C1055,SKU_025,衛生紙
T01430,C0893,SKU_005,塑膠袋
T01430,C0893,SKU_011,杯麵
T01431,C0309,SKU_009,礦泉水
T01431,C0309,SKU_010,寶特瓶飲料
T01432,C0850,SKU_004,紅酒
T01432,C0850,SKU_010,寶特瓶飲料
T01432,C0850,SKU_015,牛奶
T01432,C0850,SKU_021,餅乾
T01433,C1314,SKU_004,紅酒
T01433,C1314,SKU_010,寶特瓶飲料
T01434,C1000,SKU_004,紅酒
T01434,C1000,SKU_005,塑膠袋
T01434,C1000,SKU_007,可樂
T01434,C1000,SKU_011,杯麵
T01434,C1000,SKU_021,餅乾
T01434,C1000,SKU_028,茶包
T01435,C0715,SKU_001,尿布
T01435,C0715,SKU_003,啤酒
T01435,C0715,SKU_010,寶特瓶飲料
T01435,C0715,SKU_012,麵包
T01435,C0715,SKU_013,果醬
T01435,C0715,SKU_017,蘋果
T01435,C0715,SKU_030,SKU_NEW_002
T01436,C0484,SKU_001,尿布
T01436,C0484,SKU_005,塑膠袋
T01436,C0484,SKU_009,礦泉水
T01436,C0484,SKU_019,橘子
T01436,C0484,SKU_023,洋芋片
T01436,C0484,SKU_029,SKU_NEW_001
T01437,C0123,SKU_007,可樂
T01437,C0123,SKU_022,巧克力
T01437,C0123,SKU_023,洋芋片
T01437,C0123,SKU_028,茶包
T01438,C0367,SKU_003,啤酒
T01438,C0367,SKU_005,塑膠袋
T01438,C0367,SKU_006,米
T01438,C0367,SKU_008,醬油
T01438,C0367,SKU_016,豆漿
T01438,C0367,SKU_020,葡萄
T01439,C0019,SKU_002,起司
T01439,C0019,SKU_008,醬油
T01439,C0019,SKU_012,麵包
T01439,C0019,SKU_021,餅乾
T01439,C0019,SKU_024,口香糖
T01440,C1478,SKU_002,起司
T01440,C1478,SKU_004,紅酒
T01440,C1478,SKU_005,塑膠袋
T01440,C1478,SKU_007,可樂
T01440,C1478,SKU_014,雪碧
T01440,C1478,SKU_030,SKU_NEW_002
T01441,C0329,SKU_008,醬油
T01442,C1209,SKU_006,米
T01442,C1209,SKU_007,可樂
T01442,C1209,SKU_008,醬油
T01442,C1209,SKU_009,礦泉水
T01442,C1209,SKU_018,香蕉
T01442,C1209,SKU_029,SKU_NEW_001
T01443,C0252,SKU_003,啤酒
T01443,C0252,SKU_005,塑膠袋
T01443,C0252,SKU_019,橘子
T01443,C0252,SKU_024,口香糖
T01444,C0427,SKU_006,米
T01444,C0427,SKU_008,醬油
T01444,C0427,SKU_015,牛奶
T01444,C0427,SKU_027,洗髮精
T01445,C0635,SKU_005,塑膠袋
T01445,C0635,SKU_022,巧克力
T01445,C0635,SKU_025,衛生紙
T01446,C0489,SKU_008,醬油
T01446,C0489,SKU_024,口香糖
T01447,C1185,SKU_019,橘子
T01447,C1185,SKU_029,SKU_NEW_001
T01448,C1435,SKU_001,尿布
T01448,C1435,SKU_002,起司
T01448,C1435,SKU_016,豆漿
T01449,C1304,SKU_004,紅酒
T01449,C1304,SKU_008,醬油
T01449,C1304,SKU_024,口香糖
T01450,C0230,SKU_004,紅酒
T01450,C0230,SKU_009,礦泉水
T01450,C0230,SKU_027,洗髮精
T01451,C1153,SKU_002,起司
T01451,C1153,SKU_004,紅酒
T01451,C1153,SKU_006,米
T01451,C1153,SKU_009,礦泉水
T01451,C1153,SKU_010,寶特瓶飲料
T01451,C1153,SKU_017,蘋果
T01451,C1153,SKU_025,衛生紙
T01452,C0221,SKU_001,尿布
T01452,C0221,SKU_006,米
T01452,C0221,SKU_008,醬油
T01453,C1369,SKU_001,尿布
T01453,C1369,SKU_003,啤酒
T01453,C1369,SKU_024,口香糖
T01454,C0776,SKU_028,茶包
T01455,C0509,SKU_004,紅酒
T01455,C0509,SKU_015,牛奶
T01456,C0234,SKU_020,葡萄
T01457,C0019,SKU_007,可樂
T01457,C0019,SKU_009,礦泉水
T01457,C0019,SKU_012,麵包
T01457,C0019,SKU_014,雪碧
T01457,C0019,SKU_016,豆漿
T01457,C0019,SKU_017,蘋果
T01457,C0019,SKU_026,牙膏
T01457,C0019,SKU_027,洗髮精
T01458,C0371,SKU_005,塑膠袋
T01458,C0371,SKU_006,米
T01458,C0371,SKU_007,可樂
T01458,C0371,SKU_008,醬油
T01458,C0371,SKU_009,礦泉水
T01458,C0371,SKU_010,寶特瓶飲料
T01458,C0371,SKU_011,杯麵
T01458,C0371,SKU_017,蘋果
T01459,C1371,SKU_013,果醬
T01459,C1371,SKU_015,牛奶
T01459,C1371,SKU_030,SKU_NEW_002
T01460,C1183,SKU_002,起司
T01460,C1183,SKU_004,紅酒
T01460,C1183,SKU_006,米
T01460,C1183,SKU_009,礦泉水
T01460,C1183,SKU_010,寶特瓶飲料
T01460,C1183,SKU_018,香蕉
T01461,C1452,SKU_005,塑膠袋
T01461,C1452,SKU_011,杯麵
T01461,C1452,SKU_016,豆漿
T01461,C1452,SKU_022,巧克力
T01461,C1452,SKU_030,SKU_NEW_002
T01462,C0144,SKU_003,啤酒
T01462,C0144,SKU_009,礦泉水
T01463,C0890,SKU_002,起司
T01463,C0890,SKU_004,紅酒
T01463,C0890,SKU_010,寶特瓶飲料
T01463,C0890,SKU_020,葡萄
T01463,C0890,SKU_027,洗髮精
T01464,C0385,SKU_004,紅酒
T01465,C0815,SKU_008,醬油
T01465,C0815,SKU_009,礦泉水
T01465,C0815,SKU_010,寶特瓶飲料
T01465,C0815,SKU_019,橘子
T01466,C0483,SKU_007,可樂
T01466,C0483,SKU_024,口香糖
T01467,C0427,SKU_004,紅酒
T01467,C0427,SKU_015,牛奶
T01467,C0427,SKU_019,橘子
T01467,C0427,SKU_027,洗髮精
T01468,C0864,SKU_021,餅乾
T01468,C0864,SKU_024,口香糖
T01469,C0271,SKU_001,尿布
T01469,C0271,SKU_002,起司
T01469,C0271,SKU_003,啤酒
T01469,C0271,SKU_004,紅酒
T01469,C0271,SKU_007,可樂
T01469,C0271,SKU_011,杯麵
T01470,C0711,SKU_004,紅酒
T01470,C0711,SKU_005,塑膠袋
T01470,C0711,SKU_010,寶特瓶飲料
T01471,C0973,SKU_007,可樂
T01471,C0973,SKU_015,牛奶
T01471,C0973,SKU_029,SKU_NEW_001
T01472,C0188,SKU_007,可樂
T01472,C0188,SKU_013,果醬
T01472,C0188,SKU_021,餅乾
T01473,C1395,SKU_008,醬油
T01473,C1395,SKU_009,礦泉水
T01473,C1395,SKU_021,餅乾
T01474,C0760,SKU_007,可樂
T01475,C1219,SKU_001,尿布
T01475,C1219,SKU_003,啤酒
T01475,C1219,SKU_009,礦泉水
T01476,C0979,SKU_028,茶包
T01476,C0979,SKU_030,SKU_NEW_002
T01477,C1071,SKU_009,礦泉水
T01477,C1071,SKU_024,口香糖
T01477,C1071,SKU_025,衛生紙
T01477,C1071,SKU_027,洗髮精
T01478,C1081,SKU_003,啤酒
T01478,C1081,SKU_008,醬油
T01478,C1081,SKU_018,香蕉
T01478,C1081,SKU_023,洋芋片
T01479,C1304,SKU_010,寶特瓶飲料
T01479,C1304,SKU_013,果醬
T01479,C1304,SKU_029,SKU_NEW_001
T01480,C0919,SKU_009,礦泉水
T01480,C0919,SKU_015,牛奶
T01481,C0416,SKU_001,尿布
T01481,C0416,SKU_007,可樂
T01481,C0416,SKU_018,香蕉
T01481,C0416,SKU_019,橘子
T01481,C0416,SKU_028,茶包
T01482,C0143,SKU_001,尿布
T01482,C0143,SKU_003,啤酒
T01482,C0143,SKU_010,寶特瓶飲料
T01482,C0143,SKU_020,葡萄
T01483,C0911,SKU_005,塑膠袋
T01483,C0911,SKU_006,米
T01483,C0911,SKU_008,醬油
T01483,C0911,SKU_010,寶特瓶飲料
T01483,C0911,SKU_026,牙膏
T01483,C0911,SKU_027,洗髮精
T01484,C0094,SKU_002,起司
T01484,C0094,SKU_004,紅酒
T01484,C0094,SKU_013,果醬
T01484,C0094,SKU_019,橘子
T01485,C0362,SKU_009,礦泉水
T01485,C0362,SKU_014,雪碧
T01486,C0086,SKU_001,尿布
T01486,C0086,SKU_005,塑膠袋
T01486,C0086,SKU_007,可樂
T01486,C0086,SKU_015,牛奶
T01486,C0086,SKU_018,香蕉
T01487,C0827,SKU_005,塑膠袋
T01487,C0827,SKU_013,果醬
T01487,C0827,SKU_025,衛生紙
T01487,C0827,SKU_026,牙膏
T01487,C0827,SKU_027,洗髮精
T01488,C0240,SKU_014,雪碧
T01488,C0240,SKU_015,牛奶
T01489,C0916,SKU_011,杯麵
T01489,C0916,SKU_013,果醬
T01489,C0916,SKU_027,洗髮精
T01490,C1173,SKU_002,起司
T01490,C1173,SKU_004,紅酒
T01490,C1173,SKU_006,米
T01490,C1173,SKU_022,巧克力
T01490,C1173,SKU_027,洗髮精
T01491,C1225,SKU_024,口香糖
T01491,C1225,SKU_025,衛生紙
T01492,C0467,SKU_011,杯麵
T01492,C0467,SKU_019,橘子
T01492,C0467,SKU_030,SKU_NEW_002
T01493,C0827,SKU_006,米
T01493,C0827,SKU_008,醬油
T01493,C0827,SKU_020,葡萄
T01494,C0850,SKU_009,礦泉水
T01494,C0850,SKU_010,寶特瓶飲料
T01494,C0850,SKU_022,巧克力
T01495,C0716,SKU_001,尿布
T01495,C0716,SKU_003,啤酒
T01495,C0716,SKU_006,米
T01495,C0716,SKU_008,醬油
T01495,C0716,SKU_014,雪碧
T01495,C0716,SKU_020,葡萄
T01495,C0716,SKU_024,口香糖
T01495,C0716,SKU_026,牙膏
T01495,C0716,SKU_028,茶包
T01495,C0716,SKU_030,SKU_NEW_002
T01496,C0980,SKU_002,起司
T01496,C0980,SKU_004,紅酒
T01496,C0980,SKU_009,礦泉水
T01496,C0980,SKU_024,口香糖
T01496,C0980,SKU_025,衛生紙
T01497,C0311,SKU_004,紅酒
T01497,C0311,SKU_005,塑膠袋
T01497,C0311,SKU_007,可樂
T01497,C0311,SKU_010,寶特瓶飲料
T01497,C0311,SKU_013,果醬
T01497,C0311,SKU_019,橘子
T01497,C0311,SKU_023,洋芋片
T01497,C0311,SKU_028,茶包
T01498,C1468,SKU_016,豆漿
T01499,C0140,SKU_010,寶特瓶飲料
T01499,C0140,SKU_023,洋芋片
T01499,C0140,SKU_027,洗髮精
T01500,C1237,SKU_013,果醬
T01500,C1237,SKU_018,香蕉
T01500,C1237,SKU_019,橘子
T01501,C0893,SKU_001,尿布
T01501,C0893,SKU_002,起司
T01501,C0893,SKU_003,啤酒
T01501,C0893,SKU_006,米
T01501,C0893,SKU_008,醬油
T01501,C0893,SKU_009,礦泉水
T01501,C0893,SKU_010,寶特瓶飲料
T01501,C0893,SKU_012,麵包
T01501,C0893,SKU_013,果醬
T01501,C0893,SKU_030,SKU_NEW_002
T01502,C0367,SKU_001,尿布
T01502,C0367,SKU_003,啤酒
T01502,C0367,SKU_004,紅酒
T01502,C0367,SKU_006,米
T01502,C0367,SKU_008,醬油
T01502,C0367,SKU_009,礦泉水
T01502,C0367,SKU_010,寶特瓶飲料
T01503,C1114,SKU_014,雪碧
T01503,C1114,SKU_020,葡萄
T01503,C1114,SKU_025,衛生紙
T01504,C0122,SKU_001,尿布
T01504,C0122,SKU_005,塑膠袋
T01504,C0122,SKU_006,米
T01504,C0122,SKU_029,SKU_NEW_001
T01505,C1150,SKU_005,塑膠袋
T01505,C1150,SKU_009,礦泉水
T01505,C1150,SKU_010,寶特瓶飲料
T01505,C1150,SKU_027,洗髮精
T01506,C0888,SKU_002,起司
T01506,C0888,SKU_004,紅酒
T01506,C0888,SKU_005,塑膠袋
T01506,C0888,SKU_006,米
T01506,C0888,SKU_007,可樂
T01506,C0888,SKU_012,麵包
T01506,C0888,SKU_026,牙膏
T01507,C0159,SKU_002,起司
T01507,C0159,SKU_004,紅酒
T01507,C0159,SKU_008,醬油
T01508,C0114,SKU_013,果醬
T01508,C0114,SKU_027,洗髮精
T01509,C1120,SKU_004,紅酒
T01509,C1120,SKU_007,可樂
T01509,C1120,SKU_019,橘子
T01509,C1120,SKU_021,餅乾
T01510,C0441,SKU_002,起司
T01510,C0441,SKU_006,米
T01510,C0441,SKU_008,醬油
T01510,C0441,SKU_009,礦泉水
T01511,C1325,SKU_002,起司
T01511,C1325,SKU_004,紅酒
T01511,C1325,SKU_006,米
T01511,C1325,SKU_007,可樂
T01511,C1325,SKU_008,醬油
T01511,C1325,SKU_018,香蕉
T01512,C1137,SKU_001,尿布
T01512,C1137,SKU_003,啤酒
T01512,C1137,SKU_005,塑膠袋
T01512,C1137,SKU_010,寶特瓶飲料
T01512,C1137,SKU_022,巧克力
T01512,C1137,SKU_025,衛生紙
T01512,C1137,SKU_026,牙膏
T01513,C1057,SKU_001,尿布
T01513,C1057,SKU_005,塑膠袋
T01513,C1057,SKU_008,醬油
T01513,C1057,SKU_015,牛奶
T01513,C1057,SKU_019,橘子
T01513,C1057,SKU_022,巧克力
T01513,C1057,SKU_029,SKU_NEW_001
T01513,C1057,SKU_030,SKU_NEW_002
T01514,C0416,SKU_002,起司
T01514,C0416,SKU_004,紅酒
T01514,C0416,SKU_007,可樂
T01514,C0416,SKU_015,牛奶
T01514,C0416,SKU_022,巧克力
T01515,C1070,SKU_001,尿布
T01515,C1070,SKU_018,香蕉
T01516,C1418,SKU_001,尿布
T01516,C1418,SKU_003,啤酒
T01516,C1418,SKU_006,米
T01516,C1418,SKU_008,醬油
T01517,C0129,SKU_006,米
T01517,C0129,SKU_008,醬油
T01517,C0129,SKU_010,寶特瓶飲料
T01517,C0129,SKU_021,餅乾
T01517,C0129,SKU_027,洗髮精
T01518,C0491,SKU_001,尿布
T01518,C0491,SKU_003,啤酒
T01518,C0491,SKU_009,礦泉水
T01518,C0491,SKU_025,衛生紙
T01519,C0351,SKU_005,塑膠袋
T01519,C0351,SKU_024,口香糖
T01520,C0595,SKU_007,可樂
T01520,C0595,SKU_013,果醬
T01520,C0595,SKU_017,蘋果
T01520,C0595,SKU_030,SKU_NEW_002
T01521,C1112,SKU_001,尿布
T01521,C1112,SKU_005,塑膠袋
T01521,C1112,SKU_010,寶特瓶飲料
T01521,C1112,SKU_013,果醬
T01522,C0717,SKU_001,尿布
T01522,C0717,SKU_003,啤酒
T01522,C0717,SKU_009,礦泉水
T01522,C0717,SKU_022,巧克力
T01523,C0860,SKU_029,SKU_NEW_001
T01524,C0475,SKU_001,尿布
T01524,C0475,SKU_006,米
T01524,C0475,SKU_007,可樂
T01524,C0475,SKU_008,醬油
T01524,C0475,SKU_010,寶特瓶飲料
T01524,C0475,SKU_019,橘子
T01524,C0475,SKU_023,洋芋片
T01524,C0475,SKU_027,洗髮精
T01524,C0475,SKU_029,SKU_NEW_001
T01525,C0208,SKU_004,紅酒
T01525,C0208,SKU_005,塑膠袋
T01525,C0208,SKU_014,雪碧
T01525,C0208,SKU_016,豆漿
T01526,C0401,SKU_006,米
T01526,C0401,SKU_008,醬油
T01526,C0401,SKU_025,衛生紙
T01526,C0401,SKU_030,SKU_NEW_002
T01527,C1280,SKU_005,塑膠袋
T01528,C0902,SKU_005,塑膠袋
T01528,C0902,SKU_006,米
T01528,C0902,SKU_007,可樂
T01528,C0902,SKU_008,醬油
T01528,C0902,SKU_017,蘋果
T01528,C0902,SKU_020,葡萄
T01528,C0902,SKU_021,餅乾
T01529,C0572,SKU_003,啤酒
T01529,C0572,SKU_005,塑膠袋
T01529,C0572,SKU_010,寶特瓶飲料
T01529,C0572,SKU_013,果醬
T01529,C0572,SKU_014,雪碧
T01529,C0572,SKU_021,餅乾
T01529,C0572,SKU_025,衛生紙
T01530,C1172,SKU_003,啤酒
T01530,C1172,SKU_005,塑膠袋
T01530,C1172,SKU_015,牛奶
T01531,C0091,SKU_009,礦泉水
T01531,C0091,SKU_017,蘋果
T01531,C0091,SKU_018,香蕉
T01532,C0380,SKU_008,醬油
T01532,C0380,SKU_015,牛奶
T01532,C0380,SKU_022,巧克力
T01533,C0342,SKU_018,香蕉
T01533,C0342,SKU_020,葡萄
T01534,C1477,SKU_009,礦泉水
T01534,C1477,SKU_016,豆漿
T01534,C1477,SKU_024,口香糖
T01534,C1477,SKU_028,茶包
T01535,C1066,SKU_004,紅酒
T01535,C1066,SKU_009,礦泉水
T01535,C1066,SKU_010,寶特瓶飲料
T01535,C1066,SKU_017,蘋果
T01535,C1066,SKU_022,巧克力
T01536,C0925,SKU_005,塑膠袋
T01536,C0925,SKU_006,米
T01536,C0925,SKU_008,醬油
T01536,C0925,SKU_015,牛奶
T01537,C0010,SKU_010,寶特瓶飲料
T01537,C0010,SKU_027,洗髮精
T01538,C0274,SKU_014,雪碧
T01538,C0274,SKU_015,牛奶
T01539,C0950,SKU_006,米
T01539,C0950,SKU_007,可樂
T01539,C0950,SKU_030,SKU_NEW_002
T01540,C0575,SKU_014,雪碧
T01540,C0575,SKU_015,牛奶
T01541,C1387,SKU_002,起司
T01542,C1140,SKU_005,塑膠袋
T01542,C1140,SKU_019,橘子
T01542,C1140,SKU_028,茶包
T01542,C1140,SKU_030,SKU_NEW_002
T01543,C0679,SKU_006,米
T01543,C0679,SKU_008,醬油
T01543,C0679,SKU_013,果醬
T01544,C1119,SKU_001,尿布
T01544,C1119,SKU_015,牛奶
T01544,C1119,SKU_030,SKU_NEW_002
T01545,C1460,SKU_008,醬油
T01545,C1460,SKU_009,礦泉水
T01545,C1460,SKU_016,豆漿
T01545,C1460,SKU_021,餅乾
T01545,C1460,SKU_026,牙膏
T01545,C1460,SKU_029,SKU_NEW_001
T01546,C0698,SKU_002,起司
T01547,C0959,SKU_002,起司
T01547,C0959,SKU_003,啤酒
T01547,C0959,SKU_004,紅酒
T01547,C0959,SKU_021,餅乾
T01547,C0959,SKU_025,衛生紙
T01548,C1376,SKU_007,可樂
T01548,C1376,SKU_010,寶特瓶飲料
T01548,C1376,SKU_014,雪碧
T01549,C0371,SKU_001,尿布
T01549,C0371,SKU_003,啤酒
T01549,C0371,SKU_008,醬油
T01550,C1321,SKU_001,尿布
T01550,C1321,SKU_002,起司
T01550,C1321,SKU_003,啤酒
T01550,C1321,SKU_004,紅酒
T01550,C1321,SKU_017,蘋果
T01550,C1321,SKU_018,香蕉
T01550,C1321,SKU_021,餅乾
T01551,C0140,SKU_002,起司
T01551,C0140,SKU_004,紅酒
T01551,C0140,SKU_005,塑膠袋
T01551,C0140,SKU_006,米
T01551,C0140,SKU_008,醬油
T01551,C0140,SKU_009,礦泉水
T01551,C0140,SKU_010,寶特瓶飲料
T01551,C0140,SKU_011,杯麵
T01551,C0140,SKU_014,雪碧
T01552,C0970,SKU_003,啤酒
T01552,C0970,SKU_009,礦泉水
T01552,C0970,SKU_014,雪碧
T01552,C0970,SKU_022,巧克力
T01553,C1162,SKU_002,起司
T01553,C1162,SKU_019,橘子
T01553,C1162,SKU_029,SKU_NEW_001
T01554,C0920,SKU_001,尿布
T01554,C0920,SKU_003,啤酒
T01554,C0920,SKU_007,可樂
T01554,C0920,SKU_009,礦泉水
T01554,C0920,SKU_020,葡萄
T01554,C0920,SKU_022,巧克力
T01555,C0742,SKU_001,尿布
T01555,C0742,SKU_003,啤酒
T01555,C0742,SKU_010,寶特瓶飲料
T01555,C0742,SKU_017,蘋果
T01555,C0742,SKU_018,香蕉
T01556,C0924,SKU_002,起司
T01556,C0924,SKU_007,可樂
T01556,C0924,SKU_009,礦泉水
T01556,C0924,SKU_017,蘋果
T01556,C0924,SKU_029,SKU_NEW_001
T01557,C0227,SKU_004,紅酒
T01557,C0227,SKU_005,塑膠袋
T01557,C0227,SKU_021,餅乾
T01558,C0318,SKU_005,塑膠袋
T01558,C0318,SKU_009,礦泉水
T01558,C0318,SKU_011,杯麵
T01559,C0406,SKU_005,塑膠袋
T01559,C0406,SKU_006,米
T01559,C0406,SKU_012,麵包
T01560,C0898,SKU_001,尿布
T01560,C0898,SKU_005,塑膠袋
T01561,C0669,SKU_003,啤酒
T01561,C0669,SKU_005,塑膠袋
T01561,C0669,SKU_006,米
T01561,C0669,SKU_008,醬油
T01561,C0669,SKU_009,礦泉水
T01561,C0669,SKU_021,餅乾
T01562,C0367,SKU_005,塑膠袋
T01562,C0367,SKU_007,可樂
T01562,C0367,SKU_018,香蕉
T01562,C0367,SKU_026,牙膏
T01562,C0367,SKU_029,SKU_NEW_001
T01563,C1314,SKU_001,尿布
T01563,C1314,SKU_005,塑膠袋
T01563,C1314,SKU_012,麵包
T01563,C1314,SKU_017,蘋果
T01563,C1314,SKU_025,衛生紙
T01563,C1314,SKU_029,SKU_NEW_001
T01564,C0560,SKU_006,米
T01564,C0560,SKU_007,可樂
T01564,C0560,SKU_008,醬油
T01564,C0560,SKU_009,礦泉水
T01564,C0560,SKU_017,蘋果
T01565,C0677,SKU_003,啤酒
T01565,C0677,SKU_007,可樂
T01565,C0677,SKU_011,杯麵
T01565,C0677,SKU_027,洗髮精
T01565,C0677,SKU_028,茶包
T01566,C0622,SKU_010,寶特瓶飲料
T01566,C0622,SKU_021,餅乾
T01567,C0270,SKU_006,米
T01567,C0270,SKU_010,寶特瓶飲料
T01567,C0270,SKU_022,巧克力
T01568,C1099,SKU_004,紅酒
T01568,C1099,SKU_018,香蕉
T01568,C1099,SKU_022,巧克力
T01569,C0679,SKU_002,起司
T01569,C0679,SKU_004,紅酒
T01569,C0679,SKU_007,可樂
T01569,C0679,SKU_010,寶特瓶飲料
T01569,C0679,SKU_017,蘋果
T01569,C0679,SKU_029,SKU_NEW_001
T01570,C0026,SKU_002,起司
T01570,C0026,SKU_015,牛奶
T01570,C0026,SKU_023,洋芋片
T01571,C1443,SKU_005,塑膠袋
T01571,C1443,SKU_018,香蕉
T01572,C1211,SKU_004,紅酒
T01572,C1211,SKU_009,礦泉水
T01572,C1211,SKU_010,寶特瓶飲料
T01572,C1211,SKU_018,香蕉
T01573,C1091,SKU_004,紅酒
T01573,C1091,SKU_005,塑膠袋
T01573,C1091,SKU_006,米
T01573,C1091,SKU_007,可樂
T01574,C1295,SKU_002,起司
T01574,C1295,SKU_004,紅酒
T01574,C1295,SKU_008,醬油
T01574,C1295,SKU_019,橘子
T01574,C1295,SKU_024,口香糖
T01575,C1357,SKU_005,塑膠袋
T01575,C1357,SKU_009,礦泉水
T01575,C1357,SKU_010,寶特瓶飲料
T01575,C1357,SKU_017,蘋果
T01575,C1357,SKU_020,葡萄
T01576,C0511,SKU_010,寶特瓶飲料
T01576,C0511,SKU_012,麵包
T01576,C0511,SKU_019,橘子
T01576,C0511,SKU_024,口香糖
T01576,C0511,SKU_025,衛生紙
T01576,C0511,SKU_026,牙膏
T01577,C0916,SKU_007,可樂
T01577,C0916,SKU_008,醬油
T01577,C0916,SKU_029,SKU_NEW_001
T01577,C0916,SKU_030,SKU_NEW_002
T01578,C0914,SKU_003,啤酒
T01578,C0914,SKU_009,礦泉水
T01578,C0914,SKU_014,雪碧
T01578,C0914,SKU_019,橘子
T01579,C0401,SKU_002,起司
T01579,C0401,SKU_004,紅酒
T01579,C0401,SKU_006,米
T01579,C0401,SKU_007,可樂
T01579,C0401,SKU_008,醬油
T01579,C0401,SKU_023,洋芋片
T01580,C0328,SKU_001,尿布
T01580,C0328,SKU_003,啤酒
T01580,C0328,SKU_023,洋芋片
T01581,C0164,SKU_001,尿布
T01581,C0164,SKU_006,米
T01581,C0164,SKU_012,麵包
T01582,C0988,SKU_009,礦泉水
T01582,C0988,SKU_015,牛奶
T01582,C0988,SKU_020,葡萄
T01582,C0988,SKU_027,洗髮精
T01583,C1158,SKU_003,啤酒
T01583,C1158,SKU_010,寶特瓶飲料
T01583,C1158,SKU_020,葡萄
T01583,C1158,SKU_021,餅乾
T01583,C1158,SKU_022,巧克力
T01584,C1135,SKU_010,寶特瓶飲料
T01584,C1135,SKU_016,豆漿
T01585,C0479,SKU_009,礦泉水
T01585,C0479,SKU_013,果醬
T01585,C0479,SKU_014,雪碧
T01585,C0479,SKU_022,巧克力
T01585,C0479,SKU_025,衛生紙
T01585,C0479,SKU_030,SKU_NEW_002
T01586,C0306,SKU_002,起司
T01586,C0306,SKU_004,紅酒
T01586,C0306,SKU_010,寶特瓶飲料
T01586,C0306,SKU_024,口香糖
T01587,C0687,SKU_007,可樂
T01587,C0687,SKU_010,寶特瓶飲料
T01587,C0687,SKU_024,口香糖
T01588,C0824,SKU_007,可樂
T01588,C0824,SKU_008,醬油
T01588,C0824,SKU_011,杯麵
T01588,C0824,SKU_013,果醬
T01588,C0824,SKU_027,洗髮精
T01589,C1377,SKU_002,起司
T01589,C1377,SKU_004,紅酒
T01589,C1377,SKU_028,茶包
T01589,C1377,SKU_029,SKU_NEW_001
T01590,C1304,SKU_002,起司
T01590,C1304,SKU_006,米
T01590,C1304,SKU_008,醬油
T01590,C1304,SKU_025,衛生紙
T01591,C1373,SKU_007,可樂
T01591,C1373,SKU_012,麵包
T01592,C1268,SKU_007,可樂
T01592,C1268,SKU_009,礦泉水
T01592,C1268,SKU_015,牛奶
T01592,C1268,SKU_029,SKU_NEW_001
T01592,C1268,SKU_030,SKU_NEW_002
T01593,C1444,SKU_001,尿布
T01593,C1444,SKU_003,啤酒
T01593,C1444,SKU_020,葡萄
T01593,C1444,SKU_028,茶包
T01594,C0705,SKU_005,塑膠袋
T01594,C0705,SKU_010,寶特瓶飲料
T01594,C0705,SKU_013,果醬
T01594,C0705,SKU_016,豆漿
T01594,C0705,SKU_017,蘋果
T01594,C0705,SKU_024,口香糖
T01595,C0066,SKU_003,啤酒
T01595,C0066,SKU_022,巧克力
T01595,C0066,SKU_027,洗髮精
T01595,C0066,SKU_028,茶包
T01596,C0120,SKU_018,香蕉
T01596,C0120,SKU_027,洗髮精
T01597,C0588,SKU_001,尿布
T01597,C0588,SKU_003,啤酒
T01597,C0588,SKU_004,紅酒
T01597,C0588,SKU_005,塑膠袋
T01598,C0385,SKU_001,尿布
T01598,C0385,SKU_003,啤酒
T01599,C0255,SKU_004,紅酒
T01599,C0255,SKU_011,杯麵
T01600,C1427,SKU_007,可樂
T01600,C1427,SKU_009,礦泉水
T01600,C1427,SKU_025,衛生紙
T01601,C0291,SKU_001,尿布
T01601,C0291,SKU_003,啤酒
T01601,C0291,SKU_008,醬油
T01601,C0291,SKU_024,口香糖
T01602,C1438,SKU_003,啤酒
T01602,C1438,SKU_004,紅酒
T01602,C1438,SKU_006,米
T01602,C1438,SKU_008,醬油
T01602,C1438,SKU_026,牙膏
T01603,C1135,SKU_007,可樂
T01603,C1135,SKU_021,餅乾
T01603,C1135,SKU_023,洋芋片
T01603,C1135,SKU_027,洗髮精
T01603,C1135,SKU_030,SKU_NEW_002
T01604,C0956,SKU_002,起司
T01604,C0956,SKU_004,紅酒
T01604,C0956,SKU_006,米
T01604,C0956,SKU_008,醬油
T01604,C0956,SKU_009,礦泉水
T01604,C0956,SKU_010,寶特瓶飲料
T01604,C0956,SKU_012,麵包
T01605,C1016,SKU_005,塑膠袋
T01605,C1016,SKU_007,可樂
T01605,C1016,SKU_009,礦泉水
T01605,C1016,SKU_018,香蕉
T01606,C0500,SKU_001,尿布
T01606,C0500,SKU_003,啤酒
T01606,C0500,SKU_004,紅酒
T01606,C0500,SKU_007,可樂
T01606,C0500,SKU_020,葡萄
T01607,C0968,SKU_004,紅酒
T01607,C0968,SKU_014,雪碧
T01607,C0968,SKU_021,餅乾
T01607,C0968,SKU_026,牙膏
T01608,C0277,SKU_008,醬油
T01608,C0277,SKU_013,果醬
T01609,C1403,SKU_005,塑膠袋
T01609,C1403,SKU_015,牛奶
T01609,C1403,SKU_027,洗髮精
T01610,C0457,SKU_001,尿布
T01610,C0457,SKU_003,啤酒
T01610,C0457,SKU_004,紅酒
T01610,C0457,SKU_007,可樂
T01610,C0457,SKU_009,礦泉水
T01610,C0457,SKU_019,橘子
T01611,C0382,SKU_002,起司
T01611,C0382,SKU_005,塑膠袋
T01611,C0382,SKU_021,餅乾
T01611,C0382,SKU_027,洗髮精
T01612,C1072,SKU_011,杯麵
T01612,C1072,SKU_024,口香糖
T01613,C0983,SKU_010,寶特瓶飲料
T01613,C0983,SKU_017,蘋果
T01614,C0683,SKU_001,尿布
T01614,C0683,SKU_006,米
T01614,C0683,SKU_007,可樂
T01614,C0683,SKU_008,醬油
T01614,C0683,SKU_009,礦泉水
T01614,C0683,SKU_010,寶特瓶飲料
T01615,C0946,SKU_009,礦泉水
T01615,C0946,SKU_014,雪碧
T01615,C0946,SKU_020,葡萄
T01616,C0239,SKU_010,寶特瓶飲料
T01616,C0239,SKU_014,雪碧
T01616,C0239,SKU_017,蘋果
T01616,C0239,SKU_024,口香糖
T01617,C1010,SKU_002,起司
T01617,C1010,SKU_004,紅酒
T01617,C1010,SKU_007,可樂
T01617,C1010,SKU_009,礦泉水
T01617,C1010,SKU_016,豆漿
T01617,C1010,SKU_024,口香糖
T01617,C1010,SKU_026,牙膏
T01618,C0407,SKU_002,起司
T01618,C0407,SKU_004,紅酒
T01618,C0407,SKU_009,礦泉水
T01619,C0409,SKU_002,起司
T01619,C0409,SKU_004,紅酒
T01619,C0409,SKU_010,寶特瓶飲料
T01620,C0243,SKU_008,醬油
T01620,C0243,SKU_012,麵包
T01621,C0501,SKU_006,米
T01621,C0501,SKU_009,礦泉水
T01621,C0501,SKU_010,寶特瓶飲料
T01621,C0501,SKU_018,香蕉
T01621,C0501,SKU_023,洋芋片
T01622,C0500,SKU_004,紅酒
T01622,C0500,SKU_006,米
T01622,C0500,SKU_008,醬油
T01622,C0500,SKU_009,礦泉水
T01623,C0687,SKU_015,牛奶
T01623,C0687,SKU_018,香蕉
T01623,C0687,SKU_022,巧克力
T01624,C0281,SKU_005,塑膠袋
T01624,C0281,SKU_007,可樂
T01624,C0281,SKU_013,果醬
T01624,C0281,SKU_014,雪碧
T01624,C0281,SKU_020,葡萄
T01625,C0286,SKU_008,醬油
T01625,C0286,SKU_009,礦泉水
T01625,C0286,SKU_012,麵包
T01626,C0812,SKU_004,紅酒
T01626,C0812,SKU_006,米
T01626,C0812,SKU_008,醬油
T01626,C0812,SKU_010,寶特瓶飲料
T01626,C0812,SKU_012,麵包
T01626,C0812,SKU_015,牛奶
T01626,C0812,SKU_017,蘋果
T01626,C0812,SKU_022,巧克力
T01627,C0191,SKU_001,尿布
T01627,C0191,SKU_003,啤酒
T01627,C0191,SKU_006,米
T01627,C0191,SKU_008,醬油
T01627,C0191,SKU_010,寶特瓶飲料
T01627,C0191,SKU_011,杯麵
T01627,C0191,SKU_013,果醬
T01628,C1039,SKU_016,豆漿
T01629,C1412,SKU_006,米
T01629,C1412,SKU_011,杯麵
T01629,C1412,SKU_024,口香糖
T01630,C0649,SKU_005,塑膠袋
T01630,C0649,SKU_007,可樂
T01630,C0649,SKU_020,葡萄
T01631,C1347,SKU_002,起司
T01631,C1347,SKU_004,紅酒
T01631,C1347,SKU_005,塑膠袋
T01631,C1347,SKU_029,SKU_NEW_001
T01632,C0141,SKU_006,米
T01632,C0141,SKU_007,可樂
T01632,C0141,SKU_010,寶特瓶飲料
T01632,C0141,SKU_011,杯麵
T01632,C0141,SKU_022,巧克力
T01632,C0141,SKU_026,牙膏
T01632,C0141,SKU_027,洗髮精
T01632,C0141,SKU_028,茶包
T01633,C0060,SKU_005,塑膠袋
T01633,C0060,SKU_010,寶特瓶飲料
T01633,C0060,SKU_015,牛奶
T01633,C0060,SKU_020,葡萄
T01633,C0060,SKU_028,茶包
T01634,C1088,SKU_001,尿布
T01634,C1088,SKU_002,起司
T01634,C1088,SKU_004,紅酒
T01634,C1088,SKU_028,茶包
T01635,C1135,SKU_023,洋芋片
T01636,C1257,SKU_001,尿布
T01636,C1257,SKU_005,塑膠袋
T01636,C1257,SKU_006,米
T01636,C1257,SKU_008,醬油
T01636,C1257,SKU_027,洗髮精
T01637,C0082,SKU_010,寶特瓶飲料
T01637,C0082,SKU_016,豆漿
T01637,C0082,SKU_020,葡萄
T01637,C0082,SKU_027,洗髮精
T01638,C1153,SKU_003,啤酒
T01638,C1153,SKU_009,礦泉水
T01638,C1153,SKU_010,寶特瓶飲料
T01638,C1153,SKU_015,牛奶
T01638,C1153,SKU_017,蘋果
T01639,C0570,SKU_001,尿布
T01639,C0570,SKU_003,啤酒
T01639,C0570,SKU_006,米
T01639,C0570,SKU_010,寶特瓶飲料
T01639,C0570,SKU_012,麵包
T01639,C0570,SKU_014,雪碧
T01639,C0570,SKU_019,橘子
T01639,C0570,SKU_028,茶包
T01640,C0459,SKU_001,尿布
T01640,C0459,SKU_007,可樂
T01640,C0459,SKU_029,SKU_NEW_001
T01640,C0459,SKU_030,SKU_NEW_002
T01641,C0260,SKU_009,礦泉水
T01641,C0260,SKU_010,寶特瓶飲料
T01641,C0260,SKU_024,口香糖
T01642,C1494,SKU_002,起司
T01642,C1494,SKU_004,紅酒
T01642,C1494,SKU_009,礦泉水
T01642,C1494,SKU_010,寶特瓶飲料
T01642,C1494,SKU_015,牛奶
T01642,C1494,SKU_029,SKU_NEW_001
T01643,C0091,SKU_010,寶特瓶飲料
T01643,C0091,SKU_016,豆漿
T01643,C0091,SKU_022,巧克力
T01643,C0091,SKU_027,洗髮精
T01644,C1234,SKU_012,麵包
T01644,C1234,SKU_024,口香糖
T01644,C1234,SKU_029,SKU_NEW_001
T01645,C0955,SKU_001,尿布
T01646,C1103,SKU_015,牛奶
T01646,C1103,SKU_018,香蕉
T01647,C1073,SKU_001,尿布
T01647,C1073,SKU_002,起司
T01647,C1073,SKU_003,啤酒
T01647,C1073,SKU_007,可樂
T01648,C1279,SKU_003,啤酒
T01648,C1279,SKU_026,牙膏
T01649,C0272,SKU_007,可樂
T01649,C0272,SKU_014,雪碧
T01649,C0272,SKU_020,葡萄
T01650,C0002,SKU_006,米
T01650,C0002,SKU_011,杯麵
T01650,C0002,SKU_026,牙膏
T01651,C0899,SKU_001,尿布
T01651,C0899,SKU_006,米
T01651,C0899,SKU_007,可樂
T01651,C0899,SKU_008,醬油
T01651,C0899,SKU_009,礦泉水
T01651,C0899,SKU_024,口香糖
T01652,C0533,SKU_005,塑膠袋
T01652,C0533,SKU_009,礦泉水
T01652,C0533,SKU_024,口香糖
T01653,C0181,SKU_001,尿布
T01653,C0181,SKU_008,醬油
T01653,C0181,SKU_016,豆漿
T01654,C0276,SKU_001,尿布
T01654,C0276,SKU_002,起司
T01654,C0276,SKU_003,啤酒
T01654,C0276,SKU_004,紅酒
T01654,C0276,SKU_010,寶特瓶飲料
T01654,C0276,SKU_017,蘋果
T01655,C0500,SKU_007,可樂
T01655,C0500,SKU_010,寶特瓶飲料
T01655,C0500,SKU_013,果醬
T01656,C0099,SKU_002,起司
T01656,C0099,SKU_004,紅酒
T01656,C0099,SKU_005,塑膠袋
T01656,C0099,SKU_020,葡萄
T01656,C0099,SKU_026,牙膏
T01657,C0082,SKU_011,杯麵
T01657,C0082,SKU_014,雪碧
T01657,C0082,SKU_024,口香糖
T01657,C0082,SKU_028,茶包
T01657,C0082,SKU_029,SKU_NEW_001
T01658,C1373,SKU_006,米
T01658,C1373,SKU_007,可樂
T01658,C1373,SKU_021,餅乾
T01658,C1373,SKU_029,SKU_NEW_001
T01659,C0471,SKU_009,礦泉水
T01659,C0471,SKU_013,果醬
T01660,C1472,SKU_004,紅酒
T01660,C1472,SKU_007,可樂
T01660,C1472,SKU_010,寶特瓶飲料
T01660,C1472,SKU_023,洋芋片
T01661,C1444,SKU_006,米
T01661,C1444,SKU_008,醬油
T01661,C1444,SKU_023,洋芋片
T01662,C0209,SKU_002,起司
T01662,C0209,SKU_003,啤酒
T01662,C0209,SKU_004,紅酒
T01662,C0209,SKU_005,塑膠袋
T01662,C0209,SKU_007,可樂
T01662,C0209,SKU_028,茶包
T01663,C1077,SKU_010,寶特瓶飲料
T01663,C1077,SKU_011,杯麵
T01663,C1077,SKU_015,牛奶
T01664,C0901,SKU_001,尿布
T01664,C0901,SKU_003,啤酒
T01664,C0901,SKU_008,醬油
T01664,C0901,SKU_010,寶特瓶飲料
T01664,C0901,SKU_012,麵包
T01664,C0901,SKU_022,巧克力
T01664,C0901,SKU_030,SKU_NEW_002
T01665,C1042,SKU_001,尿布
T01665,C1042,SKU_002,起司
T01665,C1042,SKU_004,紅酒
T01665,C1042,SKU_018,香蕉
T01665,C1042,SKU_020,葡萄
T01665,C1042,SKU_025,衛生紙
T01666,C0138,SKU_005,塑膠袋
T01666,C0138,SKU_009,礦泉水
T01666,C0138,SKU_013,果醬
T01666,C0138,SKU_017,蘋果
T01667,C0279,SKU_004,紅酒
T01667,C0279,SKU_009,礦泉水
T01667,C0279,SKU_015,牛奶
T01668,C0112,SKU_004,紅酒
T01668,C0112,SKU_005,塑膠袋
T01668,C0112,SKU_006,米
T01668,C0112,SKU_007,可樂
T01668,C0112,SKU_012,麵包
T01668,C0112,SKU_019,橘子
T01669,C0907,SKU_005,塑膠袋
T01669,C0907,SKU_009,礦泉水
T01669,C0907,SKU_012,麵包
T01669,C0907,SKU_016,豆漿
T01670,C1478,SKU_004,紅酒
T01670,C1478,SKU_011,杯麵
T01671,C1009,SKU_001,尿布
T01671,C1009,SKU_003,啤酒
T01671,C1009,SKU_009,礦泉水
T01671,C1009,SKU_026,牙膏
T01672,C1072,SKU_005,塑膠袋
T01672,C1072,SKU_023,洋芋片
T01672,C1072,SKU_027,洗髮精
T01673,C1476,SKU_007,可樂
T01673,C1476,SKU_010,寶特瓶飲料
T01673,C1476,SKU_017,蘋果
T01673,C1476,SKU_019,橘子
T01674,C1019,SKU_007,可樂
T01674,C1019,SKU_010,寶特瓶飲料
T01674,C1019,SKU_014,雪碧
T01674,C1019,SKU_028,茶包
T01675,C0057,SKU_008,醬油
T01675,C0057,SKU_021,餅乾
T01676,C1293,SKU_012,麵包
T01676,C1293,SKU_023,洋芋片
T01676,C1293,SKU_028,茶包
T01676,C1293,SKU_030,SKU_NEW_002
T01677,C0550,SKU_006,米
T01677,C0550,SKU_008,醬油
T01677,C0550,SKU_015,牛奶
T01678,C0009,SKU_003,啤酒
T01678,C0009,SKU_004,紅酒
T01678,C0009,SKU_023,洋芋片
T01679,C0762,SKU_003,啤酒
T01679,C0762,SKU_009,礦泉水
T01679,C0762,SKU_010,寶特瓶飲料
T01679,C0762,SKU_014,雪碧
T01679,C0762,SKU_022,巧克力
T01679,C0762,SKU_027,洗髮精
T01680,C1402,SKU_001,尿布
T01680,C1402,SKU_004,紅酒
T01680,C1402,SKU_010,寶特瓶飲料
T01680,C1402,SKU_015,牛奶
T01680,C1402,SKU_019,橘子
T01680,C1402,SKU_021,餅乾
T01681,C0385,SKU_007,可樂
T01681,C0385,SKU_008,醬油
T01681,C0385,SKU_012,麵包
T01681,C0385,SKU_020,葡萄
T01682,C0739,SKU_001,尿布
T01682,C0739,SKU_023,洋芋片
T01683,C0261,SKU_002,起司
T01683,C0261,SKU_024,口香糖
T01684,C0082,SKU_002,起司
T01684,C0082,SKU_004,紅酒
T01684,C0082,SKU_018,香蕉
T01684,C0082,SKU_021,餅乾
T01684,C0082,SKU_023,洋芋片
T01684,C0082,SKU_024,口香糖
T01685,C0115,SKU_005,塑膠袋
T01685,C0115,SKU_006,米
T01685,C0115,SKU_024,口香糖
T01685,C0115,SKU_026,牙膏
T01686,C1095,SKU_010,寶特瓶飲料
T01686,C1095,SKU_013,果醬
T01687,C1290,SKU_005,塑膠袋
T01688,C0210,SKU_001,尿布
T01688,C0210,SKU_002,起司
T01688,C0210,SKU_004,紅酒
T01688,C0210,SKU_008,醬油
T01688,C0210,SKU_010,寶特瓶飲料
T01688,C0210,SKU_020,葡萄
T01689,C0434,SKU_008,醬油
T01689,C0434,SKU_015,牛奶
T01690,C0291,SKU_002,起司
T01690,C0291,SKU_004,紅酒
T01690,C0291,SKU_005,塑膠袋
T01690,C0291,SKU_010,寶特瓶飲料
T01690,C0291,SKU_014,雪碧
T01690,C0291,SKU_027,洗髮精
T01690,C0291,SKU_030,SKU_NEW_002
T01691,C0040,SKU_005,塑膠袋
T01691,C0040,SKU_009,礦泉水
T01691,C0040,SKU_023,洋芋片
T01691,C0040,SKU_029,SKU_NEW_001
T01692,C0836,SKU_004,紅酒
T01692,C0836,SKU_005,塑膠袋
T01692,C0836,SKU_010,寶特瓶飲料
T01692,C0836,SKU_011,杯麵
T01692,C0836,SKU_017,蘋果
T01692,C0836,SKU_018,香蕉
T01692,C0836,SKU_022,巧克力
T01692,C0836,SKU_025,衛生紙
T01693,C1059,SKU_002,起司
T01693,C1059,SKU_004,紅酒
T01693,C1059,SKU_012,麵包
T01694,C0970,SKU_004,紅酒
T01694,C0970,SKU_005,塑膠袋
T01694,C0970,SKU_008,醬油
T01694,C0970,SKU_012,麵包
T01694,C0970,SKU_014,雪碧
T01694,C0970,SKU_020,葡萄
T01694,C0970,SKU_023,洋芋片
T01695,C0586,SKU_003,啤酒
T01695,C0586,SKU_005,塑膠袋
T01695,C0586,SKU_026,牙膏
T01696,C0838,SKU_001,尿布
T01696,C0838,SKU_003,啤酒
T01696,C0838,SKU_007,可樂
T01696,C0838,SKU_016,豆漿
T01697,C0134,SKU_002,起司
T01697,C0134,SKU_004,紅酒
T01697,C0134,SKU_006,米
T01697,C0134,SKU_008,醬油
T01697,C0134,SKU_013,果醬
T01697,C0134,SKU_014,雪碧
T01697,C0134,SKU_017,蘋果
T01697,C0134,SKU_018,香蕉
T01698,C0230,SKU_002,起司
T01698,C0230,SKU_004,紅酒
T01698,C0230,SKU_005,塑膠袋
T01698,C0230,SKU_012,麵包
T01698,C0230,SKU_027,洗髮精
T01699,C1396,SKU_010,寶特瓶飲料
T01699,C1396,SKU_030,SKU_NEW_002
T01700,C1136,SKU_006,米
T01700,C1136,SKU_013,果醬
T01701,C1382,SKU_006,米
T01701,C1382,SKU_008,醬油
T01701,C1382,SKU_022,巧克力
T01702,C1374,SKU_001,尿布
T01702,C1374,SKU_013,果醬
T01702,C1374,SKU_017,蘋果
T01702,C1374,SKU_030,SKU_NEW_002
T01703,C0971,SKU_007,可樂
T01703,C0971,SKU_014,雪碧
T01703,C0971,SKU_022,巧克力
T01704,C1392,SKU_008,醬油
T01704,C1392,SKU_009,礦泉水
T01704,C1392,SKU_013,果醬
T01704,C1392,SKU_029,SKU_NEW_001
T01704,C1392,SKU_030,SKU_NEW_002
T01705,C0633,SKU_005,塑膠袋
T01705,C0633,SKU_010,寶特瓶飲料
T01706,C0007,SKU_023,洋芋片
T01707,C0089,SKU_017,蘋果
T01707,C0089,SKU_020,葡萄
T01707,C0089,SKU_023,洋芋片
T01708,C0157,SKU_007,可樂
T01708,C0157,SKU_018,香蕉
T01709,C0136,SKU_007,可樂
T01709,C0136,SKU_010,寶特瓶飲料
T01709,C0136,SKU_022,巧克力
T01709,C0136,SKU_028,茶包
T01709,C0136,SKU_030,SKU_NEW_002
T01710,C0531,SKU_006,米
T01710,C0531,SKU_008,醬油
T01710,C0531,SKU_009,礦泉水
T01710,C0531,SKU_020,葡萄
T01711,C1061,SKU_008,醬油
T01712,C1173,SKU_007,可樂
T01713,C0888,SKU_002,起司
T01713,C0888,SKU_004,紅酒
T01713,C0888,SKU_007,可樂
T01713,C0888,SKU_016,豆漿
T01713,C0888,SKU_020,葡萄
T01713,C0888,SKU_021,餅乾
T01714,C0219,SKU_005,塑膠袋
T01714,C0219,SKU_008,醬油
T01714,C0219,SKU_018,香蕉
T01715,C1117,SKU_004,紅酒
T01715,C1117,SKU_009,礦泉水
T01715,C1117,SKU_010,寶特瓶飲料
T01715,C1117,SKU_028,茶包
T01716,C0534,SKU_024,口香糖
T01716,C0534,SKU_030,SKU_NEW_002
T01717,C0021,SKU_007,可樂
T01717,C0021,SKU_017,蘋果
T01717,C0021,SKU_019,橘子
T01717,C0021,SKU_024,口香糖
T01717,C0021,SKU_030,SKU_NEW_002
T01718,C0421,SKU_004,紅酒
T01718,C0421,SKU_005,塑膠袋
T01718,C0421,SKU_009,礦泉水
T01718,C0421,SKU_023,洋芋片
T01718,C0421,SKU_024,口香糖
T01718,C0421,SKU_028,茶包
T01719,C0499,SKU_001,尿布
T01719,C0499,SKU_003,啤酒
T01719,C0499,SKU_026,牙膏
T01719,C0499,SKU_028,茶包
T01719,C0499,SKU_029,SKU_NEW_001
T01720,C0410,SKU_028,茶包
T01721,C1205,SKU_015,牛奶
T01722,C1133,SKU_005,塑膠袋
T01722,C1133,SKU_016,豆漿
T01722,C1133,SKU_026,牙膏
T01723,C1051,SKU_009,礦泉水
T01723,C1051,SKU_011,杯麵
T01723,C1051,SKU_014,雪碧
T01723,C1051,SKU_018,香蕉
T01723,C1051,SKU_022,巧克力
T01723,C1051,SKU_026,牙膏
T01724,C0203,SKU_006,米
T01724,C0203,SKU_007,可樂
T01724,C0203,SKU_008,醬油
T01724,C0203,SKU_020,葡萄
T01724,C0203,SKU_027,洗髮精
T01725,C1198,SKU_001,尿布
T01725,C1198,SKU_005,塑膠袋
T01725,C1198,SKU_023,洋芋片
T01726,C1017,SKU_002,起司
T01726,C1017,SKU_004,紅酒
T01726,C1017,SKU_007,可樂
T01726,C1017,SKU_008,醬油
T01726,C1017,SKU_023,洋芋片
T01726,C1017,SKU_026,牙膏
T01727,C0289,SKU_001,尿布
T01727,C0289,SKU_002,起司
T01727,C0289,SKU_004,紅酒
T01727,C0289,SKU_008,醬油
T01727,C0289,SKU_024,口香糖
T01727,C0289,SKU_030,SKU_NEW_002
T01728,C0970,SKU_001,尿布
T01728,C0970,SKU_005,塑膠袋
T01728,C0970,SKU_019,橘子
T01728,C0970,SKU_023,洋芋片
T01728,C0970,SKU_026,牙膏
T01728,C0970,SKU_030,SKU_NEW_002
T01729,C0729,SKU_004,紅酒
T01729,C0729,SKU_007,可樂
T01729,C0729,SKU_010,寶特瓶飲料
T01729,C0729,SKU_018,香蕉
T01729,C0729,SKU_030,SKU_NEW_002
T01730,C0667,SKU_008,醬油
T01730,C0667,SKU_019,橘子
T01730,C0667,SKU_025,衛生紙
T01731,C0161,SKU_024,口香糖
T01731,C0161,SKU_029,SKU_NEW_001
T01732,C0778,SKU_010,寶特瓶飲料
T01732,C0778,SKU_018,香蕉
T01732,C0778,SKU_029,SKU_NEW_001
T01733,C0143,SKU_001,尿布
T01733,C0143,SKU_003,啤酒
T01733,C0143,SKU_012,麵包
T01733,C0143,SKU_022,巧克力
T01733,C0143,SKU_027,洗髮精
T01733,C0143,SKU_030,SKU_NEW_002
T01734,C0247,SKU_002,起司
T01734,C0247,SKU_004,紅酒
T01734,C0247,SKU_018,香蕉
T01734,C0247,SKU_020,葡萄
T01734,C0247,SKU_025,衛生紙
T01735,C0194,SKU_006,米
T01735,C0194,SKU_007,可樂
T01735,C0194,SKU_008,醬油
T01735,C0194,SKU_025,衛生紙
T01736,C1428,SKU_007,可樂
T01736,C1428,SKU_025,衛生紙
T01737,C0428,SKU_001,尿布
T01737,C0428,SKU_010,寶特瓶飲料
T01737,C0428,SKU_024,口香糖
T01737,C0428,SKU_028,茶包
T01737,C0428,SKU_029,SKU_NEW_001
T01738,C0535,SKU_001,尿布
T01738,C0535,SKU_003,啤酒
T01738,C0535,SKU_005,塑膠袋
T01738,C0535,SKU_010,寶特瓶飲料
T01738,C0535,SKU_014,雪碧
T01738,C0535,SKU_021,餅乾
T01739,C0485,SKU_005,塑膠袋
T01739,C0485,SKU_006,米
T01739,C0485,SKU_008,醬油
T01739,C0485,SKU_013,果醬
T01739,C0485,SKU_014,雪碧
T01739,C0485,SKU_022,巧克力
T01740,C1341,SKU_002,起司
T01740,C1341,SKU_004,紅酒
T01740,C1341,SKU_007,可樂
T01740,C1341,SKU_021,餅乾
T01740,C1341,SKU_028,茶包
T01741,C0850,SKU_009,礦泉水
T01741,C0850,SKU_020,葡萄
T01742,C1377,SKU_026,牙膏
T01743,C0451,SKU_002,起司
T01743,C0451,SKU_009,礦泉水
T01743,C0451,SKU_010,寶特瓶飲料
T01743,C0451,SKU_018,香蕉
T01744,C0165,SKU_009,礦泉水
T01744,C0165,SKU_012,麵包
T01744,C0165,SKU_021,餅乾
T01745,C0839,SKU_001,尿布
T01745,C0839,SKU_008,醬油
T01746,C0523,SKU_001,尿布
T01746,C0523,SKU_003,啤酒
T01746,C0523,SKU_009,礦泉水
T01746,C0523,SKU_011,杯麵
T01746,C0523,SKU_018,香蕉
T01746,C0523,SKU_020,葡萄
T01746,C0523,SKU_021,餅乾
T01746,C0523,SKU_024,口香糖
T01747,C1190,SKU_007,可樂
T01747,C1190,SKU_014,雪碧
T01747,C1190,SKU_025,衛生紙
T01747,C1190,SKU_028,茶包
T01748,C1309,SKU_007,可樂
T01748,C1309,SKU_023,洋芋片
T01749,C0715,SKU_007,可樂
T01750,C1454,SKU_001,尿布
T01750,C1454,SKU_003,啤酒
T01750,C1454,SKU_007,可樂
T01751,C0834,SKU_010,寶特瓶飲料
T01751,C0834,SKU_020,葡萄
T01752,C0407,SKU_001,尿布
T01752,C0407,SKU_003,啤酒
T01752,C0407,SKU_005,塑膠袋
T01752,C0407,SKU_006,米
T01752,C0407,SKU_008,醬油
T01752,C0407,SKU_025,衛生紙
T01753,C0736,SKU_006,米
T01753,C0736,SKU_008,醬油
T01753,C0736,SKU_019,橘子
T01754,C0052,SKU_001,尿布
T01754,C0052,SKU_003,啤酒
T01754,C0052,SKU_005,塑膠袋
T01754,C0052,SKU_010,寶特瓶飲料
T01754,C0052,SKU_013,果醬
T01754,C0052,SKU_023,洋芋片
T01754,C0052,SKU_026,牙膏
T01754,C0052,SKU_027,洗髮精
T01755,C1193,SKU_001,尿布
T01755,C1193,SKU_003,啤酒
T01756,C0145,SKU_001,尿布
T01756,C0145,SKU_003,啤酒
T01756,C0145,SKU_019,橘子
T01756,C0145,SKU_026,牙膏
T01756,C0145,SKU_030,SKU_NEW_002
T01757,C0466,SKU_001,尿布
T01757,C0466,SKU_002,起司
T01757,C0466,SKU_003,啤酒
T01757,C0466,SKU_004,紅酒
T01757,C0466,SKU_005,塑膠袋
T01758,C0852,SKU_001,尿布
T01758,C0852,SKU_003,啤酒
T01758,C0852,SKU_008,醬油
T01758,C0852,SKU_012,麵包
T01758,C0852,SKU_013,果醬
T01758,C0852,SKU_018,香蕉
T01758,C0852,SKU_021,餅乾
T01759,C0060,SKU_008,醬油
T01759,C0060,SKU_019,橘子
T01760,C0114,SKU_013,果醬
T01760,C0114,SKU_018,香蕉
T01760,C0114,SKU_026,牙膏
T01761,C1053,SKU_009,礦泉水
T01761,C1053,SKU_011,杯麵
T01761,C1053,SKU_021,餅乾
T01762,C0104,SKU_002,起司
T01762,C0104,SKU_004,紅酒
T01762,C0104,SKU_007,可樂
T01762,C0104,SKU_012,麵包
T01762,C0104,SKU_016,豆漿
T01762,C0104,SKU_018,香蕉
T01763,C0720,SKU_010,寶特瓶飲料
T01763,C0720,SKU_021,餅乾
T01763,C0720,SKU_028,茶包
T01764,C0513,SKU_009,礦泉水
T01764,C0513,SKU_010,寶特瓶飲料
T01765,C0338,SKU_004,紅酒
T01766,C0279,SKU_006,米
T01766,C0279,SKU_008,醬油
T01767,C1138,SKU_003,啤酒
T01767,C1138,SKU_005,塑膠袋
T01767,C1138,SKU_008,醬油
T01767,C1138,SKU_014,雪碧
T01767,C1138,SKU_017,蘋果
T01767,C1138,SKU_025,衛生紙
T01768,C1425,SKU_002,起司
T01768,C1425,SKU_007,可樂
T01768,C1425,SKU_014,雪碧
T01768,C1425,SKU_017,蘋果
T01768,C1425,SKU_022,巧克力
T01768,C1425,SKU_027,洗髮精
T01769,C0205,SKU_008,醬油
T01769,C0205,SKU_014,雪碧
T01769,C0205,SKU_030,SKU_NEW_002
T01770,C1438,SKU_024,口香糖
T01770,C1438,SKU_025,衛生紙
T01771,C0893,SKU_002,起司
T01771,C0893,SKU_004,紅酒
T01771,C0893,SKU_006,米
T01771,C0893,SKU_008,醬油
T01771,C0893,SKU_010,寶特瓶飲料
T01771,C0893,SKU_017,蘋果
T01771,C0893,SKU_021,餅乾
T01771,C0893,SKU_025,衛生紙
T01772,C0957,SKU_001,尿布
T01772,C0957,SKU_009,礦泉水
T01772,C0957,SKU_010,寶特瓶飲料
T01772,C0957,SKU_013,果醬
T01772,C0957,SKU_026,牙膏
T01772,C0957,SKU_028,茶包
T01773,C1071,SKU_007,可樂
T01773,C1071,SKU_008,醬油
T01773,C1071,SKU_009,礦泉水
T01773,C1071,SKU_010,寶特瓶飲料
T01773,C1071,SKU_014,雪碧
T01773,C1071,SKU_017,蘋果
T01773,C1071,SKU_021,餅乾
T01774,C1064,SKU_003,啤酒
T01774,C1064,SKU_006,米
T01774,C1064,SKU_008,醬油
T01774,C1064,SKU_009,礦泉水
T01774,C1064,SKU_018,香蕉
T01774,C1064,SKU_019,橘子
T01774,C1064,SKU_029,SKU_NEW_001
T01775,C1220,SKU_006,米
T01775,C1220,SKU_007,可樂
T01775,C1220,SKU_008,醬油
T01775,C1220,SKU_010,寶特瓶飲料
T01775,C1220,SKU_011,杯麵
T01775,C1220,SKU_029,SKU_NEW_001
T01776,C0729,SKU_002,起司
T01776,C0729,SKU_004,紅酒
T01776,C0729,SKU_006,米
T01776,C0729,SKU_008,醬油
T01776,C0729,SKU_009,礦泉水
T01776,C0729,SKU_013,果醬
T01776,C0729,SKU_017,蘋果
T01776,C0729,SKU_024,口香糖
T01776,C0729,SKU_028,茶包
T01777,C0800,SKU_007,可樂
T01777,C0800,SKU_008,醬油
T01777,C0800,SKU_009,礦泉水
T01777,C0800,SKU_010,寶特瓶飲料
T01777,C0800,SKU_017,蘋果
T01777,C0800,SKU_029,SKU_NEW_001
T01778,C0487,SKU_007,可樂
T01778,C0487,SKU_010,寶特瓶飲料
T01778,C0487,SKU_027,洗髮精
T01778,C0487,SKU_029,SKU_NEW_001
T01779,C0150,SKU_006,米
T01779,C0150,SKU_007,可樂
T01779,C0150,SKU_008,醬油
T01780,C0996,SKU_001,尿布
T01780,C0996,SKU_002,起司
T01780,C0996,SKU_003,啤酒
T01780,C0996,SKU_004,紅酒
T01780,C0996,SKU_006,米
T01780,C0996,SKU_008,醬油
T01780,C0996,SKU_026,牙膏
T01781,C0047,SKU_005,塑膠袋
T01781,C0047,SKU_007,可樂
T01781,C0047,SKU_010,寶特瓶飲料
T01781,C0047,SKU_015,牛奶
T01782,C0412,SKU_006,米
T01782,C0412,SKU_008,醬油
T01782,C0412,SKU_012,麵包
T01782,C0412,SKU_015,牛奶
T01782,C0412,SKU_023,洋芋片
T01782,C0412,SKU_030,SKU_NEW_002
T01783,C0134,SKU_005,塑膠袋
T01783,C0134,SKU_010,寶特瓶飲料
T01783,C0134,SKU_026,牙膏
T01784,C0281,SKU_001,尿布
T01784,C0281,SKU_003,啤酒
T01784,C0281,SKU_006,米
T01784,C0281,SKU_008,醬油
T01784,C0281,SKU_009,礦泉水
T01785,C0954,SKU_008,醬油
T01785,C0954,SKU_009,礦泉水
T01785,C0954,SKU_012,麵包
T01785,C0954,SKU_013,果醬
T01785,C0954,SKU_030,SKU_NEW_002
T01786,C0939,SKU_001,尿布
T01786,C0939,SKU_003,啤酒
T01786,C0939,SKU_005,塑膠袋
T01786,C0939,SKU_015,牛奶
T01786,C0939,SKU_018,香蕉
T01786,C0939,SKU_023,洋芋片
T01787,C0639,SKU_001,尿布
T01787,C0639,SKU_003,啤酒
T01787,C0639,SKU_007,可樂
T01787,C0639,SKU_026,牙膏
T01787,C0639,SKU_029,SKU_NEW_001
T01788,C0128,SKU_010,寶特瓶飲料
T01788,C0128,SKU_014,雪碧
T01789,C0658,SKU_007,可樂
T01789,C0658,SKU_012,麵包
T01789,C0658,SKU_014,雪碧
T01789,C0658,SKU_016,豆漿
T01789,C0658,SKU_025,衛生紙
T01789,C0658,SKU_029,SKU_NEW_001
T01790,C0532,SKU_009,礦泉水
T01791,C1087,SKU_005,塑膠袋
T01791,C1087,SKU_007,可樂
T01791,C1087,SKU_018,香蕉
T01791,C1087,SKU_020,葡萄
T01792,C0872,SKU_003,啤酒
T01792,C0872,SKU_007,可樂
T01792,C0872,SKU_017,蘋果
T01793,C0739,SKU_002,起司
T01794,C0731,SKU_005,塑膠袋
T01794,C0731,SKU_007,可樂
T01794,C0731,SKU_009,礦泉水
T01794,C0731,SKU_011,杯麵
T01794,C0731,SKU_017,蘋果
T01795,C1448,SKU_001,尿布
T01795,C1448,SKU_002,起司
T01795,C1448,SKU_008,醬油
T01795,C1448,SKU_009,礦泉水
T01795,C1448,SKU_013,果醬
T01796,C1129,SKU_005,塑膠袋
T01796,C1129,SKU_015,牛奶
T01796,C1129,SKU_027,洗髮精
T01797,C0744,SKU_007,可樂
T01797,C0744,SKU_010,寶特瓶飲料
T01797,C0744,SKU_011,杯麵
T01797,C0744,SKU_024,口香糖
T01798,C0722,SKU_006,米
T01798,C0722,SKU_007,可樂
T01798,C0722,SKU_020,葡萄
T01799,C0040,SKU_009,礦泉水
T01799,C0040,SKU_018,香蕉
T01799,C0040,SKU_026,牙膏
T01800,C1411,SKU_010,寶特瓶飲料
T01800,C1411,SKU_022,巧克力
T01800,C1411,SKU_030,SKU_NEW_002
T01801,C0481,SKU_003,啤酒
T01801,C0481,SKU_005,塑膠袋
T01802,C0383,SKU_006,米
T01802,C0383,SKU_012,麵包
T01803,C1498,SKU_002,起司
T01803,C1498,SKU_004,紅酒
T01803,C1498,SKU_013,果醬
T01804,C1085,SKU_007,可樂
T01804,C1085,SKU_018,香蕉
T01804,C1085,SKU_024,口香糖
T01805,C0066,SKU_001,尿布
T01805,C0066,SKU_003,啤酒
T01805,C0066,SKU_007,可樂
T01805,C0066,SKU_008,醬油
T01805,C0066,SKU_010,寶特瓶飲料
T01805,C0066,SKU_011,杯麵
T01805,C0066,SKU_022,巧克力
T01805,C0066,SKU_029,SKU_NEW_001
T01806,C0088,SKU_006,米
T01806,C0088,SKU_008,醬油
T01806,C0088,SKU_009,礦泉水
T01806,C0088,SKU_010,寶特瓶飲料
T01806,C0088,SKU_029,SKU_NEW_001
T01807,C0037,SKU_011,杯麵
T01807,C0037,SKU_020,葡萄
T01807,C0037,SKU_022,巧克力
T01808,C0900,SKU_001,尿布
T01808,C0900,SKU_010,寶特瓶飲料
T01808,C0900,SKU_017,蘋果
T01809,C0103,SKU_007,可樂
T01809,C0103,SKU_026,牙膏
T01809,C0103,SKU_028,茶包
T01810,C1397,SKU_009,礦泉水
T01810,C1397,SKU_013,果醬
T01811,C1402,SKU_025,衛生紙
T01811,C1402,SKU_030,SKU_NEW_002
T01812,C0822,SKU_005,塑膠袋
T01812,C0822,SKU_009,礦泉水
T01812,C0822,SKU_010,寶特瓶飲料
T01812,C0822,SKU_011,杯麵
T01813,C0922,SKU_014,雪碧
T01813,C0922,SKU_019,橘子
T01813,C0922,SKU_022,巧克力
T01814,C0439,SKU_027,洗髮精
T01815,C0091,SKU_005,塑膠袋
T01815,C0091,SKU_012,麵包
T01815,C0091,SKU_016,豆漿
T01815,C0091,SKU_019,橘子
T01816,C1105,SKU_005,塑膠袋
T01816,C1105,SKU_007,可樂
T01816,C1105,SKU_010,寶特瓶飲料
T01816,C1105,SKU_015,牛奶
T01816,C1105,SKU_019,橘子
T01817,C0146,SKU_003,啤酒
T01817,C0146,SKU_007,可樂
T01817,C0146,SKU_011,杯麵
T01818,C0122,SKU_010,寶特瓶飲料
T01818,C0122,SKU_014,雪碧
T01818,C0122,SKU_026,牙膏
T01818,C0122,SKU_029,SKU_NEW_001
T01819,C0468,SKU_008,醬油
T01819,C0468,SKU_010,寶特瓶飲料
T01819,C0468,SKU_016,豆漿
T01819,C0468,SKU_020,葡萄
T01819,C0468,SKU_024,口香糖
T01820,C0020,SKU_024,口香糖
T01820,C0020,SKU_027,洗髮精
T01821,C0659,SKU_004,紅酒
T01821,C0659,SKU_005,塑膠袋
T01821,C0659,SKU_007,可樂
T01822,C1069,SKU_001,尿布
T01822,C1069,SKU_003,啤酒
T01822,C1069,SKU_007,可樂
T01822,C1069,SKU_009,礦泉水
T01822,C1069,SKU_026,牙膏
T01823,C1190,SKU_001,尿布
T01823,C1190,SKU_002,起司
T01823,C1190,SKU_003,啤酒
T01823,C1190,SKU_005,塑膠袋
T01823,C1190,SKU_007,可樂
T01823,C1190,SKU_011,杯麵
T01823,C1190,SKU_029,SKU_NEW_001
T01824,C0907,SKU_002,起司
T01824,C0907,SKU_005,塑膠袋
T01824,C0907,SKU_019,橘子
T01824,C0907,SKU_024,口香糖
T01825,C1264,SKU_002,起司
T01825,C1264,SKU_009,礦泉水
T01825,C1264,SKU_011,杯麵
T01825,C1264,SKU_016,豆漿
T01826,C0617,SKU_010,寶特瓶飲料
T01826,C0617,SKU_014,雪碧
T01827,C1266,SKU_005,塑膠袋
T01827,C1266,SKU_009,礦泉水
T01827,C1266,SKU_016,豆漿
T01827,C1266,SKU_019,橘子
T01828,C0761,SKU_001,尿布
T01828,C0761,SKU_002,起司
T01828,C0761,SKU_009,礦泉水
T01828,C0761,SKU_010,寶特瓶飲料
T01829,C0330,SKU_006,米
T01829,C0330,SKU_007,可樂
T01829,C0330,SKU_009,礦泉水
T01829,C0330,SKU_013,果醬
T01829,C0330,SKU_027,洗髮精
T01830,C1412,SKU_002,起司
T01830,C1412,SKU_004,紅酒
T01830,C1412,SKU_005,塑膠袋
T01830,C1412,SKU_030,SKU_NEW_002
T01831,C0412,SKU_010,寶特瓶飲料
T01831,C0412,SKU_013,果醬
T01832,C0038,SKU_007,可樂
T01832,C0038,SKU_009,礦泉水
T01833,C0364,SKU_005,塑膠袋
T01834,C0552,SKU_002,起司
T01834,C0552,SKU_005,塑膠袋
T01834,C0552,SKU_006,米
T01834,C0552,SKU_008,醬油
T01835,C0531,SKU_010,寶特瓶飲料
T01835,C0531,SKU_026,牙膏
T01836,C0786,SKU_004,紅酒
T01836,C0786,SKU_005,塑膠袋
T01836,C0786,SKU_008,醬油
T01836,C0786,SKU_009,礦泉水
T01836,C0786,SKU_010,寶特瓶飲料
T01837,C1315,SKU_005,塑膠袋
T01837,C1315,SKU_006,米
T01837,C1315,SKU_008,醬油
T01837,C1315,SKU_021,餅乾
T01838,C0439,SKU_007,可樂
T01838,C0439,SKU_020,葡萄
T01838,C0439,SKU_024,口香糖
T01839,C0782,SKU_013,果醬
T01839,C0782,SKU_025,衛生紙
T01840,C0515,SKU_001,尿布
T01840,C0515,SKU_005,塑膠袋
T01840,C0515,SKU_017,蘋果
T01840,C0515,SKU_026,牙膏
T01841,C1225,SKU_018,香蕉
T01841,C1225,SKU_020,葡萄
T01842,C0235,SKU_014,雪碧
T01842,C0235,SKU_027,洗髮精
T01843,C0148,SKU_006,米
T01843,C0148,SKU_008,醬油
T01843,C0148,SKU_013,果醬
T01843,C0148,SKU_015,牛奶
T01843,C0148,SKU_024,口香糖
T01844,C0754,SKU_002,起司
T01844,C0754,SKU_025,衛生紙
T01845,C1009,SKU_005,塑膠袋
T01845,C1009,SKU_020,葡萄
T01845,C1009,SKU_029,SKU_NEW_001
T01846,C1181,SKU_004,紅酒
T01846,C1181,SKU_010,寶特瓶飲料
T01846,C1181,SKU_017,蘋果
T01847,C0887,SKU_001,尿布
T01847,C0887,SKU_003,啤酒
T01847,C0887,SKU_011,杯麵
T01847,C0887,SKU_012,麵包
T01848,C1149,SKU_007,可樂
T01848,C1149,SKU_010,寶特瓶飲料
T01848,C1149,SKU_017,蘋果
T01848,C1149,SKU_019,橘子
T01849,C0593,SKU_001,尿布
T01849,C0593,SKU_009,礦泉水
T01849,C0593,SKU_021,餅乾
T01849,C0593,SKU_027,洗髮精
T01850,C0046,SKU_001,尿布
T01850,C0046,SKU_002,起司
T01850,C0046,SKU_004,紅酒
T01850,C0046,SKU_014,雪碧
T01850,C0046,SKU_022,巧克力
T01850,C0046,SKU_025,衛生紙
T01851,C0167,SKU_007,可樂
T01851,C0167,SKU_009,礦泉水
T01851,C0167,SKU_010,寶特瓶飲料
T01852,C0054,SKU_008,醬油
T01852,C0054,SKU_025,衛生紙
T01852,C0054,SKU_029,SKU_NEW_001
T01853,C0497,SKU_007,可樂
T01853,C0497,SKU_009,礦泉水
T01853,C0497,SKU_011,杯麵
T01853,C0497,SKU_013,果醬
T01854,C0742,SKU_003,啤酒
T01854,C0742,SKU_009,礦泉水
T01854,C0742,SKU_010,寶特瓶飲料
T01854,C0742,SKU_015,牛奶
T01854,C0742,SKU_027,洗髮精
T01855,C0536,SKU_001,尿布
T01855,C0536,SKU_003,啤酒
T01855,C0536,SKU_010,寶特瓶飲料
T01855,C0536,SKU_017,蘋果
T01855,C0536,SKU_019,橘子
T01856,C0846,SKU_012,麵包
T01856,C0846,SKU_013,果醬
T01856,C0846,SKU_016,豆漿
T01856,C0846,SKU_018,香蕉
T01856,C0846,SKU_027,洗髮精
T01857,C0724,SKU_004,紅酒
T01857,C0724,SKU_030,SKU_NEW_002
T01858,C1018,SKU_001,尿布
T01858,C1018,SKU_002,起司
T01858,C1018,SKU_004,紅酒
T01858,C1018,SKU_019,橘子
T01859,C1000,SKU_004,紅酒
T01859,C1000,SKU_008,醬油
T01859,C1000,SKU_025,衛生紙
T01860,C0480,SKU_002,起司
T01860,C0480,SKU_009,礦泉水
T01860,C0480,SKU_022,巧克力
T01860,C0480,SKU_028,茶包
T01861,C0524,SKU_001,尿布
T01861,C0524,SKU_007,可樂
T01861,C0524,SKU_009,礦泉水
T01861,C0524,SKU_024,口香糖
T01861,C0524,SKU_028,茶包
T01862,C0881,SKU_001,尿布
T01862,C0881,SKU_003,啤酒
T01862,C0881,SKU_021,餅乾
T01862,C0881,SKU_029,SKU_NEW_001
T01863,C0896,SKU_007,可樂
T01863,C0896,SKU_010,寶特瓶飲料
T01864,C0476,SKU_004,紅酒
T01864,C0476,SKU_006,米
T01864,C0476,SKU_008,醬油
T01864,C0476,SKU_011,杯麵
T01864,C0476,SKU_022,巧克力
T01864,C0476,SKU_024,口香糖
T01865,C0498,SKU_006,米
T01865,C0498,SKU_010,寶特瓶飲料
T01865,C0498,SKU_011,杯麵
T01865,C0498,SKU_015,牛奶
T01866,C1047,SKU_001,尿布
T01866,C1047,SKU_003,啤酒
T01866,C1047,SKU_007,可樂
T01866,C1047,SKU_022,巧克力
T01866,C1047,SKU_029,SKU_NEW_001
T01867,C0969,SKU_002,起司
T01868,C0197,SKU_007,可樂
T01868,C0197,SKU_016,豆漿
T01869,C0668,SKU_005,塑膠袋
T01869,C0668,SKU_013,果醬
T01870,C1329,SKU_005,塑膠袋
T01871,C0051,SKU_003,啤酒
T01871,C0051,SKU_005,塑膠袋
T01871,C0051,SKU_007,可樂
T01871,C0051,SKU_009,礦泉水
T01871,C0051,SKU_024,口香糖
T01872,C1275,SKU_011,杯麵
T01872,C1275,SKU_012,麵包
T01873,C0244,SKU_002,起司
T01873,C0244,SKU_008,醬油
T01873,C0244,SKU_012,麵包
T01874,C0762,SKU_009,礦泉水
T01874,C0762,SKU_010,寶特瓶飲料
T01874,C0762,SKU_011,杯麵
T01874,C0762,SKU_022,巧克力
T01875,C0645,SKU_024,口香糖
T01875,C0645,SKU_025,衛生紙
T01876,C0017,SKU_002,起司
T01876,C0017,SKU_004,紅酒
T01876,C0017,SKU_012,麵包
T01876,C0017,SKU_015,牛奶
T01876,C0017,SKU_020,葡萄
T01876,C0017,SKU_030,SKU_NEW_002
T01877,C1372,SKU_005,塑膠袋
T01877,C1372,SKU_009,礦泉水
T01877,C1372,SKU_014,雪碧
T01877,C1372,SKU_030,SKU_NEW_002
T01878,C0688,SKU_001,尿布
T01878,C0688,SKU_005,塑膠袋
T01878,C0688,SKU_006,米
T01878,C0688,SKU_008,醬油
T01878,C0688,SKU_012,麵包
T01878,C0688,SKU_023,洋芋片
T01878,C0688,SKU_027,洗髮精
T01879,C1429,SKU_008,醬油
T01879,C1429,SKU_009,礦泉水
T01880,C0432,SKU_011,杯麵
T01880,C0432,SKU_019,橘子
T01881,C1292,SKU_009,礦泉水
T01882,C1382,SKU_005,塑膠袋
T01882,C1382,SKU_009,礦泉水
T01882,C1382,SKU_013,果醬
T01882,C1382,SKU_029,SKU_NEW_001
T01882,C1382,SKU_030,SKU_NEW_002
T01883,C0840,SKU_005,塑膠袋
T01883,C0840,SKU_007,可樂
T01883,C0840,SKU_008,醬油
T01883,C0840,SKU_024,口香糖
T01883,C0840,SKU_025,衛生紙
T01884,C0302,SKU_005,塑膠袋
T01884,C0302,SKU_007,可樂
T01884,C0302,SKU_030,SKU_NEW_002
T01885,C1029,SKU_003,啤酒
T01885,C1029,SKU_026,牙膏
T01886,C0827,SKU_002,起司
T01886,C0827,SKU_004,紅酒
T01886,C0827,SKU_013,果醬
T01886,C0827,SKU_016,豆漿
T01887,C1413,SKU_005,塑膠袋
T01887,C1413,SKU_019,橘子
T01887,C1413,SKU_027,洗髮精
T01888,C0667,SKU_004,紅酒
T01888,C0667,SKU_005,塑膠袋
T01888,C0667,SKU_010,寶特瓶飲料
T01888,C0667,SKU_019,橘子
T01889,C0403,SKU_001,尿布
T01889,C0403,SKU_005,塑膠袋
T01889,C0403,SKU_013,果醬
T01889,C0403,SKU_030,SKU_NEW_002
T01890,C0202,SKU_002,起司
T01890,C0202,SKU_004,紅酒
T01890,C0202,SKU_025,衛生紙
T01891,C1057,SKU_016,豆漿
T01891,C1057,SKU_027,洗髮精
T01892,C1459,SKU_004,紅酒
T01892,C1459,SKU_007,可樂
T01892,C1459,SKU_009,礦泉水
T01892,C1459,SKU_015,牛奶
T01893,C0042,SKU_002,起司
T01893,C0042,SKU_004,紅酒
T01893,C0042,SKU_009,礦泉水
T01894,C1109,SKU_002,起司
T01894,C1109,SKU_006,米
T01894,C1109,SKU_008,醬油
T01894,C1109,SKU_019,橘子
T01895,C1391,SKU_002,起司
T01895,C1391,SKU_004,紅酒
T01895,C1391,SKU_008,醬油
T01895,C1391,SKU_024,口香糖
T01896,C0110,SKU_007,可樂
T01896,C0110,SKU_009,礦泉水
T01897,C0158,SKU_003,啤酒
T01897,C0158,SKU_017,蘋果
T01898,C1044,SKU_001,尿布
T01898,C1044,SKU_002,起司
T01898,C1044,SKU_003,啤酒
T01898,C1044,SKU_004,紅酒
T01898,C1044,SKU_007,可樂
T01899,C0970,SKU_004,紅酒
T01899,C0970,SKU_005,塑膠袋
T01899,C0970,SKU_011,杯麵
T01899,C0970,SKU_012,麵包
T01899,C0970,SKU_017,蘋果
T01899,C0970,SKU_018,香蕉
T01899,C0970,SKU_020,葡萄
T01899,C0970,SKU_026,牙膏
T01900,C0097,SKU_004,紅酒
T01900,C0097,SKU_009,礦泉水
T01900,C0097,SKU_010,寶特瓶飲料
T01900,C0097,SKU_022,巧克力
T01900,C0097,SKU_028,茶包
T01901,C1243,SKU_006,米
T01901,C1243,SKU_017,蘋果
T01902,C0784,SKU_002,起司
T01902,C0784,SKU_004,紅酒
T01902,C0784,SKU_013,果醬
T01902,C0784,SKU_025,衛生紙
T01902,C0784,SKU_027,洗髮精
T01903,C1357,SKU_001,尿布
T01903,C1357,SKU_019,橘子
T01903,C1357,SKU_020,葡萄
T01904,C1308,SKU_002,起司
T01904,C1308,SKU_005,塑膠袋
T01904,C1308,SKU_008,醬油
T01904,C1308,SKU_010,寶特瓶飲料
T01904,C1308,SKU_012,麵包
T01904,C1308,SKU_021,餅乾
T01905,C1207,SKU_010,寶特瓶飲料
T01905,C1207,SKU_014,雪碧
T01905,C1207,SKU_016,豆漿
T01905,C1207,SKU_017,蘋果
T01906,C0774,SKU_003,啤酒
T01906,C0774,SKU_010,寶特瓶飲料
T01906,C0774,SKU_013,果醬
T01906,C0774,SKU_021,餅乾
T01907,C0377,SKU_009,礦泉水
T01907,C0377,SKU_012,麵包
T01908,C0760,SKU_010,寶特瓶飲料
T01908,C0760,SKU_013,果醬
T01908,C0760,SKU_019,橘子
T01909,C0144,SKU_005,塑膠袋
T01909,C0144,SKU_007,可樂
T01909,C0144,SKU_008,醬油
T01910,C0987,SKU_001,尿布
T01910,C0987,SKU_003,啤酒
T01911,C0196,SKU_005,塑膠袋
T01911,C0196,SKU_022,巧克力
T01912,C0768,SKU_002,起司
T01912,C0768,SKU_004,紅酒
T01912,C0768,SKU_008,醬油
T01912,C0768,SKU_010,寶特瓶飲料
T01912,C0768,SKU_028,茶包
T01913,C0078,SKU_003,啤酒
T01913,C0078,SKU_013,果醬
T01914,C0451,SKU_001,尿布
T01914,C0451,SKU_003,啤酒
T01914,C0451,SKU_007,可樂
T01914,C0451,SKU_009,礦泉水
T01914,C0451,SKU_024,口香糖
T01915,C0344,SKU_008,醬油
T01915,C0344,SKU_012,麵包
T01915,C0344,SKU_016,豆漿
T01916,C0928,SKU_001,尿布
T01916,C0928,SKU_003,啤酒
T01916,C0928,SKU_008,醬油
T01916,C0928,SKU_009,礦泉水
T01916,C0928,SKU_014,雪碧
T01916,C0928,SKU_017,蘋果
T01916,C0928,SKU_027,洗髮精
T01917,C1166,SKU_006,米
T01917,C1166,SKU_007,可樂
T01917,C1166,SKU_008,醬油
T01918,C0082,SKU_007,可樂
T01918,C0082,SKU_010,寶特瓶飲料
T01918,C0082,SKU_011,杯麵
T01918,C0082,SKU_024,口香糖
T01918,C0082,SKU_028,茶包
T01919,C1268,SKU_001,尿布
T01919,C1268,SKU_002,起司
T01919,C1268,SKU_003,啤酒
T01919,C1268,SKU_004,紅酒
T01920,C1281,SKU_001,尿布
T01920,C1281,SKU_003,啤酒
T01921,C0518,SKU_002,起司
T01921,C0518,SKU_004,紅酒
T01921,C0518,SKU_005,塑膠袋
T01921,C0518,SKU_008,醬油
T01921,C0518,SKU_010,寶特瓶飲料
T01921,C0518,SKU_017,蘋果
T01922,C0988,SKU_001,尿布
T01922,C0988,SKU_003,啤酒
T01922,C0988,SKU_024,口香糖
T01922,C0988,SKU_029,SKU_NEW_001
T01923,C0612,SKU_012,麵包
T01924,C0230,SKU_001,尿布
T01924,C0230,SKU_002,起司
T01924,C0230,SKU_003,啤酒
T01924,C0230,SKU_004,紅酒
T01924,C0230,SKU_006,米
T01924,C0230,SKU_008,醬油
T01924,C0230,SKU_030,SKU_NEW_002
T01925,C0792,SKU_009,礦泉水
T01925,C0792,SKU_010,寶特瓶飲料
T01926,C0123,SKU_002,起司
T01926,C0123,SKU_018,香蕉
T01927,C1308,SKU_005,塑膠袋
T01927,C1308,SKU_011,杯麵
T01927,C1308,SKU_017,蘋果
T01927,C1308,SKU_023,洋芋片
T01928,C1387,SKU_001,尿布
T01928,C1387,SKU_003,啤酒
T01928,C1387,SKU_016,豆漿
T01928,C1387,SKU_023,洋芋片
T01928,C1387,SKU_026,牙膏
T01929,C1224,SKU_010,寶特瓶飲料
T01929,C1224,SKU_012,麵包
T01930,C0849,SKU_001,尿布
T01930,C0849,SKU_003,啤酒
T01930,C0849,SKU_009,礦泉水
T01930,C0849,SKU_022,巧克力
T01930,C0849,SKU_023,洋芋片
T01930,C0849,SKU_024,口香糖
T01931,C0842,SKU_005,塑膠袋
T01931,C0842,SKU_008,醬油
T01932,C1476,SKU_001,尿布
T01932,C1476,SKU_003,啤酒
T01932,C1476,SKU_015,牛奶
T01932,C1476,SKU_018,香蕉
T01932,C1476,SKU_022,巧克力
T01933,C0371,SKU_007,可樂
T01933,C0371,SKU_009,礦泉水
T01933,C0371,SKU_019,橘子
T01934,C0111,SKU_002,起司
T01934,C0111,SKU_007,可樂
T01934,C0111,SKU_020,葡萄
T01934,C0111,SKU_024,口香糖
T01935,C0848,SKU_001,尿布
T01935,C0848,SKU_002,起司
T01935,C0848,SKU_003,啤酒
T01935,C0848,SKU_004,紅酒
T01935,C0848,SKU_016,豆漿
T01936,C0497,SKU_010,寶特瓶飲料
T01937,C0486,SKU_003,啤酒
T01937,C0486,SKU_020,葡萄
T01937,C0486,SKU_027,洗髮精
T01938,C0012,SKU_005,塑膠袋
T01938,C0012,SKU_007,可樂
T01938,C0012,SKU_009,礦泉水
T01938,C0012,SKU_012,麵包
T01939,C0896,SKU_006,米
T01939,C0896,SKU_007,可樂
T01939,C0896,SKU_008,醬油
T01940,C0397,SKU_001,尿布
T01940,C0397,SKU_003,啤酒
T01940,C0397,SKU_007,可樂
T01941,C0278,SKU_002,起司
T01941,C0278,SKU_004,紅酒
T01941,C0278,SKU_009,礦泉水
T01941,C0278,SKU_014,雪碧
T01941,C0278,SKU_019,橘子
T01941,C0278,SKU_020,葡萄
T01941,C0278,SKU_026,牙膏
T01942,C0057,SKU_010,寶特瓶飲料
T01942,C0057,SKU_025,衛生紙
T01942,C0057,SKU_027,洗髮精
T01943,C0549,SKU_010,寶特瓶飲料
T01943,C0549,SKU_011,杯麵
T01943,C0549,SKU_016,豆漿
T01943,C0549,SKU_019,橘子
T01943,C0549,SKU_021,餅乾
T01944,C1309,SKU_004,紅酒
T01944,C1309,SKU_006,米
T01944,C1309,SKU_028,茶包
T01945,C0509,SKU_001,尿布
T01945,C0509,SKU_003,啤酒
T01945,C0509,SKU_020,葡萄
T01945,C0509,SKU_026,牙膏
T01946,C1020,SKU_010,寶特瓶飲料
T01946,C1020,SKU_011,杯麵
T01946,C1020,SKU_017,蘋果
T01946,C1020,SKU_028,茶包
T01947,C1129,SKU_020,葡萄
T01948,C0495,SKU_006,米
T01948,C0495,SKU_010,寶特瓶飲料
T01948,C0495,SKU_011,杯麵
T01948,C0495,SKU_019,橘子
T01949,C1224,SKU_002,起司
T01949,C1224,SKU_004,紅酒
T01949,C1224,SKU_006,米
T01949,C1224,SKU_008,醬油
T01949,C1224,SKU_030,SKU_NEW_002
T01950,C1044,SKU_001,尿布
T01950,C1044,SKU_008,醬油
T01950,C1044,SKU_011,杯麵
T01951,C0844,SKU_001,尿布
T01951,C0844,SKU_007,可樂
T01951,C0844,SKU_019,橘子
T01952,C0002,SKU_008,醬油
T01952,C0002,SKU_030,SKU_NEW_002
T01953,C0050,SKU_001,尿布
T01953,C0050,SKU_003,啤酒
T01953,C0050,SKU_007,可樂
T01953,C0050,SKU_023,洋芋片
T01953,C0050,SKU_027,洗髮精
T01954,C1487,SKU_001,尿布
T01954,C1487,SKU_003,啤酒
T01954,C1487,SKU_007,可樂
T01954,C1487,SKU_008,醬油
T01954,C1487,SKU_009,礦泉水
T01954,C1487,SKU_021,餅乾
T01954,C1487,SKU_025,衛生紙
T01955,C1161,SKU_017,蘋果
T01956,C1402,SKU_005,塑膠袋
T01956,C1402,SKU_010,寶特瓶飲料
T01956,C1402,SKU_025,衛生紙
T01956,C1402,SKU_029,SKU_NEW_001
T01957,C1351,SKU_016,豆漿
T01957,C1351,SKU_019,橘子
T01957,C1351,SKU_027,洗髮精
T01958,C0033,SKU_006,米
T01958,C0033,SKU_008,醬油
T01958,C0033,SKU_010,寶特瓶飲料
T01958,C0033,SKU_012,麵包
T01959,C1174,SKU_013,果醬
T01959,C1174,SKU_015,牛奶
T01959,C1174,SKU_017,蘋果
T01960,C0683,SKU_001,尿布
T01960,C0683,SKU_009,礦泉水
T01960,C0683,SKU_027,洗髮精
T01961,C1171,SKU_005,塑膠袋
T01961,C1171,SKU_008,醬油
T01961,C1171,SKU_010,寶特瓶飲料
T01962,C0011,SKU_001,尿布
T01962,C0011,SKU_003,啤酒
T01962,C0011,SKU_007,可樂
T01962,C0011,SKU_017,蘋果
T01962,C0011,SKU_018,香蕉
T01962,C0011,SKU_025,衛生紙
T01962,C0011,SKU_026,牙膏
T01963,C0434,SKU_005,塑膠袋
T01963,C0434,SKU_029,SKU_NEW_001
T01964,C1121,SKU_018,香蕉
T01965,C1177,SKU_002,起司
T01965,C1177,SKU_004,紅酒
T01965,C1177,SKU_014,雪碧
T01965,C1177,SKU_022,巧克力
T01965,C1177,SKU_024,口香糖
T01965,C1177,SKU_025,衛生紙
T01965,C1177,SKU_030,SKU_NEW_002
T01966,C0927,SKU_006,米
T01966,C0927,SKU_008,醬油
T01966,C0927,SKU_015,牛奶
T01966,C0927,SKU_016,豆漿
T01967,C0457,SKU_001,尿布
T01967,C0457,SKU_005,塑膠袋
T01967,C0457,SKU_012,麵包
T01967,C0457,SKU_013,果醬
T01967,C0457,SKU_019,橘子
T01967,C0457,SKU_030,SKU_NEW_002
T01968,C0468,SKU_015,牛奶
T01968,C0468,SKU_029,SKU_NEW_001
T01969,C1448,SKU_009,礦泉水
T01969,C1448,SKU_017,蘋果
T01969,C1448,SKU_023,洋芋片
T01970,C0667,SKU_001,尿布
T01970,C0667,SKU_007,可樂
T01970,C0667,SKU_011,杯麵
T01971,C0678,SKU_007,可樂
T01972,C0833,SKU_012,麵包
T01972,C0833,SKU_020,葡萄
T01973,C0622,SKU_003,啤酒
T01973,C0622,SKU_008,醬油
T01973,C0622,SKU_014,雪碧
T01973,C0622,SKU_030,SKU_NEW_002
T01974,C0833,SKU_010,寶特瓶飲料
T01975,C0658,SKU_003,啤酒
T01975,C0658,SKU_005,塑膠袋
T01976,C1234,SKU_004,紅酒
T01976,C1234,SKU_005,塑膠袋
T01976,C1234,SKU_006,米
T01976,C1234,SKU_007,可樂
T01976,C1234,SKU_008,醬油
T01976,C1234,SKU_009,礦泉水
T01976,C1234,SKU_014,雪碧
T01977,C1360,SKU_008,醬油
T01977,C1360,SKU_011,杯麵
T01978,C1396,SKU_004,紅酒
T01978,C1396,SKU_005,塑膠袋
T01978,C1396,SKU_016,豆漿
T01978,C1396,SKU_020,葡萄
T01978,C1396,SKU_025,衛生紙
T01979,C0851,SKU_009,礦泉水
T01979,C0851,SKU_014,雪碧
T01979,C0851,SKU_018,香蕉
T01979,C0851,SKU_022,巧克力
T01979,C0851,SKU_023,洋芋片
T01980,C0670,SKU_005,塑膠袋
T01980,C0670,SKU_007,可樂
T01980,C0670,SKU_008,醬油
T01980,C0670,SKU_011,杯麵
T01981,C1065,SKU_009,礦泉水
T01981,C1065,SKU_018,香蕉
T01982,C1251,SKU_005,塑膠袋
T01982,C1251,SKU_026,牙膏
T01982,C1251,SKU_028,茶包
T01983,C0850,SKU_005,塑膠袋
T01983,C0850,SKU_010,寶特瓶飲料
T01983,C0850,SKU_027,洗髮精
T01984,C1059,SKU_008,醬油
T01984,C1059,SKU_014,雪碧
T01984,C1059,SKU_028,茶包
T01985,C1119,SKU_004,紅酒
T01985,C1119,SKU_026,牙膏
T01985,C1119,SKU_029,SKU_NEW_001
T01986,C1016,SKU_001,尿布
T01986,C1016,SKU_003,啤酒
T01986,C1016,SKU_006,米
T01986,C1016,SKU_007,可樂
T01986,C1016,SKU_022,巧克力
T01987,C1116,SKU_001,尿布
T01987,C1116,SKU_002,起司
T01987,C1116,SKU_004,紅酒
T01987,C1116,SKU_005,塑膠袋
T01988,C0310,SKU_004,紅酒
T01988,C0310,SKU_005,塑膠袋
T01988,C0310,SKU_025,衛生紙
T01989,C0747,SKU_023,洋芋片
T01989,C0747,SKU_024,口香糖
T01989,C0747,SKU_030,SKU_NEW_002
T01990,C0885,SKU_001,尿布
T01990,C0885,SKU_004,紅酒
T01990,C0885,SKU_005,塑膠袋
T01990,C0885,SKU_009,礦泉水
T01990,C0885,SKU_011,杯麵
T01990,C0885,SKU_012,麵包
T01990,C0885,SKU_023,洋芋片
T01991,C0005,SKU_001,尿布
T01991,C0005,SKU_003,啤酒
T01991,C0005,SKU_006,米
T01991,C0005,SKU_008,醬油
T01991,C0005,SKU_011,杯麵
T01991,C0005,SKU_021,餅乾
T01992,C1276,SKU_003,啤酒
T01992,C1276,SKU_005,塑膠袋
T01992,C1276,SKU_007,可樂
T01992,C1276,SKU_022,巧克力
T01993,C0916,SKU_004,紅酒
T01993,C0916,SKU_007,可樂
T01993,C0916,SKU_019,橘子
T01993,C0916,SKU_023,洋芋片
T01993,C0916,SKU_025,衛生紙
T01994,C0191,SKU_002,起司
T01994,C0191,SKU_004,紅酒
T01994,C0191,SKU_021,餅乾
T01994,C0191,SKU_026,牙膏
T01995,C1212,SKU_001,尿布
T01995,C1212,SKU_003,啤酒
T01995,C1212,SKU_007,可樂
T01995,C1212,SKU_017,蘋果
T01996,C1083,SKU_004,紅酒
T01996,C1083,SKU_013,果醬
T01997,C1132,SKU_005,塑膠袋
T01998,C0592,SKU_011,杯麵
T01998,C0592,SKU_028,茶包
T01999,C1274,SKU_003,啤酒
T01999,C1274,SKU_010,寶特瓶飲料
T01999,C1274,SKU_026,牙膏
T02000,C0629,SKU_002,起司
T02000,C0629,SKU_007,可樂
T02000,C0629,SKU_010,寶特瓶飲料
T02000,C0629,SKU_011,杯麵
T02001,C0860,SKU_007,可樂
T02001,C0860,SKU_010,寶特瓶飲料
T02001,C0860,SKU_020,葡萄
T02002,C0001,SKU_001,尿布
T02002,C0001,SKU_003,啤酒
T02002,C0001,SKU_005,塑膠袋
T02002,C0001,SKU_009,礦泉水
T02002,C0001,SKU_010,寶特瓶飲料
T02003,C0965,SKU_004,紅酒
T02004,C1084,SKU_006,米
T02004,C1084,SKU_008,醬油
T02004,C1084,SKU_019,橘子
T02005,C0855,SKU_001,尿布
T02005,C0855,SKU_003,啤酒
T02005,C0855,SKU_006,米
T02005,C0855,SKU_011,杯麵
T02005,C0855,SKU_017,蘋果
T02006,C0744,SKU_002,起司
T02006,C0744,SKU_004,紅酒
T02006,C0744,SKU_008,醬油
T02006,C0744,SKU_017,蘋果
T02007,C1203,SKU_002,起司
T02007,C1203,SKU_004,紅酒
T02007,C1203,SKU_014,雪碧
T02007,C1203,SKU_022,巧克力
T02008,C1023,SKU_003,啤酒
T02008,C1023,SKU_017,蘋果
T02009,C0416,SKU_025,衛生紙
T02010,C1437,SKU_006,米
T02010,C1437,SKU_008,醬油
T02010,C1437,SKU_012,麵包
T02011,C1068,SKU_002,起司
T02011,C1068,SKU_004,紅酒
T02011,C1068,SKU_013,果醬
T02012,C1481,SKU_002,起司
T02012,C1481,SKU_004,紅酒
T02012,C1481,SKU_005,塑膠袋
T02012,C1481,SKU_008,醬油
T02012,C1481,SKU_010,寶特瓶飲料
T02012,C1481,SKU_023,洋芋片
T02013,C1454,SKU_005,塑膠袋
T02013,C1454,SKU_012,麵包
T02013,C1454,SKU_013,果醬
T02013,C1454,SKU_021,餅乾
T02014,C1377,SKU_002,起司
T02014,C1377,SKU_004,紅酒
T02014,C1377,SKU_005,塑膠袋
T02014,C1377,SKU_007,可樂
T02014,C1377,SKU_015,牛奶
T02014,C1377,SKU_018,香蕉
T02014,C1377,SKU_029,SKU_NEW_001
T02015,C1127,SKU_001,尿布
T02015,C1127,SKU_009,礦泉水
T02016,C0915,SKU_024,口香糖
T02017,C0259,SKU_003,啤酒
T02017,C0259,SKU_006,米
T02017,C0259,SKU_008,醬油
T02017,C0259,SKU_012,麵包
T02018,C0817,SKU_001,尿布
T02018,C0817,SKU_003,啤酒
T02018,C0817,SKU_014,雪碧
T02019,C1141,SKU_004,紅酒
T02019,C1141,SKU_010,寶特瓶飲料
T02019,C1141,SKU_015,牛奶
T02019,C1141,SKU_030,SKU_NEW_002
T02020,C0782,SKU_003,啤酒
T02020,C0782,SKU_007,可樂
T02021,C1293,SKU_004,紅酒
T02021,C1293,SKU_010,寶特瓶飲料
T02021,C1293,SKU_027,洗髮精
T02021,C1293,SKU_030,SKU_NEW_002
T02022,C0157,SKU_002,起司
T02022,C0157,SKU_005,塑膠袋
T02022,C0157,SKU_009,礦泉水
T02022,C0157,SKU_010,寶特瓶飲料
T02022,C0157,SKU_023,洋芋片
T02022,C0157,SKU_024,口香糖
T02023,C0578,SKU_015,牛奶
T02024,C0760,SKU_001,尿布
T02024,C0760,SKU_002,起司
T02024,C0760,SKU_003,啤酒
T02024,C0760,SKU_004,紅酒
T02024,C0760,SKU_009,礦泉水
T02024,C0760,SKU_010,寶特瓶飲料
T02024,C0760,SKU_026,牙膏
T02025,C0658,SKU_006,米
T02025,C0658,SKU_008,醬油
T02025,C0658,SKU_026,牙膏
T02026,C0155,SKU_004,紅酒
T02026,C0155,SKU_007,可樂
T02026,C0155,SKU_009,礦泉水
T02026,C0155,SKU_019,橘子
T02026,C0155,SKU_025,衛生紙
T02026,C0155,SKU_028,茶包
T02027,C0230,SKU_002,起司
T02027,C0230,SKU_004,紅酒
T02027,C0230,SKU_005,塑膠袋
T02027,C0230,SKU_009,礦泉水
T02027,C0230,SKU_014,雪碧
T02027,C0230,SKU_029,SKU_NEW_001
T02028,C1250,SKU_004,紅酒
T02028,C1250,SKU_010,寶特瓶飲料
T02028,C1250,SKU_014,雪碧
T02028,C1250,SKU_022,巧克力
T02029,C0730,SKU_003,啤酒
T02029,C0730,SKU_010,寶特瓶飲料
T02029,C0730,SKU_015,牛奶
T02029,C0730,SKU_023,洋芋片
T02030,C0069,SKU_005,塑膠袋
T02031,C0027,SKU_001,尿布
T02031,C0027,SKU_003,啤酒
T02031,C0027,SKU_015,牛奶
T02031,C0027,SKU_024,口香糖
T02032,C0717,SKU_004,紅酒
T02032,C0717,SKU_007,可樂
T02032,C0717,SKU_023,洋芋片
T02033,C0247,SKU_006,米
T02033,C0247,SKU_008,醬油
T02033,C0247,SKU_009,礦泉水
T02033,C0247,SKU_014,雪碧
T02034,C1065,SKU_006,米
T02034,C1065,SKU_008,醬油
T02034,C1065,SKU_016,豆漿
T02034,C1065,SKU_021,餅乾
T02034,C1065,SKU_027,洗髮精
T02035,C1181,SKU_004,紅酒
T02035,C1181,SKU_005,塑膠袋
T02035,C1181,SKU_007,可樂
T02035,C1181,SKU_015,牛奶
T02035,C1181,SKU_026,牙膏
T02036,C0338,SKU_013,果醬
T02036,C0338,SKU_014,雪碧
T02037,C0890,SKU_007,可樂
T02037,C0890,SKU_013,果醬
T02037,C0890,SKU_023,洋芋片
T02037,C0890,SKU_028,茶包
T02038,C0230,SKU_007,可樂
T02038,C0230,SKU_016,豆漿
T02039,C0459,SKU_005,塑膠袋
T02039,C0459,SKU_007,可樂
T02039,C0459,SKU_015,牛奶
T02040,C1323,SKU_004,紅酒
T02041,C0817,SKU_007,可樂
T02041,C0817,SKU_008,醬油
T02041,C0817,SKU_009,礦泉水
T02042,C1319,SKU_001,尿布
T02042,C1319,SKU_010,寶特瓶飲料
T02043,C0334,SKU_008,醬油
T02043,C0334,SKU_011,杯麵
T02043,C0334,SKU_012,麵包
T02043,C0334,SKU_022,巧克力
T02043,C0334,SKU_030,SKU_NEW_002
T02044,C0498,SKU_018,香蕉
T02044,C0498,SKU_019,橘子
T02044,C0498,SKU_025,衛生紙
T02044,C0498,SKU_030,SKU_NEW_002
T02045,C0714,SKU_005,塑膠袋
T02045,C0714,SKU_015,牛奶
T02046,C0722,SKU_005,塑膠袋
T02046,C0722,SKU_021,餅乾
T02047,C1496,SKU_001,尿布
T02047,C1496,SKU_003,啤酒
T02047,C1496,SKU_007,可樂
T02047,C1496,SKU_010,寶特瓶飲料
T02047,C1496,SKU_018,香蕉
T02047,C1496,SKU_020,葡萄
T02048,C0164,SKU_005,塑膠袋
T02048,C0164,SKU_020,葡萄
T02048,C0164,SKU_024,口香糖
T02049,C1271,SKU_006,米
T02049,C1271,SKU_008,醬油
T02050,C1289,SKU_001,尿布
T02050,C1289,SKU_002,起司
T02050,C1289,SKU_004,紅酒
T02050,C1289,SKU_009,礦泉水
T02050,C1289,SKU_010,寶特瓶飲料
T02050,C1289,SKU_016,豆漿
T02051,C0835,SKU_004,紅酒
T02051,C0835,SKU_005,塑膠袋
T02051,C0835,SKU_007,可樂
T02051,C0835,SKU_020,葡萄
T02051,C0835,SKU_021,餅乾
T02051,C0835,SKU_025,衛生紙
T02052,C0521,SKU_001,尿布
T02052,C0521,SKU_002,起司
T02052,C0521,SKU_003,啤酒
T02052,C0521,SKU_004,紅酒
T02052,C0521,SKU_005,塑膠袋
T02052,C0521,SKU_008,醬油
T02052,C0521,SKU_018,香蕉
T02052,C0521,SKU_019,橘子
T02053,C0779,SKU_007,可樂
T02053,C0779,SKU_012,麵包
T02053,C0779,SKU_029,SKU_NEW_001
T02054,C0440,SKU_010,寶特瓶飲料
T02054,C0440,SKU_022,巧克力
T02055,C1185,SKU_009,礦泉水
T02055,C1185,SKU_019,橘子
T02056,C0747,SKU_004,紅酒
T02056,C0747,SKU_008,醬油
T02056,C0747,SKU_011,杯麵
T02057,C1390,SKU_005,塑膠袋
T02057,C1390,SKU_028,茶包
T02057,C1390,SKU_030,SKU_NEW_002
T02058,C0932,SKU_007,可樂
T02058,C0932,SKU_008,醬油
T02058,C0932,SKU_010,寶特瓶飲料
T02058,C0932,SKU_015,牛奶
T02058,C0932,SKU_016,豆漿
T02059,C0773,SKU_007,可樂
T02059,C0773,SKU_009,礦泉水
T02059,C0773,SKU_017,蘋果
T02060,C1072,SKU_007,可樂
T02060,C1072,SKU_012,麵包
T02060,C1072,SKU_019,橘子
T02060,C1072,SKU_027,洗髮精
T02061,C0755,SKU_005,塑膠袋
T02061,C0755,SKU_009,礦泉水
T02061,C0755,SKU_014,雪碧
T02061,C0755,SKU_018,香蕉
T02062,C1354,SKU_003,啤酒
T02062,C1354,SKU_007,可樂
T02062,C1354,SKU_012,麵包
T02062,C1354,SKU_022,巧克力
T02063,C0274,SKU_002,起司
T02063,C0274,SKU_009,礦泉水
T02063,C0274,SKU_012,麵包
T02063,C0274,SKU_016,豆漿
T02063,C0274,SKU_019,橘子
T02063,C0274,SKU_020,葡萄
T02064,C1459,SKU_005,塑膠袋
T02064,C1459,SKU_008,醬油
T02064,C1459,SKU_009,礦泉水
T02064,C1459,SKU_013,果醬
T02064,C1459,SKU_026,牙膏
T02065,C1205,SKU_015,牛奶
T02065,C1205,SKU_022,巧克力
T02066,C1281,SKU_002,起司
T02066,C1281,SKU_004,紅酒
T02066,C1281,SKU_005,塑膠袋
T02066,C1281,SKU_006,米
T02066,C1281,SKU_008,醬油
T02067,C0728,SKU_003,啤酒
T02067,C0728,SKU_007,可樂
T02067,C0728,SKU_022,巧克力
T02067,C0728,SKU_029,SKU_NEW_001
T02067,C0728,SKU_030,SKU_NEW_002
T02068,C1249,SKU_004,紅酒
T02068,C1249,SKU_006,米
T02068,C1249,SKU_008,醬油
T02069,C0464,SKU_006,米
T02069,C0464,SKU_008,醬油
T02069,C0464,SKU_019,橘子
T02069,C0464,SKU_030,SKU_NEW_002
T02070,C1137,SKU_001,尿布
T02070,C1137,SKU_005,塑膠袋
T02070,C1137,SKU_016,豆漿
T02070,C1137,SKU_022,巧克力
T02071,C0205,SKU_001,尿布
T02071,C0205,SKU_003,啤酒
T02071,C0205,SKU_005,塑膠袋
T02072,C0464,SKU_006,米
T02072,C0464,SKU_008,醬油
T02072,C0464,SKU_011,杯麵
T02072,C0464,SKU_018,香蕉
T02073,C0675,SKU_001,尿布
T02073,C0675,SKU_003,啤酒
T02074,C0486,SKU_005,塑膠袋
T02074,C0486,SKU_007,可樂
T02074,C0486,SKU_026,牙膏
T02075,C0584,SKU_007,可樂
T02075,C0584,SKU_009,礦泉水
T02075,C0584,SKU_013,果醬
T02075,C0584,SKU_014,雪碧
T02075,C0584,SKU_021,餅乾
T02076,C1222,SKU_002,起司
T02076,C1222,SKU_004,紅酒
T02076,C1222,SKU_015,牛奶
T02076,C1222,SKU_024,口香糖
T02076,C1222,SKU_025,衛生紙
T02076,C1222,SKU_028,茶包
T02077,C0384,SKU_009,礦泉水
T02077,C0384,SKU_015,牛奶
T02077,C0384,SKU_022,巧克力
T02077,C0384,SKU_028,茶包
T02078,C1114,SKU_005,塑膠袋
T02078,C1114,SKU_016,豆漿
T02078,C1114,SKU_025,衛生紙
T02079,C0108,SKU_005,塑膠袋
T02079,C0108,SKU_024,口香糖
T02080,C1141,SKU_002,起司
T02080,C1141,SKU_004,紅酒
T02080,C1141,SKU_009,礦泉水
T02080,C1141,SKU_027,洗髮精
T02080,C1141,SKU_030,SKU_NEW_002
T02081,C1174,SKU_009,礦泉水
T02081,C1174,SKU_019,橘子
T02081,C1174,SKU_024,口香糖
T02082,C0612,SKU_002,起司
T02082,C0612,SKU_009,礦泉水
T02082,C0612,SKU_012,麵包
T02082,C0612,SKU_014,雪碧
T02082,C0612,SKU_024,口香糖
T02082,C0612,SKU_030,SKU_NEW_002
T02083,C1090,SKU_005,塑膠袋
T02083,C1090,SKU_008,醬油
T02083,C1090,SKU_010,寶特瓶飲料
T02083,C1090,SKU_012,麵包
T02083,C1090,SKU_029,SKU_NEW_001
T02084,C1372,SKU_002,起司
T02084,C1372,SKU_005,塑膠袋
T02084,C1372,SKU_006,米
T02084,C1372,SKU_008,醬油
T02084,C1372,SKU_010,寶特瓶飲料
T02084,C1372,SKU_029,SKU_NEW_001
T02084,C1372,SKU_030,SKU_NEW_002
T02085,C1188,SKU_001,尿布
T02085,C1188,SKU_004,紅酒
T02086,C0588,SKU_006,米
T02086,C0588,SKU_008,醬油
T02086,C0588,SKU_012,麵包
T02086,C0588,SKU_014,雪碧
T02086,C0588,SKU_019,橘子
T02086,C0588,SKU_025,衛生紙
T02087,C0729,SKU_002,起司
T02087,C0729,SKU_005,塑膠袋
T02087,C0729,SKU_007,可樂
T02087,C0729,SKU_010,寶特瓶飲料
T02087,C0729,SKU_029,SKU_NEW_001
T02088,C1155,SKU_006,米
T02088,C1155,SKU_008,醬油
T02088,C1155,SKU_010,寶特瓶飲料
T02089,C0440,SKU_016,豆漿
T02090,C1193,SKU_004,紅酒
T02090,C1193,SKU_005,塑膠袋
T02090,C1193,SKU_010,寶特瓶飲料
T02090,C1193,SKU_019,橘子
T02091,C0495,SKU_009,礦泉水
T02092,C1195,SKU_002,起司
T02092,C1195,SKU_004,紅酒
T02092,C1195,SKU_007,可樂
T02092,C1195,SKU_009,礦泉水
T02092,C1195,SKU_030,SKU_NEW_002
T02093,C0123,SKU_001,尿布
T02093,C0123,SKU_007,可樂
T02093,C0123,SKU_009,礦泉水
T02093,C0123,SKU_020,葡萄
T02094,C0062,SKU_001,尿布
T02094,C0062,SKU_002,起司
T02094,C0062,SKU_004,紅酒
T02094,C0062,SKU_005,塑膠袋
T02094,C0062,SKU_010,寶特瓶飲料
T02094,C0062,SKU_018,香蕉
T02094,C0062,SKU_028,茶包
T02094,C0062,SKU_030,SKU_NEW_002
T02095,C1496,SKU_015,牛奶
T02095,C1496,SKU_017,蘋果
T02095,C1496,SKU_020,葡萄
T02095,C1496,SKU_024,口香糖
T02096,C1296,SKU_006,米
T02096,C1296,SKU_007,可樂
T02096,C1296,SKU_022,巧克力
T02097,C1314,SKU_018,香蕉
T02097,C1314,SKU_026,牙膏
T02097,C1314,SKU_028,茶包
T02098,C1424,SKU_003,啤酒
T02098,C1424,SKU_009,礦泉水
T02098,C1424,SKU_017,蘋果
T02098,C1424,SKU_022,巧克力
T02098,C1424,SKU_030,SKU_NEW_002
T02099,C0665,SKU_011,杯麵
T02099,C0665,SKU_029,SKU_NEW_001
T02100,C0432,SKU_013,果醬
T02100,C0432,SKU_022,巧克力
T02101,C0192,SKU_001,尿布
T02101,C0192,SKU_002,起司
T02101,C0192,SKU_004,紅酒
T02101,C0192,SKU_027,洗髮精
T02102,C0750,SKU_001,尿布
T02102,C0750,SKU_003,啤酒
T02102,C0750,SKU_007,可樂
T02102,C0750,SKU_009,礦泉水
T02102,C0750,SKU_010,寶特瓶飲料
T02103,C0325,SKU_001,尿布
T02103,C0325,SKU_003,啤酒
T02103,C0325,SKU_010,寶特瓶飲料
T02103,C0325,SKU_015,牛奶
T02104,C1400,SKU_001,尿布
T02104,C1400,SKU_002,起司
T02104,C1400,SKU_006,米
T02104,C1400,SKU_009,礦泉水
T02104,C1400,SKU_014,雪碧
T02104,C1400,SKU_021,餅乾
T02104,C1400,SKU_029,SKU_NEW_001
T02105,C0008,SKU_006,米
T02105,C0008,SKU_008,醬油
T02105,C0008,SKU_019,橘子
T02106,C0210,SKU_005,塑膠袋
T02106,C0210,SKU_006,米
T02106,C0210,SKU_008,醬油
T02106,C0210,SKU_020,葡萄
T02106,C0210,SKU_022,巧克力
T02106,C0210,SKU_025,衛生紙
T02106,C0210,SKU_030,SKU_NEW_002
T02107,C0370,SKU_001,尿布
T02107,C0370,SKU_003,啤酒
T02107,C0370,SKU_022,巧克力
T02107,C0370,SKU_024,口香糖
T02107,C0370,SKU_028,茶包
T02107,C0370,SKU_030,SKU_NEW_002
T02108,C0299,SKU_003,啤酒
T02108,C0299,SKU_005,塑膠袋
T02108,C0299,SKU_021,餅乾
T02108,C0299,SKU_024,口香糖
T02108,C0299,SKU_027,洗髮精
T02109,C0335,SKU_001,尿布
T02109,C0335,SKU_003,啤酒
T02109,C0335,SKU_007,可樂
T02109,C0335,SKU_014,雪碧
T02109,C0335,SKU_017,蘋果
T02110,C0982,SKU_011,杯麵
T02110,C0982,SKU_021,餅乾
T02110,C0982,SKU_025,衛生紙
T02110,C0982,SKU_026,牙膏
T02111,C0495,SKU_001,尿布
T02111,C0495,SKU_024,口香糖
T02112,C0921,SKU_009,礦泉水
T02112,C0921,SKU_015,牛奶
T02112,C0921,SKU_016,豆漿
T02112,C0921,SKU_025,衛生紙
T02113,C1325,SKU_006,米
T02113,C1325,SKU_008,醬油
T02113,C1325,SKU_011,杯麵
T02114,C0903,SKU_008,醬油
T02114,C0903,SKU_013,果醬
T02115,C1050,SKU_029,SKU_NEW_001
T02116,C0550,SKU_008,醬油
T02116,C0550,SKU_011,杯麵
T02117,C0240,SKU_002,起司
T02117,C0240,SKU_004,紅酒
T02117,C0240,SKU_010,寶特瓶飲料
T02117,C0240,SKU_015,牛奶
T02117,C0240,SKU_030,SKU_NEW_002
T02118,C0483,SKU_001,尿布
T02118,C0483,SKU_003,啤酒
T02118,C0483,SKU_006,米
T02118,C0483,SKU_007,可樂
T02118,C0483,SKU_008,醬油
T02118,C0483,SKU_009,礦泉水
T02118,C0483,SKU_016,豆漿
T02118,C0483,SKU_021,餅乾
T02118,C0483,SKU_026,牙膏
T02119,C1444,SKU_017,蘋果
T02120,C0931,SKU_014,雪碧
T02120,C0931,SKU_025,衛生紙
T02120,C0931,SKU_028,茶包
T02121,C0416,SKU_023,洋芋片
T02121,C0416,SKU_029,SKU_NEW_001
T02122,C0683,SKU_013,果醬
T02122,C0683,SKU_022,巧克力
T02123,C1246,SKU_006,米
T02123,C1246,SKU_008,醬油
T02123,C1246,SKU_010,寶特瓶飲料
T02123,C1246,SKU_014,雪碧
T02123,C1246,SKU_019,橘子
T02124,C1002,SKU_005,塑膠袋
T02124,C1002,SKU_007,可樂
T02124,C1002,SKU_015,牛奶
T02124,C1002,SKU_017,蘋果
T02125,C0846,SKU_015,牛奶
T02126,C1318,SKU_002,起司
T02126,C1318,SKU_005,塑膠袋
T02126,C1318,SKU_010,寶特瓶飲料
T02126,C1318,SKU_012,麵包
T02126,C1318,SKU_015,牛奶
T02126,C1318,SKU_021,餅乾
T02126,C1318,SKU_025,衛生紙
T02127,C1009,SKU_014,雪碧
T02127,C1009,SKU_021,餅乾
T02128,C0960,SKU_006,米
T02128,C0960,SKU_008,醬油
T02128,C0960,SKU_018,香蕉
T02128,C0960,SKU_024,口香糖
T02128,C0960,SKU_029,SKU_NEW_001
T02129,C0280,SKU_001,尿布
T02129,C0280,SKU_007,可樂
T02130,C0151,SKU_027,洗髮精
T02130,C0151,SKU_030,SKU_NEW_002
T02131,C1446,SKU_005,塑膠袋
T02131,C1446,SKU_007,可樂
T02131,C1446,SKU_009,礦泉水
T02131,C1446,SKU_010,寶特瓶飲料
T02131,C1446,SKU_017,蘋果
T02131,C1446,SKU_019,橘子
T02131,C1446,SKU_029,SKU_NEW_001
T02132,C0899,SKU_001,尿布
T02132,C0899,SKU_002,起司
T02132,C0899,SKU_004,紅酒
T02132,C0899,SKU_006,米
T02132,C0899,SKU_007,可樂
T02132,C0899,SKU_008,醬油
T02132,C0899,SKU_010,寶特瓶飲料
T02132,C0899,SKU_022,巧克力
T02133,C0630,SKU_007,可樂
T02133,C0630,SKU_025,衛生紙
T02134,C0886,SKU_001,尿布
T02134,C0886,SKU_003,啤酒
T02134,C0886,SKU_005,塑膠袋
T02134,C0886,SKU_007,可樂
T02134,C0886,SKU_010,寶特瓶飲料
T02134,C0886,SKU_018,香蕉
T02134,C0886,SKU_026,牙膏
T02135,C0088,SKU_017,蘋果
T02135,C0088,SKU_020,葡萄
T02136,C1225,SKU_005,塑膠袋
T02136,C1225,SKU_006,米
T02136,C1225,SKU_008,醬油
T02136,C1225,SKU_012,麵包
T02136,C1225,SKU_021,餅乾
T02137,C0319,SKU_002,起司
T02137,C0319,SKU_004,紅酒
T02137,C0319,SKU_005,塑膠袋
T02137,C0319,SKU_006,米
T02137,C0319,SKU_007,可樂
T02137,C0319,SKU_008,醬油
T02138,C1193,SKU_005,塑膠袋
T02139,C0801,SKU_007,可樂
T02139,C0801,SKU_019,橘子
T02140,C0414,SKU_008,醬油
T02140,C0414,SKU_009,礦泉水
T02140,C0414,SKU_010,寶特瓶飲料
T02140,C0414,SKU_011,杯麵
T02141,C0043,SKU_007,可樂
T02141,C0043,SKU_009,礦泉水
T02141,C0043,SKU_020,葡萄
T02142,C1211,SKU_006,米
T02142,C1211,SKU_008,醬油
T02142,C1211,SKU_010,寶特瓶飲料
T02143,C0264,SKU_014,雪碧
T02143,C0264,SKU_019,橘子
T02143,C0264,SKU_020,葡萄
T02144,C0074,SKU_012,麵包
T02144,C0074,SKU_019,橘子
T02145,C1128,SKU_001,尿布
T02145,C1128,SKU_002,起司
T02145,C1128,SKU_003,啤酒
T02145,C1128,SKU_004,紅酒
T02145,C1128,SKU_005,塑膠袋
T02145,C1128,SKU_011,杯麵
T02145,C1128,SKU_013,果醬
T02145,C1128,SKU_022,巧克力
T02146,C0530,SKU_012,麵包
T02146,C0530,SKU_027,洗髮精
T02147,C0587,SKU_009,礦泉水
T02147,C0587,SKU_015,牛奶
T02147,C0587,SKU_023,洋芋片
T02147,C0587,SKU_024,口香糖
T02148,C0370,SKU_004,紅酒
T02148,C0370,SKU_005,塑膠袋
T02148,C0370,SKU_013,果醬
T02148,C0370,SKU_014,雪碧
T02149,C1280,SKU_006,米
T02149,C1280,SKU_018,香蕉
T02149,C1280,SKU_028,茶包
T02150,C0448,SKU_001,尿布
T02150,C0448,SKU_003,啤酒
T02151,C0311,SKU_001,尿布
T02151,C0311,SKU_002,起司
T02151,C0311,SKU_003,啤酒
T02151,C0311,SKU_004,紅酒
T02151,C0311,SKU_010,寶特瓶飲料
T02151,C0311,SKU_019,橘子
T02152,C0466,SKU_005,塑膠袋
T02153,C0303,SKU_007,可樂
T02153,C0303,SKU_014,雪碧
T02153,C0303,SKU_025,衛生紙
T02154,C0480,SKU_001,尿布
T02154,C0480,SKU_003,啤酒
T02154,C0480,SKU_019,橘子
T02155,C0120,SKU_008,醬油
T02155,C0120,SKU_019,橘子
T02156,C0238,SKU_002,起司
T02156,C0238,SKU_004,紅酒
T02156,C0238,SKU_010,寶特瓶飲料
T02156,C0238,SKU_014,雪碧
T02156,C0238,SKU_023,洋芋片
T02157,C0633,SKU_012,麵包
T02157,C0633,SKU_016,豆漿
T02157,C0633,SKU_024,口香糖
T02157,C0633,SKU_026,牙膏
T02158,C1309,SKU_005,塑膠袋
T02158,C1309,SKU_018,香蕉
T02158,C1309,SKU_023,洋芋片
T02158,C1309,SKU_028,茶包
T02159,C0082,SKU_015,牛奶
T02159,C0082,SKU_016,豆漿
T02159,C0082,SKU_021,餅乾
T02159,C0082,SKU_027,洗髮精
T02160,C0314,SKU_010,寶特瓶飲料
T02160,C0314,SKU_029,SKU_NEW_001
T02161,C1359,SKU_001,尿布
T02161,C1359,SKU_003,啤酒
T02161,C1359,SKU_016,豆漿
T02161,C1359,SKU_021,餅乾
T02162,C1325,SKU_004,紅酒
T02162,C1325,SKU_012,麵包
T02162,C1325,SKU_014,雪碧
T02162,C1325,SKU_019,橘子
T02163,C1021,SKU_006,米
T02163,C1021,SKU_009,礦泉水
T02163,C1021,SKU_013,果醬
T02164,C0361,SKU_001,尿布
T02164,C0361,SKU_003,啤酒
T02164,C0361,SKU_004,紅酒
T02164,C0361,SKU_007,可樂
T02164,C0361,SKU_013,果醬
T02165,C0637,SKU_007,可樂
T02165,C0637,SKU_025,衛生紙
T02166,C0312,SKU_001,尿布
T02166,C0312,SKU_002,起司
T02166,C0312,SKU_003,啤酒
T02166,C0312,SKU_006,米
T02166,C0312,SKU_008,醬油
T02167,C0190,SKU_003,啤酒
T02167,C0190,SKU_006,米
T02167,C0190,SKU_007,可樂
T02167,C0190,SKU_008,醬油
T02167,C0190,SKU_010,寶特瓶飲料
T02168,C0575,SKU_001,尿布
T02168,C0575,SKU_003,啤酒
T02168,C0575,SKU_006,米
T02168,C0575,SKU_007,可樂
T02168,C0575,SKU_008,醬油
T02168,C0575,SKU_013,果醬
T02168,C0575,SKU_014,雪碧
T02168,C0575,SKU_020,葡萄
T02168,C0575,SKU_026,牙膏
T02168,C0575,SKU_027,洗髮精
T02169,C0865,SKU_005,塑膠袋
T02169,C0865,SKU_014,雪碧
T02169,C0865,SKU_019,橘子
T02169,C0865,SKU_020,葡萄
T02169,C0865,SKU_030,SKU_NEW_002
T02170,C0541,SKU_007,可樂
T02170,C0541,SKU_023,洋芋片
T02171,C0916,SKU_001,尿布
T02171,C0916,SKU_003,啤酒
T02171,C0916,SKU_005,塑膠袋
T02171,C0916,SKU_007,可樂
T02171,C0916,SKU_008,醬油
T02171,C0916,SKU_010,寶特瓶飲料
T02172,C0446,SKU_009,礦泉水
T02172,C0446,SKU_010,寶特瓶飲料
T02172,C0446,SKU_017,蘋果
T02172,C0446,SKU_025,衛生紙
T02173,C0524,SKU_001,尿布
T02173,C0524,SKU_007,可樂
T02173,C0524,SKU_012,麵包
T02174,C1173,SKU_004,紅酒
T02174,C1173,SKU_005,塑膠袋
T02174,C1173,SKU_007,可樂
T02174,C1173,SKU_022,巧克力
T02175,C1308,SKU_006,米
T02175,C1308,SKU_007,可樂
T02175,C1308,SKU_008,醬油
T02175,C1308,SKU_015,牛奶
T02175,C1308,SKU_017,蘋果
T02176,C0484,SKU_002,起司
T02176,C0484,SKU_014,雪碧
T02176,C0484,SKU_025,衛生紙
T02176,C0484,SKU_028,茶包
T02176,C0484,SKU_029,SKU_NEW_001
T02177,C0861,SKU_001,尿布
T02177,C0861,SKU_003,啤酒
T02177,C0861,SKU_007,可樂
T02177,C0861,SKU_029,SKU_NEW_001
T02178,C0416,SKU_001,尿布
T02178,C0416,SKU_003,啤酒
T02178,C0416,SKU_008,醬油
T02178,C0416,SKU_015,牛奶
T02178,C0416,SKU_018,香蕉
T02178,C0416,SKU_024,口香糖
T02178,C0416,SKU_025,衛生紙
T02179,C0076,SKU_002,起司
T02179,C0076,SKU_004,紅酒
T02179,C0076,SKU_010,寶特瓶飲料
T02179,C0076,SKU_021,餅乾
T02179,C0076,SKU_024,口香糖
T02180,C1107,SKU_004,紅酒
T02180,C1107,SKU_005,塑膠袋
T02180,C1107,SKU_019,橘子
T02181,C0257,SKU_010,寶特瓶飲料
T02181,C0257,SKU_020,葡萄
T02182,C0647,SKU_005,塑膠袋
T02182,C0647,SKU_006,米
T02182,C0647,SKU_007,可樂
T02182,C0647,SKU_012,麵包
T02182,C0647,SKU_013,果醬
T02182,C0647,SKU_022,巧克力
T02183,C0732,SKU_003,啤酒
T02183,C0732,SKU_009,礦泉水
T02183,C0732,SKU_010,寶特瓶飲料
T02183,C0732,SKU_025,衛生紙
T02184,C0274,SKU_009,礦泉水
T02184,C0274,SKU_021,餅乾
T02184,C0274,SKU_022,巧克力
T02185,C0135,SKU_019,橘子
T02185,C0135,SKU_023,洋芋片
T02186,C0528,SKU_006,米
T02186,C0528,SKU_014,雪碧
T02186,C0528,SKU_021,餅乾
T02186,C0528,SKU_023,洋芋片
T02186,C0528,SKU_026,牙膏
T02187,C1426,SKU_013,果醬
T02187,C1426,SKU_014,雪碧
T02187,C1426,SKU_015,牛奶
T02188,C0921,SKU_006,米
T02188,C0921,SKU_008,醬油
T02188,C0921,SKU_010,寶特瓶飲料
T02188,C0921,SKU_021,餅乾
T02188,C0921,SKU_025,衛生紙
T02189,C0578,SKU_004,紅酒
T02189,C0578,SKU_010,寶特瓶飲料
T02189,C0578,SKU_013,果醬
T02189,C0578,SKU_014,雪碧
T02189,C0578,SKU_023,洋芋片
T02190,C0054,SKU_001,尿布
T02190,C0054,SKU_012,麵包
T02191,C0900,SKU_005,塑膠袋
T02191,C0900,SKU_020,葡萄
T02191,C0900,SKU_024,口香糖
T02192,C0130,SKU_002,起司
T02192,C0130,SKU_004,紅酒
T02192,C0130,SKU_019,橘子
T02193,C0814,SKU_005,塑膠袋
T02193,C0814,SKU_008,醬油
T02193,C0814,SKU_010,寶特瓶飲料
T02193,C0814,SKU_019,橘子
T02194,C1122,SKU_008,醬油
T02194,C1122,SKU_025,衛生紙
T02195,C0645,SKU_001,尿布
T02195,C0645,SKU_002,起司
T02195,C0645,SKU_003,啤酒
T02195,C0645,SKU_004,紅酒
T02195,C0645,SKU_006,米
T02195,C0645,SKU_007,可樂
T02195,C0645,SKU_008,醬油
T02195,C0645,SKU_009,礦泉水
T02196,C0450,SKU_004,紅酒
T02196,C0450,SKU_018,香蕉
T02196,C0450,SKU_024,口香糖
T02196,C0450,SKU_028,茶包
T02197,C0066,SKU_002,起司
T02197,C0066,SKU_004,紅酒
T02197,C0066,SKU_008,醬油
T02197,C0066,SKU_026,牙膏
T02197,C0066,SKU_028,茶包
T02197,C0066,SKU_030,SKU_NEW_002
T02198,C0036,SKU_002,起司
T02198,C0036,SKU_004,紅酒
T02198,C0036,SKU_025,衛生紙
T02199,C0653,SKU_020,葡萄
T02200,C1315,SKU_001,尿布
T02200,C1315,SKU_002,起司
T02200,C1315,SKU_004,紅酒
T02200,C1315,SKU_010,寶特瓶飲料
T02200,C1315,SKU_025,衛生紙
T02201,C0367,SKU_005,塑膠袋
T02201,C0367,SKU_008,醬油
T02201,C0367,SKU_020,葡萄
T02201,C0367,SKU_029,SKU_NEW_001
T02202,C0864,SKU_005,塑膠袋
T02202,C0864,SKU_020,葡萄
T02203,C1027,SKU_009,礦泉水
T02203,C1027,SKU_010,寶特瓶飲料
T02204,C0086,SKU_002,起司
T02204,C0086,SKU_004,紅酒
T02204,C0086,SKU_007,可樂
T02204,C0086,SKU_008,醬油
T02204,C0086,SKU_012,麵包
T02205,C0229,SKU_005,塑膠袋
T02205,C0229,SKU_006,米
T02205,C0229,SKU_008,醬油
T02206,C0500,SKU_001,尿布
T02206,C0500,SKU_003,啤酒
T02206,C0500,SKU_007,可樂
T02206,C0500,SKU_009,礦泉水
T02206,C0500,SKU_013,果醬
T02207,C1005,SKU_001,尿布
T02207,C1005,SKU_003,啤酒
T02207,C1005,SKU_005,塑膠袋
T02207,C1005,SKU_008,醬油
T02207,C1005,SKU_016,豆漿
T02207,C1005,SKU_021,餅乾
T02207,C1005,SKU_022,巧克力
T02208,C0667,SKU_007,可樂
T02208,C0667,SKU_010,寶特瓶飲料
T02208,C0667,SKU_021,餅乾
T02209,C1102,SKU_004,紅酒
T02209,C1102,SKU_017,蘋果
T02210,C1293,SKU_007,可樂
T02210,C1293,SKU_009,礦泉水
T02210,C1293,SKU_012,麵包
T02211,C1132,SKU_005,塑膠袋
T02211,C1132,SKU_006,米
T02211,C1132,SKU_008,醬油
T02211,C1132,SKU_009,礦泉水
T02211,C1132,SKU_011,杯麵
T02211,C1132,SKU_027,洗髮精
T02212,C1490,SKU_001,尿布
T02212,C1490,SKU_003,啤酒
T02212,C1490,SKU_009,礦泉水
T02212,C1490,SKU_013,果醬
T02212,C1490,SKU_017,蘋果
T02212,C1490,SKU_018,香蕉
T02212,C1490,SKU_021,餅乾
T02213,C1126,SKU_001,尿布
T02213,C1126,SKU_003,啤酒
T02213,C1126,SKU_004,紅酒
T02213,C1126,SKU_006,米
T02213,C1126,SKU_009,礦泉水
T02213,C1126,SKU_010,寶特瓶飲料
T02213,C1126,SKU_017,蘋果
T02213,C1126,SKU_023,洋芋片
T02214,C1272,SKU_006,米
T02214,C1272,SKU_009,礦泉水
T02214,C1272,SKU_011,杯麵
T02214,C1272,SKU_012,麵包
T02214,C1272,SKU_025,衛生紙
T02215,C1241,SKU_001,尿布
T02215,C1241,SKU_002,起司
T02215,C1241,SKU_003,啤酒
T02215,C1241,SKU_004,紅酒
T02215,C1241,SKU_007,可樂
T02215,C1241,SKU_029,SKU_NEW_001
T02216,C1098,SKU_001,尿布
T02216,C1098,SKU_003,啤酒
T02216,C1098,SKU_005,塑膠袋
T02216,C1098,SKU_006,米
T02216,C1098,SKU_007,可樂
T02217,C1190,SKU_001,尿布
T02217,C1190,SKU_003,啤酒
T02217,C1190,SKU_007,可樂
T02217,C1190,SKU_018,香蕉
T02218,C1398,SKU_001,尿布
T02218,C1398,SKU_002,起司
T02218,C1398,SKU_004,紅酒
T02218,C1398,SKU_006,米
T02218,C1398,SKU_007,可樂
T02218,C1398,SKU_008,醬油
T02218,C1398,SKU_023,洋芋片
T02218,C1398,SKU_030,SKU_NEW_002
T02219,C0718,SKU_010,寶特瓶飲料
T02219,C0718,SKU_017,蘋果
T02219,C0718,SKU_025,衛生紙
T02219,C0718,SKU_030,SKU_NEW_002
T02220,C0954,SKU_001,尿布
T02220,C0954,SKU_003,啤酒
T02220,C0954,SKU_007,可樂
T02220,C0954,SKU_009,礦泉水
T02220,C0954,SKU_013,果醬
T02220,C0954,SKU_017,蘋果
T02220,C0954,SKU_018,香蕉
T02221,C0773,SKU_001,尿布
T02221,C0773,SKU_002,起司
T02221,C0773,SKU_003,啤酒
T02221,C0773,SKU_004,紅酒
T02221,C0773,SKU_005,塑膠袋
T02221,C0773,SKU_013,果醬
T02221,C0773,SKU_014,雪碧
T02221,C0773,SKU_025,衛生紙
T02222,C1269,SKU_002,起司
T02222,C1269,SKU_007,可樂
T02222,C1269,SKU_011,杯麵
T02222,C1269,SKU_014,雪碧
T02222,C1269,SKU_015,牛奶
T02223,C0655,SKU_002,起司
T02223,C0655,SKU_004,紅酒
T02223,C0655,SKU_006,米
T02224,C1220,SKU_010,寶特瓶飲料
T02224,C1220,SKU_013,果醬
T02224,C1220,SKU_015,牛奶
T02224,C1220,SKU_017,蘋果
T02225,C1186,SKU_002,起司
T02225,C1186,SKU_004,紅酒
T02225,C1186,SKU_009,礦泉水
T02225,C1186,SKU_015,牛奶
T02225,C1186,SKU_030,SKU_NEW_002
T02226,C1441,SKU_002,起司
T02226,C1441,SKU_004,紅酒
T02226,C1441,SKU_012,麵包
T02227,C0372,SKU_018,香蕉
T02227,C0372,SKU_019,橘子
T02227,C0372,SKU_027,洗髮精
T02228,C1070,SKU_010,寶特瓶飲料
T02228,C1070,SKU_018,香蕉
T02228,C1070,SKU_027,洗髮精
T02229,C1130,SKU_009,礦泉水
T02230,C1401,SKU_005,塑膠袋
T02230,C1401,SKU_009,礦泉水
T02230,C1401,SKU_010,寶特瓶飲料
T02230,C1401,SKU_014,雪碧
T02231,C1357,SKU_001,尿布
T02231,C1357,SKU_006,米
T02231,C1357,SKU_008,醬油
T02231,C1357,SKU_010,寶特瓶飲料
T02231,C1357,SKU_013,果醬
T02231,C1357,SKU_017,蘋果
T02231,C1357,SKU_021,餅乾
T02232,C0862,SKU_011,杯麵
T02232,C0862,SKU_024,口香糖
T02233,C0872,SKU_007,可樂
T02233,C0872,SKU_013,果醬
T02233,C0872,SKU_017,蘋果
T02233,C0872,SKU_028,茶包
T02234,C0250,SKU_001,尿布
T02234,C0250,SKU_003,啤酒
T02234,C0250,SKU_007,可樂
T02234,C0250,SKU_010,寶特瓶飲料
T02234,C0250,SKU_014,雪碧
T02234,C0250,SKU_026,牙膏
T02234,C0250,SKU_028,茶包
T02235,C1460,SKU_001,尿布
T02235,C1460,SKU_005,塑膠袋
T02235,C1460,SKU_007,可樂
T02236,C0382,SKU_001,尿布
T02236,C0382,SKU_002,起司
T02236,C0382,SKU_003,啤酒
T02236,C0382,SKU_004,紅酒
T02236,C0382,SKU_005,塑膠袋
T02236,C0382,SKU_007,可樂
T02236,C0382,SKU_010,寶特瓶飲料
T02237,C1092,SKU_002,起司
T02237,C1092,SKU_005,塑膠袋
T02237,C1092,SKU_010,寶特瓶飲料
T02237,C1092,SKU_027,洗髮精
T02237,C1092,SKU_029,SKU_NEW_001
T02238,C1182,SKU_009,礦泉水
T02238,C1182,SKU_010,寶特瓶飲料
T02238,C1182,SKU_019,橘子
T02238,C1182,SKU_026,牙膏
T02239,C0668,SKU_008,醬油
T02239,C0668,SKU_009,礦泉水
T02239,C0668,SKU_018,香蕉
T02239,C0668,SKU_019,橘子
T02239,C0668,SKU_023,洋芋片
T02240,C0312,SKU_011,杯麵
T02240,C0312,SKU_024,口香糖
T02240,C0312,SKU_025,衛生紙
T02241,C0280,SKU_001,尿布
T02241,C0280,SKU_003,啤酒
T02241,C0280,SKU_009,礦泉水
T02241,C0280,SKU_018,香蕉
T02242,C1277,SKU_010,寶特瓶飲料
T02242,C1277,SKU_012,麵包
T02242,C1277,SKU_023,洋芋片
T02243,C0768,SKU_001,尿布
T02243,C0768,SKU_003,啤酒
T02243,C0768,SKU_008,醬油
T02243,C0768,SKU_010,寶特瓶飲料
T02243,C0768,SKU_013,果醬
T02243,C0768,SKU_025,衛生紙
T02244,C0128,SKU_001,尿布
T02244,C0128,SKU_023,洋芋片
T02245,C1083,SKU_001,尿布
T02245,C1083,SKU_003,啤酒
T02245,C1083,SKU_009,礦泉水
T02245,C1083,SKU_012,麵包
T02245,C1083,SKU_023,洋芋片
T02245,C1083,SKU_026,牙膏
T02246,C0375,SKU_008,醬油
T02246,C0375,SKU_017,蘋果
T02247,C1306,SKU_005,塑膠袋
T02247,C1306,SKU_011,杯麵
T02247,C1306,SKU_017,蘋果
T02248,C0467,SKU_001,尿布
T02248,C0467,SKU_007,可樂
T02248,C0467,SKU_023,洋芋片
T02248,C0467,SKU_027,洗髮精
T02249,C0300,SKU_006,米
T02249,C0300,SKU_007,可樂
T02249,C0300,SKU_018,香蕉
T02249,C0300,SKU_025,衛生紙
T02250,C0122,SKU_005,塑膠袋
T02250,C0122,SKU_012,麵包
T02250,C0122,SKU_022,巧克力
T02251,C0770,SKU_007,可樂
T02251,C0770,SKU_009,礦泉水
T02251,C0770,SKU_025,衛生紙
T02252,C0683,SKU_008,醬油
T02252,C0683,SKU_013,果醬
T02252,C0683,SKU_015,牛奶
T02253,C1121,SKU_007,可樂
T02253,C1121,SKU_014,雪碧
T02254,C0704,SKU_001,尿布
T02254,C0704,SKU_002,起司
T02254,C0704,SKU_003,啤酒
T02254,C0704,SKU_004,紅酒
T02254,C0704,SKU_005,塑膠袋
T02254,C0704,SKU_020,葡萄
T02255,C0521,SKU_002,起司
T02255,C0521,SKU_004,紅酒
T02255,C0521,SKU_009,礦泉水
T02255,C0521,SKU_010,寶特瓶飲料
T02255,C0521,SKU_011,杯麵
T02255,C0521,SKU_017,蘋果
T02255,C0521,SKU_026,牙膏
T02256,C0392,SKU_011,杯麵
T02256,C0392,SKU_019,橘子
T02257,C0416,SKU_030,SKU_NEW_002
T02258,C1392,SKU_001,尿布
T02258,C1392,SKU_004,紅酒
T02258,C1392,SKU_006,米
T02258,C1392,SKU_008,醬油
T02258,C1392,SKU_009,礦泉水
T02258,C1392,SKU_010,寶特瓶飲料
T02258,C1392,SKU_015,牛奶
T02258,C1392,SKU_018,香蕉
T02259,C0247,SKU_006,米
T02259,C0247,SKU_008,醬油
T02259,C0247,SKU_023,洋芋片
T02260,C1482,SKU_005,塑膠袋
T02260,C1482,SKU_016,豆漿
T02260,C1482,SKU_027,洗髮精
T02261,C0494,SKU_001,尿布
T02261,C0494,SKU_003,啤酒
T02261,C0494,SKU_007,可樂
T02261,C0494,SKU_009,礦泉水
T02262,C0125,SKU_002,起司
T02262,C0125,SKU_010,寶特瓶飲料
T02262,C0125,SKU_023,洋芋片
T02263,C0371,SKU_006,米
T02263,C0371,SKU_020,葡萄
T02263,C0371,SKU_025,衛生紙
T02264,C0083,SKU_005,塑膠袋
T02264,C0083,SKU_015,牛奶
T02264,C0083,SKU_021,餅乾
T02264,C0083,SKU_029,SKU_NEW_001
T02265,C1172,SKU_008,醬油
T02265,C1172,SKU_013,果醬
T02266,C0772,SKU_004,紅酒
T02266,C0772,SKU_005,塑膠袋
T02266,C0772,SKU_006,米
T02266,C0772,SKU_015,牛奶
T02266,C0772,SKU_029,SKU_NEW_001
T02267,C0510,SKU_001,尿布
T02267,C0510,SKU_003,啤酒
T02267,C0510,SKU_004,紅酒
T02267,C0510,SKU_013,果醬
T02267,C0510,SKU_017,蘋果
T02267,C0510,SKU_018,香蕉
T02268,C0993,SKU_001,尿布
T02268,C0993,SKU_002,起司
T02268,C0993,SKU_003,啤酒
T02268,C0993,SKU_004,紅酒
T02268,C0993,SKU_011,杯麵
T02268,C0993,SKU_017,蘋果
T02269,C0943,SKU_002,起司
T02269,C0943,SKU_004,紅酒
T02269,C0943,SKU_005,塑膠袋
T02269,C0943,SKU_018,香蕉
T02269,C0943,SKU_019,橘子
T02269,C0943,SKU_024,口香糖
T02269,C0943,SKU_028,茶包
T02270,C1406,SKU_002,起司
T02270,C1406,SKU_004,紅酒
T02270,C1406,SKU_029,SKU_NEW_001
T02271,C1440,SKU_012,麵包
T02271,C1440,SKU_017,蘋果
T02272,C1022,SKU_005,塑膠袋
T02272,C1022,SKU_006,米
T02272,C1022,SKU_025,衛生紙
T02273,C1216,SKU_001,尿布
T02273,C1216,SKU_003,啤酒
T02273,C1216,SKU_014,雪碧
T02273,C1216,SKU_023,洋芋片
T02273,C1216,SKU_028,茶包
T02274,C1174,SKU_002,起司
T02274,C1174,SKU_004,紅酒
T02274,C1174,SKU_005,塑膠袋
T02274,C1174,SKU_023,洋芋片
T02274,C1174,SKU_024,口香糖
T02274,C1174,SKU_030,SKU_NEW_002
T02275,C0738,SKU_003,啤酒
T02275,C0738,SKU_004,紅酒
T02275,C0738,SKU_005,塑膠袋
T02275,C0738,SKU_009,礦泉水
T02275,C0738,SKU_010,寶特瓶飲料
T02275,C0738,SKU_018,香蕉
T02276,C1065,SKU_001,尿布
T02276,C1065,SKU_010,寶特瓶飲料
T02276,C1065,SKU_016,豆漿
T02277,C0113,SKU_002,起司
T02277,C0113,SKU_004,紅酒
T02277,C0113,SKU_010,寶特瓶飲料
T02277,C0113,SKU_019,橘子
T02278,C1131,SKU_007,可樂
T02278,C1131,SKU_009,礦泉水
T02278,C1131,SKU_010,寶特瓶飲料
T02278,C1131,SKU_014,雪碧
T02279,C1441,SKU_009,礦泉水
T02280,C0122,SKU_002,起司
T02280,C0122,SKU_004,紅酒
T02280,C0122,SKU_007,可樂
T02280,C0122,SKU_009,礦泉水
T02280,C0122,SKU_018,香蕉
T02280,C0122,SKU_024,口香糖
T02280,C0122,SKU_025,衛生紙
T02280,C0122,SKU_030,SKU_NEW_002
T02281,C1247,SKU_008,醬油
T02281,C1247,SKU_010,寶特瓶飲料
T02281,C1247,SKU_014,雪碧
T02281,C1247,SKU_030,SKU_NEW_002
T02282,C1397,SKU_006,米
T02282,C1397,SKU_010,寶特瓶飲料
T02283,C0336,SKU_002,起司
T02283,C0336,SKU_005,塑膠袋
T02283,C0336,SKU_015,牛奶
T02283,C0336,SKU_025,衛生紙
T02284,C0786,SKU_003,啤酒
T02284,C0786,SKU_025,衛生紙
T02284,C0786,SKU_026,牙膏
T02285,C1392,SKU_009,礦泉水
T02286,C1439,SKU_001,尿布
T02286,C1439,SKU_003,啤酒
T02286,C1439,SKU_005,塑膠袋
T02286,C1439,SKU_008,醬油
T02286,C1439,SKU_022,巧克力
T02286,C1439,SKU_027,洗髮精
T02287,C0188,SKU_001,尿布
T02287,C0188,SKU_005,塑膠袋
T02287,C0188,SKU_015,牛奶
T02287,C0188,SKU_027,洗髮精
T02287,C0188,SKU_028,茶包
T02288,C0529,SKU_009,礦泉水
T02288,C0529,SKU_018,香蕉
T02288,C0529,SKU_028,茶包
T02289,C1057,SKU_001,尿布
T02289,C1057,SKU_003,啤酒
T02289,C1057,SKU_007,可樂
T02289,C1057,SKU_011,杯麵
T02289,C1057,SKU_016,豆漿
T02289,C1057,SKU_019,橘子
T02290,C0327,SKU_002,起司
T02290,C0327,SKU_004,紅酒
T02290,C0327,SKU_006,米
T02290,C0327,SKU_007,可樂
T02290,C0327,SKU_009,礦泉水
T02290,C0327,SKU_018,香蕉
T02291,C0489,SKU_002,起司
T02291,C0489,SKU_006,米
T02291,C0489,SKU_009,礦泉水
T02291,C0489,SKU_010,寶特瓶飲料
T02291,C0489,SKU_013,果醬
T02292,C0036,SKU_002,起司
T02292,C0036,SKU_009,礦泉水
T02292,C0036,SKU_010,寶特瓶飲料
T02293,C0230,SKU_005,塑膠袋
T02293,C0230,SKU_007,可樂
T02293,C0230,SKU_010,寶特瓶飲料
T02293,C0230,SKU_013,果醬
T02294,C0849,SKU_010,寶特瓶飲料
T02294,C0849,SKU_014,雪碧
T02295,C0977,SKU_009,礦泉水
T02295,C0977,SKU_010,寶特瓶飲料
T02295,C0977,SKU_016,豆漿
T02296,C0970,SKU_001,尿布
T02297,C1154,SKU_004,紅酒
T02297,C1154,SKU_009,礦泉水
T02297,C1154,SKU_011,杯麵
T02297,C1154,SKU_012,麵包
T02297,C1154,SKU_025,衛生紙
T02298,C0630,SKU_004,紅酒
T02298,C0630,SKU_005,塑膠袋
T02298,C0630,SKU_006,米
T02298,C0630,SKU_007,可樂
T02298,C0630,SKU_008,醬油
T02298,C0630,SKU_016,豆漿
T02298,C0630,SKU_020,葡萄
T02299,C0409,SKU_010,寶特瓶飲料
T02299,C0409,SKU_011,杯麵
T02299,C0409,SKU_023,洋芋片
T02299,C0409,SKU_029,SKU_NEW_001
T02300,C0026,SKU_001,尿布
T02300,C0026,SKU_010,寶特瓶飲料
T02300,C0026,SKU_024,口香糖
T02301,C0307,SKU_001,尿布
T02301,C0307,SKU_003,啤酒
T02301,C0307,SKU_010,寶特瓶飲料
T02301,C0307,SKU_018,香蕉
T02302,C0471,SKU_001,尿布
T02302,C0471,SKU_003,啤酒
T02302,C0471,SKU_006,米
T02302,C0471,SKU_008,醬油
T02302,C0471,SKU_009,礦泉水
T02302,C0471,SKU_012,麵包
T02302,C0471,SKU_023,洋芋片
T02303,C0266,SKU_009,礦泉水
T02303,C0266,SKU_012,麵包
T02303,C0266,SKU_015,牛奶
T02303,C0266,SKU_019,橘子
T02304,C0032,SKU_002,起司
T02304,C0032,SKU_004,紅酒
T02304,C0032,SKU_013,果醬
T02304,C0032,SKU_025,衛生紙
T02304,C0032,SKU_026,牙膏
T02305,C0235,SKU_005,塑膠袋
T02305,C0235,SKU_009,礦泉水
T02305,C0235,SKU_014,雪碧
T02305,C0235,SKU_027,洗髮精
T02306,C0999,SKU_007,可樂
T02306,C0999,SKU_010,寶特瓶飲料
T02306,C0999,SKU_027,洗髮精
T02306,C0999,SKU_030,SKU_NEW_002
T02307,C0941,SKU_004,紅酒
T02307,C0941,SKU_008,醬油
T02307,C0941,SKU_010,寶特瓶飲料
T02307,C0941,SKU_022,巧克力
T02308,C1401,SKU_010,寶特瓶飲料
T02308,C1401,SKU_018,香蕉
T02308,C1401,SKU_025,衛生紙
T02309,C1184,SKU_009,礦泉水
T02309,C1184,SKU_016,豆漿
T02310,C0856,SKU_001,尿布
T02310,C0856,SKU_003,啤酒
T02310,C0856,SKU_005,塑膠袋
T02310,C0856,SKU_008,醬油
T02310,C0856,SKU_009,礦泉水
T02310,C0856,SKU_010,寶特瓶飲料
T02310,C0856,SKU_028,茶包
T02310,C0856,SKU_029,SKU_NEW_001
T02311,C0202,SKU_004,紅酒
T02311,C0202,SKU_005,塑膠袋
T02311,C0202,SKU_007,可樂
T02311,C0202,SKU_008,醬油
T02311,C0202,SKU_022,巧克力
T02312,C0851,SKU_005,塑膠袋
T02312,C0851,SKU_010,寶特瓶飲料
T02312,C0851,SKU_011,杯麵
T02312,C0851,SKU_013,果醬
T02312,C0851,SKU_017,蘋果
T02313,C0088,SKU_001,尿布
T02313,C0088,SKU_003,啤酒
T02313,C0088,SKU_004,紅酒
T02313,C0088,SKU_005,塑膠袋
T02313,C0088,SKU_020,葡萄
T02314,C0654,SKU_030,SKU_NEW_002
T02315,C0588,SKU_001,尿布
T02315,C0588,SKU_002,起司
T02315,C0588,SKU_003,啤酒
T02315,C0588,SKU_004,紅酒
T02315,C0588,SKU_005,塑膠袋
T02315,C0588,SKU_007,可樂
T02315,C0588,SKU_009,礦泉水
T02315,C0588,SKU_010,寶特瓶飲料
T02315,C0588,SKU_027,洗髮精
T02316,C0650,SKU_001,尿布
T02316,C0650,SKU_002,起司
T02316,C0650,SKU_003,啤酒
T02316,C0650,SKU_004,紅酒
T02316,C0650,SKU_005,塑膠袋
T02316,C0650,SKU_018,香蕉
T02316,C0650,SKU_019,橘子
T02316,C0650,SKU_021,餅乾
T02316,C0650,SKU_027,洗髮精
T02316,C0650,SKU_029,SKU_NEW_001
T02317,C0419,SKU_006,米
T02317,C0419,SKU_008,醬油
T02317,C0419,SKU_025,衛生紙
T02318,C1031,SKU_001,尿布
T02318,C1031,SKU_007,可樂
T02318,C1031,SKU_022,巧克力
T02318,C1031,SKU_028,茶包
T02319,C1255,SKU_005,塑膠袋
T02319,C1255,SKU_016,豆漿
T02320,C1144,SKU_007,可樂
T02321,C0939,SKU_003,啤酒
T02321,C0939,SKU_008,醬油
T02321,C0939,SKU_009,礦泉水
T02321,C0939,SKU_011,杯麵
T02322,C0807,SKU_015,牛奶
T02323,C0044,SKU_002,起司
T02323,C0044,SKU_013,果醬
T02324,C1090,SKU_002,起司
T02324,C1090,SKU_003,啤酒
T02324,C1090,SKU_009,礦泉水
T02324,C1090,SKU_017,蘋果
T02324,C1090,SKU_020,葡萄
T02325,C0821,SKU_004,紅酒
T02325,C0821,SKU_008,醬油
T02325,C0821,SKU_010,寶特瓶飲料
T02325,C0821,SKU_018,香蕉
T02325,C0821,SKU_019,橘子
T02325,C0821,SKU_020,葡萄
T02325,C0821,SKU_028,茶包
T02325,C0821,SKU_030,SKU_NEW_002
T02326,C0407,SKU_004,紅酒
T02326,C0407,SKU_005,塑膠袋
T02326,C0407,SKU_014,雪碧
T02327,C0495,SKU_009,礦泉水
T02327,C0495,SKU_023,洋芋片
T02327,C0495,SKU_028,茶包
T02328,C1400,SKU_006,米
T02328,C1400,SKU_008,醬油
T02328,C1400,SKU_013,果醬
T02329,C0934,SKU_001,尿布
T02329,C0934,SKU_003,啤酒
T02329,C0934,SKU_005,塑膠袋
T02329,C0934,SKU_008,醬油
T02329,C0934,SKU_015,牛奶
T02329,C0934,SKU_017,蘋果
T02329,C0934,SKU_019,橘子
T02329,C0934,SKU_027,洗髮精
T02329,C0934,SKU_030,SKU_NEW_002
T02330,C0719,SKU_001,尿布
T02330,C0719,SKU_003,啤酒
T02330,C0719,SKU_005,塑膠袋
T02330,C0719,SKU_010,寶特瓶飲料
T02330,C0719,SKU_017,蘋果
T02330,C0719,SKU_027,洗髮精
T02331,C0931,SKU_001,尿布
T02331,C0931,SKU_003,啤酒
T02331,C0931,SKU_007,可樂
T02331,C0931,SKU_027,洗髮精
T02332,C0629,SKU_001,尿布
T02332,C0629,SKU_002,起司
T02332,C0629,SKU_003,啤酒
T02332,C0629,SKU_004,紅酒
T02332,C0629,SKU_008,醬油
T02332,C0629,SKU_009,礦泉水
T02332,C0629,SKU_012,麵包
T02332,C0629,SKU_024,口香糖
T02333,C0713,SKU_005,塑膠袋
T02333,C0713,SKU_010,寶特瓶飲料
T02333,C0713,SKU_018,香蕉
T02333,C0713,SKU_025,衛生紙
T02334,C0437,SKU_018,香蕉
T02334,C0437,SKU_020,葡萄
T02335,C0667,SKU_004,紅酒
T02335,C0667,SKU_009,礦泉水
T02335,C0667,SKU_017,蘋果
T02335,C0667,SKU_026,牙膏
T02336,C1030,SKU_006,米
T02336,C1030,SKU_007,可樂
T02336,C1030,SKU_008,醬油
T02336,C1030,SKU_009,礦泉水
T02337,C0057,SKU_004,紅酒
T02337,C0057,SKU_008,醬油
T02337,C0057,SKU_014,雪碧
T02337,C0057,SKU_024,口香糖
T02337,C0057,SKU_029,SKU_NEW_001
T02338,C1180,SKU_010,寶特瓶飲料
T02339,C0425,SKU_006,米
T02339,C0425,SKU_007,可樂
T02339,C0425,SKU_008,醬油
T02339,C0425,SKU_020,葡萄
T02339,C0425,SKU_025,衛生紙
T02340,C1025,SKU_008,醬油
T02340,C1025,SKU_025,衛生紙
T02341,C0960,SKU_002,起司
T02341,C0960,SKU_004,紅酒
T02341,C0960,SKU_010,寶特瓶飲料
T02342,C0976,SKU_009,礦泉水
T02342,C0976,SKU_015,牛奶
T02342,C0976,SKU_020,葡萄
T02343,C0914,SKU_002,起司
T02343,C0914,SKU_004,紅酒
T02343,C0914,SKU_023,洋芋片
T02343,C0914,SKU_026,牙膏
T02343,C0914,SKU_029,SKU_NEW_001
T02344,C1437,SKU_005,塑膠袋
T02344,C1437,SKU_007,可樂
T02344,C1437,SKU_008,醬油
T02344,C1437,SKU_014,雪碧
T02344,C1437,SKU_020,葡萄
T02345,C0764,SKU_001,尿布
T02345,C0764,SKU_010,寶特瓶飲料
T02345,C0764,SKU_027,洗髮精
T02346,C1099,SKU_004,紅酒
T02346,C1099,SKU_009,礦泉水
T02346,C1099,SKU_014,雪碧
T02346,C1099,SKU_015,牛奶
T02346,C1099,SKU_017,蘋果
T02347,C1065,SKU_001,尿布
T02347,C1065,SKU_003,啤酒
T02347,C1065,SKU_007,可樂
T02347,C1065,SKU_012,麵包
T02348,C0353,SKU_002,起司
T02348,C0353,SKU_004,紅酒
T02348,C0353,SKU_012,麵包
T02348,C0353,SKU_029,SKU_NEW_001
T02349,C0427,SKU_010,寶特瓶飲料
T02350,C0645,SKU_002,起司
T02350,C0645,SKU_004,紅酒
T02350,C0645,SKU_008,醬油
T02350,C0645,SKU_014,雪碧
T02351,C0416,SKU_006,米
T02351,C0416,SKU_007,可樂
T02351,C0416,SKU_008,醬油
T02351,C0416,SKU_020,葡萄
T02351,C0416,SKU_022,巧克力
T02352,C0552,SKU_001,尿布
T02352,C0552,SKU_003,啤酒
T02352,C0552,SKU_007,可樂
T02352,C0552,SKU_025,衛生紙
T02353,C0590,SKU_004,紅酒
T02353,C0590,SKU_006,米
T02353,C0590,SKU_008,醬油
T02353,C0590,SKU_018,香蕉
T02353,C0590,SKU_030,SKU_NEW_002
T02354,C0906,SKU_014,雪碧
T02354,C0906,SKU_016,豆漿
T02355,C0325,SKU_009,礦泉水
T02355,C0325,SKU_013,果醬
T02355,C0325,SKU_021,餅乾
T02356,C1193,SKU_016,豆漿
T02356,C1193,SKU_025,衛生紙
T02357,C0662,SKU_001,尿布
T02357,C0662,SKU_003,啤酒
T02357,C0662,SKU_009,礦泉水
T02358,C1066,SKU_009,礦泉水
T02358,C1066,SKU_013,果醬
T02358,C1066,SKU_016,豆漿
T02358,C1066,SKU_017,蘋果
T02358,C1066,SKU_028,茶包
T02359,C0118,SKU_006,米
T02359,C0118,SKU_007,可樂
T02359,C0118,SKU_008,醬油
T02359,C0118,SKU_016,豆漿
T02360,C0712,SKU_002,起司
T02360,C0712,SKU_009,礦泉水
T02360,C0712,SKU_010,寶特瓶飲料
T02361,C0041,SKU_005,塑膠袋
T02361,C0041,SKU_008,醬油
T02361,C0041,SKU_010,寶特瓶飲料
T02361,C0041,SKU_024,口香糖
T02362,C1016,SKU_005,塑膠袋
T02362,C1016,SKU_021,餅乾
T02362,C1016,SKU_027,洗髮精
T02363,C0521,SKU_002,起司
T02363,C0521,SKU_004,紅酒
T02363,C0521,SKU_005,塑膠袋
T02363,C0521,SKU_012,麵包
T02363,C0521,SKU_021,餅乾
T02364,C1421,SKU_002,起司
T02364,C1421,SKU_004,紅酒
T02364,C1421,SKU_008,醬油
T02364,C1421,SKU_028,茶包
T02365,C0488,SKU_001,尿布
T02365,C0488,SKU_007,可樂
T02366,C0851,SKU_005,塑膠袋
T02366,C0851,SKU_009,礦泉水
T02366,C0851,SKU_018,香蕉
T02366,C0851,SKU_024,口香糖
T02366,C0851,SKU_026,牙膏
T02366,C0851,SKU_028,茶包
T02367,C0385,SKU_018,香蕉
T02368,C0928,SKU_007,可樂
T02368,C0928,SKU_010,寶特瓶飲料
T02368,C0928,SKU_011,杯麵
T02368,C0928,SKU_013,果醬
T02368,C0928,SKU_020,葡萄
T02369,C0708,SKU_001,尿布
T02369,C0708,SKU_007,可樂
T02369,C0708,SKU_027,洗髮精
T02370,C0557,SKU_007,可樂
T02370,C0557,SKU_008,醬油
T02370,C0557,SKU_019,橘子
T02370,C0557,SKU_025,衛生紙
T02371,C0303,SKU_009,礦泉水
T02372,C0160,SKU_002,起司
T02372,C0160,SKU_004,紅酒
T02372,C0160,SKU_006,米
T02372,C0160,SKU_008,醬油
T02372,C0160,SKU_010,寶特瓶飲料
T02372,C0160,SKU_023,洋芋片
T02372,C0160,SKU_029,SKU_NEW_001
T02372,C0160,SKU_030,SKU_NEW_002
T02373,C0174,SKU_009,礦泉水
T02373,C0174,SKU_010,寶特瓶飲料
T02373,C0174,SKU_020,葡萄
T02373,C0174,SKU_024,口香糖
T02374,C1498,SKU_004,紅酒
T02374,C1498,SKU_005,塑膠袋
T02374,C1498,SKU_007,可樂
T02374,C1498,SKU_009,礦泉水
T02374,C1498,SKU_015,牛奶
T02374,C1498,SKU_020,葡萄
T02374,C1498,SKU_026,牙膏
T02375,C0627,SKU_014,雪碧
T02375,C0627,SKU_029,SKU_NEW_001
T02376,C0004,SKU_004,紅酒
T02376,C0004,SKU_007,可樂
T02376,C0004,SKU_008,醬油
T02376,C0004,SKU_021,餅乾
T02376,C0004,SKU_024,口香糖
T02376,C0004,SKU_025,衛生紙
T02377,C1427,SKU_001,尿布
T02377,C1427,SKU_003,啤酒
T02377,C1427,SKU_006,米
T02377,C1427,SKU_012,麵包
T02377,C1427,SKU_013,果醬
T02377,C1427,SKU_017,蘋果
T02377,C1427,SKU_026,牙膏
T02378,C0032,SKU_001,尿布
T02378,C0032,SKU_003,啤酒
T02378,C0032,SKU_018,香蕉
T02379,C0635,SKU_010,寶特瓶飲料
T02379,C0635,SKU_012,麵包
T02379,C0635,SKU_029,SKU_NEW_001
T02380,C1083,SKU_008,醬油
T02380,C1083,SKU_018,香蕉
T02381,C1371,SKU_002,起司
T02381,C1371,SKU_006,米
T02381,C1371,SKU_008,醬油
T02381,C1371,SKU_011,杯麵
T02382,C1074,SKU_005,塑膠袋
T02382,C1074,SKU_007,可樂
T02382,C1074,SKU_017,蘋果
T02382,C1074,SKU_023,洋芋片
T02383,C0703,SKU_005,塑膠袋
T02383,C0703,SKU_007,可樂
T02383,C0703,SKU_019,橘子
T02383,C0703,SKU_020,葡萄
T02383,C0703,SKU_024,口香糖
T02384,C1459,SKU_001,尿布
T02384,C1459,SKU_002,起司
T02384,C1459,SKU_003,啤酒
T02384,C1459,SKU_004,紅酒
T02384,C1459,SKU_006,米
T02384,C1459,SKU_008,醬油
T02384,C1459,SKU_023,洋芋片
T02384,C1459,SKU_028,茶包
T02385,C0056,SKU_001,尿布
T02385,C0056,SKU_005,塑膠袋
T02385,C0056,SKU_006,米
T02385,C0056,SKU_007,可樂
T02385,C0056,SKU_009,礦泉水
T02385,C0056,SKU_015,牛奶
T02386,C1478,SKU_009,礦泉水
T02386,C1478,SKU_010,寶特瓶飲料
T02386,C1478,SKU_017,蘋果
T02386,C1478,SKU_019,橘子
T02387,C1267,SKU_005,塑膠袋
T02387,C1267,SKU_016,豆漿
T02387,C1267,SKU_018,香蕉
T02388,C1393,SKU_001,尿布
T02388,C1393,SKU_005,塑膠袋
T02388,C1393,SKU_007,可樂
T02388,C1393,SKU_009,礦泉水
T02388,C1393,SKU_021,餅乾
T02389,C0381,SKU_005,塑膠袋
T02389,C0381,SKU_006,米
T02389,C0381,SKU_008,醬油
T02389,C0381,SKU_010,寶特瓶飲料
T02389,C0381,SKU_011,杯麵
T02389,C0381,SKU_014,雪碧
T02389,C0381,SKU_020,葡萄
T02389,C0381,SKU_022,巧克力
T02389,C0381,SKU_023,洋芋片
T02390,C0209,SKU_001,尿布
T02390,C0209,SKU_002,起司
T02390,C0209,SKU_003,啤酒
T02390,C0209,SKU_023,洋芋片
T02391,C0995,SKU_002,起司
T02391,C0995,SKU_007,可樂
T02391,C0995,SKU_015,牛奶
T02391,C0995,SKU_028,茶包
T02392,C0774,SKU_012,麵包
T02392,C0774,SKU_018,香蕉
T02392,C0774,SKU_023,洋芋片
T02393,C0784,SKU_001,尿布
T02393,C0784,SKU_008,醬油
T02393,C0784,SKU_022,巧克力
T02394,C1388,SKU_001,尿布
T02394,C1388,SKU_003,啤酒
T02394,C1388,SKU_014,雪碧
T02394,C1388,SKU_019,橘子
T02394,C1388,SKU_023,洋芋片
T02394,C1388,SKU_024,口香糖
T02394,C1388,SKU_029,SKU_NEW_001
T02395,C0928,SKU_005,塑膠袋
T02395,C0928,SKU_029,SKU_NEW_001
T02396,C0468,SKU_002,起司
T02396,C0468,SKU_003,啤酒
T02396,C0468,SKU_004,紅酒
T02396,C0468,SKU_018,香蕉
T02397,C0608,SKU_019,橘子
T02398,C0195,SKU_004,紅酒
T02398,C0195,SKU_006,米
T02398,C0195,SKU_007,可樂
T02398,C0195,SKU_008,醬油
T02398,C0195,SKU_010,寶特瓶飲料
T02398,C0195,SKU_013,果醬
T02398,C0195,SKU_020,葡萄
T02398,C0195,SKU_030,SKU_NEW_002
T02399,C0286,SKU_018,香蕉
T02400,C0210,SKU_001,尿布
T02400,C0210,SKU_002,起司
T02400,C0210,SKU_028,茶包
T02401,C1203,SKU_002,起司
T02401,C1203,SKU_004,紅酒
T02401,C1203,SKU_019,橘子
T02402,C1065,SKU_001,尿布
T02402,C1065,SKU_003,啤酒
T02402,C1065,SKU_006,米
T02402,C1065,SKU_007,可樂
T02402,C1065,SKU_008,醬油
T02402,C1065,SKU_009,礦泉水
T02403,C0795,SKU_001,尿布
T02403,C0795,SKU_003,啤酒
T02403,C0795,SKU_005,塑膠袋
T02403,C0795,SKU_009,礦泉水
T02403,C0795,SKU_012,麵包
T02403,C0795,SKU_023,洋芋片
T02403,C0795,SKU_030,SKU_NEW_002
T02404,C0563,SKU_002,起司
T02404,C0563,SKU_004,紅酒
T02404,C0563,SKU_010,寶特瓶飲料
T02404,C0563,SKU_021,餅乾
T02405,C1002,SKU_002,起司
T02405,C1002,SKU_004,紅酒
T02405,C1002,SKU_006,米
T02405,C1002,SKU_029,SKU_NEW_001
T02406,C1207,SKU_009,礦泉水
T02406,C1207,SKU_017,蘋果
T02406,C1207,SKU_027,洗髮精
T02407,C1312,SKU_002,起司
T02407,C1312,SKU_004,紅酒
T02407,C1312,SKU_024,口香糖
T02408,C0824,SKU_007,可樂
T02408,C0824,SKU_010,寶特瓶飲料
T02408,C0824,SKU_014,雪碧
T02409,C1220,SKU_004,紅酒
T02409,C1220,SKU_005,塑膠袋
T02409,C1220,SKU_009,礦泉水
T02409,C1220,SKU_010,寶特瓶飲料
T02409,C1220,SKU_019,橘子
T02410,C0770,SKU_006,米
T02410,C0770,SKU_008,醬油
T02410,C0770,SKU_012,麵包
T02410,C0770,SKU_025,衛生紙
T02410,C0770,SKU_026,牙膏
T02411,C0717,SKU_001,尿布
T02411,C0717,SKU_003,啤酒
T02411,C0717,SKU_008,醬油
T02411,C0717,SKU_009,礦泉水
T02412,C1291,SKU_003,啤酒
T02412,C1291,SKU_005,塑膠袋
T02412,C1291,SKU_018,香蕉
T02412,C1291,SKU_020,葡萄
T02413,C0583,SKU_001,尿布
T02413,C0583,SKU_003,啤酒
T02413,C0583,SKU_009,礦泉水
T02413,C0583,SKU_010,寶特瓶飲料
T02413,C0583,SKU_012,麵包
T02413,C0583,SKU_013,果醬
T02413,C0583,SKU_015,牛奶
T02413,C0583,SKU_017,蘋果
T02413,C0583,SKU_018,香蕉
T02414,C0602,SKU_001,尿布
T02414,C0602,SKU_007,可樂
T02414,C0602,SKU_009,礦泉水
T02414,C0602,SKU_024,口香糖
T02415,C0462,SKU_006,米
T02415,C0462,SKU_007,可樂
T02416,C0779,SKU_005,塑膠袋
T02416,C0779,SKU_010,寶特瓶飲料
T02416,C0779,SKU_021,餅乾
T02417,C0820,SKU_024,口香糖
T02417,C0820,SKU_029,SKU_NEW_001
T02418,C0991,SKU_002,起司
T02418,C0991,SKU_003,啤酒
T02418,C0991,SKU_004,紅酒
T02418,C0991,SKU_005,塑膠袋
T02418,C0991,SKU_006,米
T02418,C0991,SKU_008,醬油
T02418,C0991,SKU_026,牙膏
T02419,C0654,SKU_001,尿布
T02419,C0654,SKU_003,啤酒
T02419,C0654,SKU_029,SKU_NEW_001
T02420,C0320,SKU_001,尿布
T02420,C0320,SKU_005,塑膠袋
T02420,C0320,SKU_007,可樂
T02420,C0320,SKU_008,醬油
T02420,C0320,SKU_026,牙膏
T02420,C0320,SKU_027,洗髮精
T02421,C1293,SKU_001,尿布
T02421,C1293,SKU_002,起司
T02421,C1293,SKU_003,啤酒
T02421,C1293,SKU_004,紅酒
T02421,C1293,SKU_017,蘋果
T02421,C1293,SKU_026,牙膏
T02421,C1293,SKU_028,茶包
T02422,C0524,SKU_002,起司
T02422,C0524,SKU_004,紅酒
T02422,C0524,SKU_006,米
T02422,C0524,SKU_008,醬油
T02422,C0524,SKU_029,SKU_NEW_001
T02423,C1384,SKU_026,牙膏
T02423,C1384,SKU_028,茶包
T02424,C0308,SKU_004,紅酒
T02424,C0308,SKU_007,可樂
T02424,C0308,SKU_023,洋芋片
T02425,C0845,SKU_004,紅酒
T02425,C0845,SKU_005,塑膠袋
T02425,C0845,SKU_011,杯麵
T02425,C0845,SKU_016,豆漿
T02426,C0804,SKU_003,啤酒
T02426,C0804,SKU_005,塑膠袋
T02426,C0804,SKU_006,米
T02426,C0804,SKU_007,可樂
T02426,C0804,SKU_024,口香糖
T02427,C1236,SKU_004,紅酒
T02427,C1236,SKU_007,可樂
T02427,C1236,SKU_009,礦泉水
T02427,C1236,SKU_010,寶特瓶飲料
T02427,C1236,SKU_023,洋芋片
T02428,C0203,SKU_001,尿布
T02428,C0203,SKU_004,紅酒
T02428,C0203,SKU_009,礦泉水
T02428,C0203,SKU_015,牛奶
T02428,C0203,SKU_017,蘋果
T02428,C0203,SKU_026,牙膏
T02429,C1361,SKU_012,麵包
T02429,C1361,SKU_019,橘子
T02429,C1361,SKU_026,牙膏
T02429,C1361,SKU_028,茶包
T02430,C0798,SKU_007,可樂
T02430,C0798,SKU_011,杯麵
T02431,C0882,SKU_010,寶特瓶飲料
T02431,C0882,SKU_012,麵包
T02431,C0882,SKU_025,衛生紙
T02432,C0767,SKU_005,塑膠袋
T02432,C0767,SKU_026,牙膏
T02433,C0050,SKU_006,米
T02433,C0050,SKU_018,香蕉
T02434,C0744,SKU_017,蘋果
T02434,C0744,SKU_029,SKU_NEW_001
T02435,C0397,SKU_003,啤酒
T02435,C0397,SKU_005,塑膠袋
T02435,C0397,SKU_006,米
T02435,C0397,SKU_008,醬油
T02435,C0397,SKU_010,寶特瓶飲料
T02436,C0519,SKU_002,起司
T02436,C0519,SKU_004,紅酒
T02436,C0519,SKU_005,塑膠袋
T02436,C0519,SKU_009,礦泉水
T02436,C0519,SKU_014,雪碧
T02436,C0519,SKU_018,香蕉
T02437,C0971,SKU_005,塑膠袋
T02437,C0971,SKU_009,礦泉水
T02437,C0971,SKU_012,麵包
T02437,C0971,SKU_021,餅乾
T02437,C0971,SKU_028,茶包
T02438,C0746,SKU_003,啤酒
T02439,C0132,SKU_002,起司
T02439,C0132,SKU_004,紅酒
T02439,C0132,SKU_021,餅乾
T02440,C0108,SKU_025,衛生紙
T02440,C0108,SKU_028,茶包
T02441,C0275,SKU_003,啤酒
T02441,C0275,SKU_017,蘋果
T02441,C0275,SKU_027,洗髮精
T02441,C0275,SKU_028,茶包
T02442,C0282,SKU_007,可樂
T02443,C0914,SKU_009,礦泉水
T02443,C0914,SKU_012,麵包
T02443,C0914,SKU_015,牛奶
T02444,C0265,SKU_005,塑膠袋
T02444,C0265,SKU_014,雪碧
T02444,C0265,SKU_022,巧克力
T02445,C1313,SKU_006,米
T02445,C1313,SKU_008,醬油
T02445,C1313,SKU_018,香蕉
T02446,C0310,SKU_011,杯麵
T02447,C0129,SKU_004,紅酒
T02447,C0129,SKU_009,礦泉水
T02447,C0129,SKU_012,麵包
T02447,C0129,SKU_021,餅乾
T02447,C0129,SKU_022,巧克力
T02448,C1305,SKU_002,起司
T02448,C1305,SKU_004,紅酒
T02448,C1305,SKU_010,寶特瓶飲料
T02448,C1305,SKU_029,SKU_NEW_001
T02449,C0445,SKU_006,米
T02449,C0445,SKU_007,可樂
T02449,C0445,SKU_008,醬油
T02449,C0445,SKU_009,礦泉水
T02449,C0445,SKU_010,寶特瓶飲料
T02450,C0647,SKU_003,啤酒
T02450,C0647,SKU_005,塑膠袋
T02450,C0647,SKU_009,礦泉水
T02450,C0647,SKU_020,葡萄
T02451,C1437,SKU_001,尿布
T02451,C1437,SKU_002,起司
T02451,C1437,SKU_003,啤酒
T02451,C1437,SKU_004,紅酒
T02451,C1437,SKU_008,醬油
T02451,C1437,SKU_017,蘋果
T02451,C1437,SKU_019,橘子
T02451,C1437,SKU_022,巧克力
T02452,C1412,SKU_001,尿布
T02452,C1412,SKU_002,起司
T02452,C1412,SKU_003,啤酒
T02452,C1412,SKU_006,米
T02452,C1412,SKU_013,果醬
T02452,C1412,SKU_023,洋芋片
T02452,C1412,SKU_025,衛生紙
T02452,C1412,SKU_029,SKU_NEW_001
T02453,C1077,SKU_001,尿布
T02453,C1077,SKU_002,起司
T02453,C1077,SKU_003,啤酒
T02453,C1077,SKU_004,紅酒
T02453,C1077,SKU_005,塑膠袋
T02453,C1077,SKU_007,可樂
T02454,C0097,SKU_001,尿布
T02454,C0097,SKU_007,可樂
T02454,C0097,SKU_013,果醬
T02454,C0097,SKU_027,洗髮精
T02455,C0892,SKU_007,可樂
T02455,C0892,SKU_010,寶特瓶飲料
T02456,C1483,SKU_003,啤酒
T02456,C1483,SKU_005,塑膠袋
T02457,C1417,SKU_006,米
T02457,C1417,SKU_008,醬油
T02457,C1417,SKU_010,寶特瓶飲料
T02458,C0150,SKU_008,醬油
T02458,C0150,SKU_013,果醬
T02458,C0150,SKU_014,雪碧
T02458,C0150,SKU_015,牛奶
T02458,C0150,SKU_026,牙膏
T02459,C0602,SKU_001,尿布
T02459,C0602,SKU_003,啤酒
T02459,C0602,SKU_006,米
T02459,C0602,SKU_028,茶包
T02460,C0476,SKU_005,塑膠袋
T02460,C0476,SKU_006,米
T02460,C0476,SKU_008,醬油
T02461,C0192,SKU_003,啤酒
T02461,C0192,SKU_007,可樂
T02461,C0192,SKU_015,牛奶
T02461,C0192,SKU_021,餅乾
T02462,C1050,SKU_001,尿布
T02462,C1050,SKU_022,巧克力
T02463,C0410,SKU_001,尿布
T02463,C0410,SKU_003,啤酒
T02464,C0521,SKU_002,起司
T02464,C0521,SKU_004,紅酒
T02464,C0521,SKU_018,香蕉
T02464,C0521,SKU_027,洗髮精
T02465,C0129,SKU_002,起司
T02465,C0129,SKU_004,紅酒
T02465,C0129,SKU_005,塑膠袋
T02465,C0129,SKU_008,醬油
T02465,C0129,SKU_029,SKU_NEW_001
T02466,C0746,SKU_001,尿布
T02466,C0746,SKU_005,塑膠袋
T02466,C0746,SKU_030,SKU_NEW_002
T02467,C0236,SKU_007,可樂
T02467,C0236,SKU_008,醬油
T02467,C0236,SKU_009,礦泉水
T02467,C0236,SKU_015,牛奶
T02467,C0236,SKU_030,SKU_NEW_002
T02468,C0658,SKU_009,礦泉水
T02468,C0658,SKU_010,寶特瓶飲料
T02469,C0210,SKU_010,寶特瓶飲料
T02469,C0210,SKU_011,杯麵
T02469,C0210,SKU_018,香蕉
T02469,C0210,SKU_024,口香糖
T02470,C1428,SKU_005,塑膠袋
T02470,C1428,SKU_011,杯麵
T02471,C0217,SKU_007,可樂
T02472,C0783,SKU_001,尿布
T02472,C0783,SKU_002,起司
T02472,C0783,SKU_003,啤酒
T02472,C0783,SKU_007,可樂
T02472,C0783,SKU_010,寶特瓶飲料
T02472,C0783,SKU_015,牛奶
T02472,C0783,SKU_025,衛生紙
T02473,C0295,SKU_005,塑膠袋
T02473,C0295,SKU_006,米
T02473,C0295,SKU_008,醬油
T02473,C0295,SKU_022,巧克力
T02474,C0111,SKU_005,塑膠袋
T02474,C0111,SKU_021,餅乾
T02474,C0111,SKU_029,SKU_NEW_001
T02475,C0302,SKU_010,寶特瓶飲料
T02475,C0302,SKU_014,雪碧
T02475,C0302,SKU_016,豆漿
T02475,C0302,SKU_023,洋芋片
T02476,C0079,SKU_004,紅酒
T02476,C0079,SKU_005,塑膠袋
T02476,C0079,SKU_007,可樂
T02476,C0079,SKU_012,麵包
T02476,C0079,SKU_020,葡萄
T02476,C0079,SKU_025,衛生紙
T02477,C0204,SKU_001,尿布
T02477,C0204,SKU_003,啤酒
T02477,C0204,SKU_013,果醬
T02477,C0204,SKU_017,蘋果
T02478,C0741,SKU_006,米
T02478,C0741,SKU_008,醬油
T02478,C0741,SKU_021,餅乾
T02478,C0741,SKU_030,SKU_NEW_002
T02479,C0974,SKU_007,可樂
T02479,C0974,SKU_010,寶特瓶飲料
T02479,C0974,SKU_018,香蕉
T02479,C0974,SKU_025,衛生紙
T02479,C0974,SKU_030,SKU_NEW_002
T02480,C0124,SKU_007,可樂
T02480,C0124,SKU_024,口香糖
T02481,C0668,SKU_009,礦泉水
T02481,C0668,SKU_011,杯麵
T02481,C0668,SKU_015,牛奶
T02481,C0668,SKU_016,豆漿
T02481,C0668,SKU_027,洗髮精
T02482,C0875,SKU_007,可樂
T02482,C0875,SKU_016,豆漿
T02482,C0875,SKU_018,香蕉
T02482,C0875,SKU_024,口香糖
T02483,C0350,SKU_001,尿布
T02483,C0350,SKU_009,礦泉水
T02483,C0350,SKU_022,巧克力
T02483,C0350,SKU_029,SKU_NEW_001
T02484,C0558,SKU_018,香蕉
T02484,C0558,SKU_027,洗髮精
T02484,C0558,SKU_028,茶包
T02485,C0104,SKU_001,尿布
T02485,C0104,SKU_002,起司
T02485,C0104,SKU_024,口香糖
T02485,C0104,SKU_026,牙膏
T02486,C0325,SKU_002,起司
T02486,C0325,SKU_004,紅酒
T02486,C0325,SKU_005,塑膠袋
T02486,C0325,SKU_014,雪碧
T02487,C0708,SKU_009,礦泉水
T02488,C1486,SKU_001,尿布
T02488,C1486,SKU_003,啤酒
T02488,C1486,SKU_014,雪碧
T02488,C1486,SKU_016,豆漿
T02489,C1494,SKU_005,塑膠袋
T02489,C1494,SKU_013,果醬
T02489,C1494,SKU_024,口香糖
T02489,C1494,SKU_025,衛生紙
T02490,C1469,SKU_004,紅酒
T02490,C1469,SKU_013,果醬
T02490,C1469,SKU_020,葡萄
T02490,C1469,SKU_023,洋芋片
T02490,C1469,SKU_025,衛生紙
T02491,C0643,SKU_003,啤酒
T02491,C0643,SKU_006,米
T02491,C0643,SKU_010,寶特瓶飲料
T02492,C0115,SKU_006,米
T02492,C0115,SKU_007,可樂
T02492,C0115,SKU_008,醬油
T02492,C0115,SKU_009,礦泉水
T02492,C0115,SKU_014,雪碧
T02492,C0115,SKU_023,洋芋片
T02492,C0115,SKU_025,衛生紙
T02492,C0115,SKU_027,洗髮精
T02493,C0487,SKU_002,起司
T02493,C0487,SKU_004,紅酒
T02493,C0487,SKU_010,寶特瓶飲料
T02494,C0357,SKU_010,寶特瓶飲料
T02494,C0357,SKU_022,巧克力
T02494,C0357,SKU_024,口香糖
T02495,C0024,SKU_009,礦泉水
T02495,C0024,SKU_014,雪碧
T02495,C0024,SKU_018,香蕉
T02496,C0136,SKU_006,米
T02496,C0136,SKU_018,香蕉
T02497,C0686,SKU_001,尿布
T02497,C0686,SKU_003,啤酒
T02498,C0515,SKU_001,尿布
T02498,C0515,SKU_010,寶特瓶飲料
T02498,C0515,SKU_015,牛奶
T02498,C0515,SKU_024,口香糖
T02499,C0268,SKU_001,尿布
T02499,C0268,SKU_002,起司
T02499,C0268,SKU_003,啤酒
T02499,C0268,SKU_004,紅酒
T02500,C1081,SKU_016,豆漿
T02500,C1081,SKU_018,香蕉
T02500,C1081,SKU_021,餅乾
T02500,C1081,SKU_024,口香糖
T02501,C0537,SKU_004,紅酒
T02501,C0537,SKU_020,葡萄
T02502,C1271,SKU_003,啤酒
T02502,C1271,SKU_009,礦泉水
T02502,C1271,SKU_016,豆漿
T02502,C1271,SKU_017,蘋果
T02502,C1271,SKU_019,橘子
T02503,C0362,SKU_001,尿布
T02503,C0362,SKU_007,可樂
T02503,C0362,SKU_010,寶特瓶飲料
T02503,C0362,SKU_013,果醬
T02504,C0807,SKU_001,尿布
T02504,C0807,SKU_003,啤酒
T02504,C0807,SKU_007,可樂
T02504,C0807,SKU_010,寶特瓶飲料
T02504,C0807,SKU_014,雪碧
T02504,C0807,SKU_023,洋芋片
T02505,C0273,SKU_007,可樂
T02505,C0273,SKU_014,雪碧
T02505,C0273,SKU_016,豆漿
T02506,C0742,SKU_008,醬油
T02506,C0742,SKU_011,杯麵
T02506,C0742,SKU_015,牛奶
T02506,C0742,SKU_018,香蕉
T02506,C0742,SKU_030,SKU_NEW_002
T02507,C0228,SKU_008,醬油
T02507,C0228,SKU_009,礦泉水
T02508,C0242,SKU_004,紅酒
T02508,C0242,SKU_005,塑膠袋
T02508,C0242,SKU_007,可樂
T02508,C0242,SKU_011,杯麵
T02508,C0242,SKU_012,麵包
T02508,C0242,SKU_029,SKU_NEW_001
T02509,C0917,SKU_005,塑膠袋
T02509,C0917,SKU_008,醬油
T02509,C0917,SKU_009,礦泉水
T02509,C0917,SKU_010,寶特瓶飲料
T02509,C0917,SKU_014,雪碧
T02509,C0917,SKU_015,牛奶
T02510,C0397,SKU_008,醬油
T02510,C0397,SKU_011,杯麵
T02510,C0397,SKU_012,麵包
T02511,C0259,SKU_002,起司
T02511,C0259,SKU_005,塑膠袋
T02511,C0259,SKU_017,蘋果
T02511,C0259,SKU_022,巧克力
T02512,C1394,SKU_002,起司
T02512,C1394,SKU_004,紅酒
T02512,C1394,SKU_008,醬油
T02512,C1394,SKU_012,麵包
T02512,C1394,SKU_016,豆漿
T02513,C0060,SKU_001,尿布
T02513,C0060,SKU_003,啤酒
T02513,C0060,SKU_005,塑膠袋
T02513,C0060,SKU_029,SKU_NEW_001
T02514,C0852,SKU_005,塑膠袋
T02514,C0852,SKU_007,可樂
T02514,C0852,SKU_009,礦泉水
T02514,C0852,SKU_010,寶特瓶飲料
T02514,C0852,SKU_014,雪碧
T02514,C0852,SKU_025,衛生紙
T02514,C0852,SKU_028,茶包
T02514,C0852,SKU_029,SKU_NEW_001
T02515,C0825,SKU_001,尿布
T02515,C0825,SKU_003,啤酒
T02515,C0825,SKU_005,塑膠袋
T02515,C0825,SKU_017,蘋果
T02515,C0825,SKU_018,香蕉
T02515,C0825,SKU_023,洋芋片
T02516,C0375,SKU_005,塑膠袋
T02516,C0375,SKU_006,米
T02516,C0375,SKU_013,果醬
T02516,C0375,SKU_016,豆漿
T02517,C0686,SKU_027,洗髮精
T02518,C0124,SKU_001,尿布
T02519,C1088,SKU_001,尿布
T02519,C1088,SKU_002,起司
T02519,C1088,SKU_004,紅酒
T02519,C1088,SKU_006,米
T02519,C1088,SKU_008,醬油
T02519,C1088,SKU_012,麵包
T02519,C1088,SKU_017,蘋果
T02520,C0328,SKU_004,紅酒
T02520,C0328,SKU_007,可樂
T02520,C0328,SKU_024,口香糖
T02521,C0287,SKU_028,茶包
T02522,C0476,SKU_019,橘子
T02523,C1351,SKU_002,起司
T02523,C1351,SKU_004,紅酒
T02523,C1351,SKU_006,米
T02523,C1351,SKU_008,醬油
T02523,C1351,SKU_009,礦泉水
T02523,C1351,SKU_013,果醬
T02523,C1351,SKU_030,SKU_NEW_002
T02524,C1182,SKU_002,起司
T02524,C1182,SKU_006,米
T02524,C1182,SKU_011,杯麵
T02524,C1182,SKU_026,牙膏
T02525,C1417,SKU_002,起司
T02525,C1417,SKU_004,紅酒
T02525,C1417,SKU_008,醬油
T02525,C1417,SKU_022,巧克力
T02526,C0974,SKU_008,醬油
T02526,C0974,SKU_009,礦泉水
T02526,C0974,SKU_026,牙膏
T02526,C0974,SKU_030,SKU_NEW_002
T02527,C0994,SKU_006,米
T02527,C0994,SKU_008,醬油
T02527,C0994,SKU_009,礦泉水
T02528,C0722,SKU_004,紅酒
T02528,C0722,SKU_010,寶特瓶飲料
T02528,C0722,SKU_024,口香糖
T02528,C0722,SKU_027,洗髮精
T02529,C1354,SKU_001,尿布
T02529,C1354,SKU_004,紅酒
T02529,C1354,SKU_009,礦泉水
T02529,C1354,SKU_011,杯麵
T02529,C1354,SKU_023,洋芋片
T02529,C1354,SKU_030,SKU_NEW_002
T02530,C0768,SKU_001,尿布
T02530,C0768,SKU_003,啤酒
T02530,C0768,SKU_006,米
T02530,C0768,SKU_008,醬油
T02530,C0768,SKU_010,寶特瓶飲料
T02530,C0768,SKU_013,果醬
T02530,C0768,SKU_019,橘子
T02530,C0768,SKU_022,巧克力
T02531,C0535,SKU_004,紅酒
T02532,C0956,SKU_009,礦泉水
T02533,C0822,SKU_027,洗髮精
T02534,C0181,SKU_001,尿布
T02534,C0181,SKU_003,啤酒
T02534,C0181,SKU_006,米
T02534,C0181,SKU_008,醬油
T02534,C0181,SKU_009,礦泉水
T02534,C0181,SKU_015,牛奶
T02534,C0181,SKU_016,豆漿
T02535,C0593,SKU_010,寶特瓶飲料
T02535,C0593,SKU_014,雪碧
T02535,C0593,SKU_020,葡萄
T02535,C0593,SKU_024,口香糖
T02536,C0473,SKU_001,尿布
T02536,C0473,SKU_003,啤酒
T02536,C0473,SKU_012,麵包
T02536,C0473,SKU_024,口香糖
T02537,C1264,SKU_002,起司
T02537,C1264,SKU_004,紅酒
T02537,C1264,SKU_007,可樂
T02537,C1264,SKU_008,醬油
T02537,C1264,SKU_010,寶特瓶飲料
T02538,C0573,SKU_005,塑膠袋
T02538,C0573,SKU_010,寶特瓶飲料
T02539,C1224,SKU_005,塑膠袋
T02539,C1224,SKU_013,果醬
T02540,C0670,SKU_001,尿布
T02540,C0670,SKU_003,啤酒
T02540,C0670,SKU_004,紅酒
T02540,C0670,SKU_006,米
T02540,C0670,SKU_008,醬油
T02540,C0670,SKU_011,杯麵
T02540,C0670,SKU_026,牙膏
T02541,C1123,SKU_004,紅酒
T02541,C1123,SKU_006,米
T02541,C1123,SKU_008,醬油
T02541,C1123,SKU_009,礦泉水
T02542,C0198,SKU_016,豆漿
T02543,C1388,SKU_003,啤酒
T02543,C1388,SKU_007,可樂
T02543,C1388,SKU_009,礦泉水
T02543,C1388,SKU_024,口香糖
T02543,C1388,SKU_029,SKU_NEW_001
T02543,C1388,SKU_030,SKU_NEW_002
T02544,C0724,SKU_002,起司
T02544,C0724,SKU_004,紅酒
T02544,C0724,SKU_008,醬油
T02544,C0724,SKU_010,寶特瓶飲料
T02544,C0724,SKU_011,杯麵
T02544,C0724,SKU_024,口香糖
T02545,C0389,SKU_004,紅酒
T02545,C0389,SKU_005,塑膠袋
T02545,C0389,SKU_006,米
T02545,C0389,SKU_007,可樂
T02545,C0389,SKU_008,醬油
T02545,C0389,SKU_019,橘子
T02545,C0389,SKU_023,洋芋片
T02545,C0389,SKU_029,SKU_NEW_001
T02546,C0363,SKU_014,雪碧
T02546,C0363,SKU_029,SKU_NEW_001
T02547,C0398,SKU_001,尿布
T02547,C0398,SKU_002,起司
T02547,C0398,SKU_003,啤酒
T02547,C0398,SKU_004,紅酒
T02547,C0398,SKU_015,牛奶
T02547,C0398,SKU_020,葡萄
T02548,C0552,SKU_001,尿布
T02548,C0552,SKU_003,啤酒
T02548,C0552,SKU_018,香蕉
T02548,C0552,SKU_019,橘子
T02548,C0552,SKU_023,洋芋片
T02548,C0552,SKU_027,洗髮精
T02549,C1083,SKU_001,尿布
T02549,C1083,SKU_004,紅酒
T02549,C1083,SKU_014,雪碧
T02549,C1083,SKU_019,橘子
T02549,C1083,SKU_024,口香糖
T02550,C1421,SKU_003,啤酒
T02550,C1421,SKU_005,塑膠袋
T02550,C1421,SKU_007,可樂
T02550,C1421,SKU_008,醬油
T02550,C1421,SKU_009,礦泉水
T02550,C1421,SKU_017,蘋果
T02550,C1421,SKU_025,衛生紙
T02550,C1421,SKU_030,SKU_NEW_002
T02551,C1003,SKU_001,尿布
T02551,C1003,SKU_002,起司
T02551,C1003,SKU_004,紅酒
T02552,C0824,SKU_001,尿布
T02552,C0824,SKU_003,啤酒
T02552,C0824,SKU_004,紅酒
T02552,C0824,SKU_005,塑膠袋
T02552,C0824,SKU_006,米
T02552,C0824,SKU_008,醬油
T02552,C0824,SKU_009,礦泉水
T02552,C0824,SKU_024,口香糖
T02553,C0679,SKU_029,SKU_NEW_001
T02554,C1236,SKU_004,紅酒
T02554,C1236,SKU_007,可樂
T02554,C1236,SKU_017,蘋果
T02554,C1236,SKU_018,香蕉
T02554,C1236,SKU_023,洋芋片
T02555,C1267,SKU_005,塑膠袋
T02555,C1267,SKU_014,雪碧
T02555,C1267,SKU_022,巧克力
T02556,C0441,SKU_001,尿布
T02556,C0441,SKU_003,啤酒
T02556,C0441,SKU_009,礦泉水
T02557,C1428,SKU_001,尿布
T02557,C1428,SKU_002,起司
T02557,C1428,SKU_003,啤酒
T02557,C1428,SKU_004,紅酒
T02557,C1428,SKU_014,雪碧
T02557,C1428,SKU_021,餅乾
T02557,C1428,SKU_028,茶包
T02558,C0601,SKU_005,塑膠袋
T02558,C0601,SKU_012,麵包
T02558,C0601,SKU_014,雪碧
T02558,C0601,SKU_019,橘子
T02559,C1187,SKU_004,紅酒
T02559,C1187,SKU_005,塑膠袋
T02560,C1449,SKU_012,麵包
T02560,C1449,SKU_028,茶包
T02561,C1063,SKU_011,杯麵
T02562,C0242,SKU_002,起司
T02562,C0242,SKU_010,寶特瓶飲料
T02562,C0242,SKU_013,果醬
T02562,C0242,SKU_014,雪碧
T02562,C0242,SKU_018,香蕉
T02563,C0882,SKU_007,可樂
T02563,C0882,SKU_008,醬油
T02563,C0882,SKU_010,寶特瓶飲料
T02563,C0882,SKU_020,葡萄
T02563,C0882,SKU_023,洋芋片
T02564,C0171,SKU_009,礦泉水
T02564,C0171,SKU_029,SKU_NEW_001
T02565,C1170,SKU_007,可樂
T02565,C1170,SKU_009,礦泉水
T02565,C1170,SKU_019,橘子
T02566,C0422,SKU_009,礦泉水
T02566,C0422,SKU_020,葡萄
T02566,C0422,SKU_021,餅乾
T02566,C0422,SKU_026,牙膏
T02567,C1051,SKU_007,可樂
T02567,C1051,SKU_010,寶特瓶飲料
T02567,C1051,SKU_019,橘子
T02567,C1051,SKU_021,餅乾
T02568,C1362,SKU_001,尿布
T02568,C1362,SKU_002,起司
T02568,C1362,SKU_003,啤酒
T02568,C1362,SKU_004,紅酒
T02568,C1362,SKU_006,米
T02568,C1362,SKU_008,醬油
T02568,C1362,SKU_015,牛奶
T02569,C0269,SKU_010,寶特瓶飲料
T02569,C0269,SKU_012,麵包
T02570,C0594,SKU_014,雪碧
T02571,C0969,SKU_008,醬油
T02571,C0969,SKU_009,礦泉水
T02571,C0969,SKU_011,杯麵
T02571,C0969,SKU_017,蘋果
T02572,C0636,SKU_009,礦泉水
T02572,C0636,SKU_010,寶特瓶飲料
T02573,C0262,SKU_002,起司
T02573,C0262,SKU_004,紅酒
T02573,C0262,SKU_006,米
T02573,C0262,SKU_007,可樂
T02573,C0262,SKU_008,醬油
T02573,C0262,SKU_010,寶特瓶飲料
T02574,C0042,SKU_001,尿布
T02574,C0042,SKU_002,起司
T02574,C0042,SKU_003,啤酒
T02574,C0042,SKU_004,紅酒
T02574,C0042,SKU_015,牛奶
T02574,C0042,SKU_016,豆漿
T02575,C0617,SKU_019,橘子
T02575,C0617,SKU_026,牙膏
T02576,C0971,SKU_006,米
T02576,C0971,SKU_008,醬油
T02576,C0971,SKU_009,礦泉水
T02576,C0971,SKU_013,果醬
T02576,C0971,SKU_027,洗髮精
T02577,C0864,SKU_007,可樂
T02577,C0864,SKU_008,醬油
T02577,C0864,SKU_011,杯麵
T02577,C0864,SKU_029,SKU_NEW_001
T02578,C0232,SKU_008,醬油
T02579,C0683,SKU_001,尿布
T02579,C0683,SKU_003,啤酒
T02579,C0683,SKU_005,塑膠袋
T02579,C0683,SKU_008,醬油
T02579,C0683,SKU_010,寶特瓶飲料
T02579,C0683,SKU_024,口香糖
T02580,C0556,SKU_004,紅酒
T02580,C0556,SKU_006,米
T02580,C0556,SKU_008,醬油
T02580,C0556,SKU_012,麵包
T02580,C0556,SKU_020,葡萄
T02580,C0556,SKU_026,牙膏
T02581,C0410,SKU_001,尿布
T02581,C0410,SKU_003,啤酒
T02581,C0410,SKU_006,米
T02581,C0410,SKU_007,可樂
T02581,C0410,SKU_009,礦泉水
T02582,C1097,SKU_001,尿布
T02582,C1097,SKU_003,啤酒
T02582,C1097,SKU_018,香蕉
T02582,C1097,SKU_021,餅乾
T02582,C1097,SKU_026,牙膏
T02583,C0467,SKU_001,尿布
T02583,C0467,SKU_005,塑膠袋
T02583,C0467,SKU_008,醬油
T02583,C0467,SKU_019,橘子
T02583,C0467,SKU_023,洋芋片
T02583,C0467,SKU_027,洗髮精
T02583,C0467,SKU_029,SKU_NEW_001
T02584,C0811,SKU_001,尿布
T02584,C0811,SKU_005,塑膠袋
T02584,C0811,SKU_030,SKU_NEW_002
T02585,C1385,SKU_018,香蕉
T02585,C1385,SKU_021,餅乾
T02585,C1385,SKU_024,口香糖
T02585,C1385,SKU_030,SKU_NEW_002
T02586,C0810,SKU_002,起司
T02586,C0810,SKU_004,紅酒
T02586,C0810,SKU_007,可樂
T02586,C0810,SKU_009,礦泉水
T02586,C0810,SKU_010,寶特瓶飲料
T02586,C0810,SKU_020,葡萄
T02587,C0923,SKU_007,可樂
T02587,C0923,SKU_009,礦泉水
T02587,C0923,SKU_011,杯麵
T02587,C0923,SKU_012,麵包
T02587,C0923,SKU_028,茶包
T02588,C0108,SKU_001,尿布
T02588,C0108,SKU_004,紅酒
T02588,C0108,SKU_005,塑膠袋
T02588,C0108,SKU_011,杯麵
T02588,C0108,SKU_012,麵包
T02589,C0266,SKU_002,起司
T02589,C0266,SKU_004,紅酒
T02589,C0266,SKU_008,醬油
T02589,C0266,SKU_014,雪碧
T02589,C0266,SKU_019,橘子
T02590,C0144,SKU_005,塑膠袋
T02591,C1141,SKU_001,尿布
T02591,C1141,SKU_008,醬油
T02591,C1141,SKU_009,礦泉水
T02591,C1141,SKU_010,寶特瓶飲料
T02591,C1141,SKU_012,麵包
T02591,C1141,SKU_029,SKU_NEW_001
T02592,C1247,SKU_002,起司
T02592,C1247,SKU_004,紅酒
T02592,C1247,SKU_006,米
T02592,C1247,SKU_008,醬油
T02592,C1247,SKU_010,寶特瓶飲料
T02593,C0277,SKU_001,尿布
T02593,C0277,SKU_005,塑膠袋
T02593,C0277,SKU_010,寶特瓶飲料
T02593,C0277,SKU_027,洗髮精
T02594,C0323,SKU_006,米
T02594,C0323,SKU_008,醬油
T02594,C0323,SKU_012,麵包
T02594,C0323,SKU_015,牛奶
T02594,C0323,SKU_028,茶包
T02594,C0323,SKU_029,SKU_NEW_001
T02595,C0487,SKU_001,尿布
T02595,C0487,SKU_003,啤酒
T02595,C0487,SKU_013,果醬
T02595,C0487,SKU_015,牛奶
T02596,C0889,SKU_001,尿布
T02596,C0889,SKU_006,米
T02596,C0889,SKU_008,醬油
T02596,C0889,SKU_009,礦泉水
T02596,C0889,SKU_015,牛奶
T02596,C0889,SKU_017,蘋果
T02596,C0889,SKU_026,牙膏
T02597,C0931,SKU_002,起司
T02597,C0931,SKU_004,紅酒
T02597,C0931,SKU_007,可樂
T02597,C0931,SKU_010,寶特瓶飲料
T02597,C0931,SKU_021,餅乾
T02597,C0931,SKU_025,衛生紙
T02598,C1034,SKU_009,礦泉水
T02598,C1034,SKU_015,牛奶
T02598,C1034,SKU_018,香蕉
T02599,C1354,SKU_005,塑膠袋
T02599,C1354,SKU_006,米
T02599,C1354,SKU_008,醬油
T02599,C1354,SKU_009,礦泉水
T02599,C1354,SKU_012,麵包
T02599,C1354,SKU_013,果醬
T02599,C1354,SKU_020,葡萄
T02599,C1354,SKU_030,SKU_NEW_002
T02600,C0444,SKU_004,紅酒
T02600,C0444,SKU_007,可樂
T02600,C0444,SKU_017,蘋果
T02600,C0444,SKU_030,SKU_NEW_002
T02601,C0987,SKU_002,起司
T02601,C0987,SKU_009,礦泉水
T02601,C0987,SKU_027,洗髮精
T02602,C0845,SKU_007,可樂
T02602,C0845,SKU_015,牛奶
T02602,C0845,SKU_017,蘋果
T02603,C0463,SKU_002,起司
T02603,C0463,SKU_004,紅酒
T02603,C0463,SKU_005,塑膠袋
T02603,C0463,SKU_007,可樂
T02603,C0463,SKU_019,橘子
T02603,C0463,SKU_024,口香糖
T02603,C0463,SKU_029,SKU_NEW_001
T02604,C1358,SKU_001,尿布
T02604,C1358,SKU_002,起司
T02604,C1358,SKU_003,啤酒
T02604,C1358,SKU_004,紅酒
T02604,C1358,SKU_007,可樂
T02604,C1358,SKU_028,茶包
T02605,C0136,SKU_001,尿布
T02605,C0136,SKU_003,啤酒
T02605,C0136,SKU_005,塑膠袋
T02605,C0136,SKU_012,麵包
T02605,C0136,SKU_025,衛生紙
T02606,C1073,SKU_007,可樂
T02606,C1073,SKU_010,寶特瓶飲料
T02606,C1073,SKU_026,牙膏
T02607,C1095,SKU_006,米
T02607,C1095,SKU_015,牛奶
T02607,C1095,SKU_021,餅乾
T02607,C1095,SKU_029,SKU_NEW_001
T02608,C1372,SKU_013,果醬
T02608,C1372,SKU_020,葡萄
T02608,C1372,SKU_024,口香糖
T02609,C0778,SKU_001,尿布
T02609,C0778,SKU_003,啤酒
T02610,C0484,SKU_016,豆漿
T02610,C0484,SKU_027,洗髮精
T02611,C1235,SKU_005,塑膠袋
T02611,C1235,SKU_008,醬油
T02611,C1235,SKU_009,礦泉水
T02611,C1235,SKU_022,巧克力
T02612,C1146,SKU_004,紅酒
T02612,C1146,SKU_006,米
T02612,C1146,SKU_007,可樂
T02612,C1146,SKU_008,醬油
T02612,C1146,SKU_009,礦泉水
T02612,C1146,SKU_010,寶特瓶飲料
T02612,C1146,SKU_012,麵包
T02612,C1146,SKU_018,香蕉
T02613,C0749,SKU_007,可樂
T02613,C0749,SKU_010,寶特瓶飲料
T02614,C1143,SKU_006,米
T02614,C1143,SKU_008,醬油
T02614,C1143,SKU_029,SKU_NEW_001
T02615,C0402,SKU_010,寶特瓶飲料
T02615,C0402,SKU_015,牛奶
T02615,C0402,SKU_022,巧克力
T02615,C0402,SKU_029,SKU_NEW_001
T02616,C0887,SKU_004,紅酒
T02616,C0887,SKU_018,香蕉
T02616,C0887,SKU_028,茶包
T02617,C1291,SKU_009,礦泉水
T02617,C1291,SKU_019,橘子
T02617,C1291,SKU_021,餅乾
T02617,C1291,SKU_024,口香糖
T02618,C0480,SKU_002,起司
T02618,C0480,SKU_004,紅酒
T02618,C0480,SKU_005,塑膠袋
T02618,C0480,SKU_009,礦泉水
T02618,C0480,SKU_026,牙膏
T02618,C0480,SKU_028,茶包
T02619,C0729,SKU_004,紅酒
T02619,C0729,SKU_010,寶特瓶飲料
T02619,C0729,SKU_019,橘子
T02619,C0729,SKU_020,葡萄
T02619,C0729,SKU_021,餅乾
T02619,C0729,SKU_030,SKU_NEW_002
T02620,C1423,SKU_002,起司
T02620,C1423,SKU_004,紅酒
T02620,C1423,SKU_011,杯麵
T02620,C1423,SKU_019,橘子
T02620,C1423,SKU_026,牙膏
T02620,C1423,SKU_028,茶包
T02620,C1423,SKU_030,SKU_NEW_002
T02621,C1184,SKU_007,可樂
T02621,C1184,SKU_009,礦泉水
T02621,C1184,SKU_011,杯麵
T02621,C1184,SKU_019,橘子
T02622,C1321,SKU_005,塑膠袋
T02622,C1321,SKU_016,豆漿
T02622,C1321,SKU_027,洗髮精
T02623,C0582,SKU_030,SKU_NEW_002
T02624,C1495,SKU_009,礦泉水
T02624,C1495,SKU_013,果醬
T02625,C0228,SKU_001,尿布
T02625,C0228,SKU_003,啤酒
T02625,C0228,SKU_005,塑膠袋
T02625,C0228,SKU_006,米
T02625,C0228,SKU_008,醬油
T02625,C0228,SKU_022,巧克力
T02626,C0779,SKU_002,起司
T02626,C0779,SKU_004,紅酒
T02626,C0779,SKU_022,巧克力
T02626,C0779,SKU_027,洗髮精
T02626,C0779,SKU_030,SKU_NEW_002
T02627,C0722,SKU_009,礦泉水
T02627,C0722,SKU_015,牛奶
T02627,C0722,SKU_024,口香糖
T02628,C1185,SKU_001,尿布
T02628,C1185,SKU_003,啤酒
T02628,C1185,SKU_004,紅酒
T02628,C1185,SKU_005,塑膠袋
T02628,C1185,SKU_023,洋芋片
T02628,C1185,SKU_025,衛生紙
T02628,C1185,SKU_027,洗髮精
T02629,C1360,SKU_030,SKU_NEW_002
T02630,C1098,SKU_009,礦泉水
T02630,C1098,SKU_016,豆漿
T02631,C0938,SKU_008,醬油
T02631,C0938,SKU_024,口香糖
T02632,C0650,SKU_008,醬油
T02632,C0650,SKU_009,礦泉水
T02632,C0650,SKU_025,衛生紙
T02632,C0650,SKU_027,洗髮精
T02633,C0767,SKU_016,豆漿
T02633,C0767,SKU_017,蘋果
T02634,C0765,SKU_001,尿布
T02634,C0765,SKU_023,洋芋片
T02635,C0033,SKU_009,礦泉水
T02635,C0033,SKU_021,餅乾
T02635,C0033,SKU_028,茶包
T02636,C0754,SKU_001,尿布
T02636,C0754,SKU_003,啤酒
T02636,C0754,SKU_007,可樂
T02636,C0754,SKU_024,口香糖
T02636,C0754,SKU_029,SKU_NEW_001
T02637,C1276,SKU_005,塑膠袋
T02637,C1276,SKU_007,可樂
T02637,C1276,SKU_012,麵包
T02637,C1276,SKU_028,茶包
T02638,C1070,SKU_005,塑膠袋
T02638,C1070,SKU_011,杯麵
T02638,C1070,SKU_018,香蕉
T02638,C1070,SKU_027,洗髮精
T02639,C1181,SKU_003,啤酒
T02639,C1181,SKU_006,米
T02639,C1181,SKU_007,可樂
T02639,C1181,SKU_008,醬油
T02639,C1181,SKU_010,寶特瓶飲料
T02639,C1181,SKU_023,洋芋片
T02640,C0588,SKU_001,尿布
T02640,C0588,SKU_003,啤酒
T02640,C0588,SKU_004,紅酒
T02640,C0588,SKU_006,米
T02640,C0588,SKU_019,橘子
T02640,C0588,SKU_022,巧克力
T02641,C0793,SKU_009,礦泉水
T02641,C0793,SKU_017,蘋果
T02641,C0793,SKU_019,橘子
T02642,C0047,SKU_002,起司
T02642,C0047,SKU_004,紅酒
T02642,C0047,SKU_027,洗髮精
T02643,C0579,SKU_001,尿布
T02643,C0579,SKU_003,啤酒
T02643,C0579,SKU_005,塑膠袋
T02643,C0579,SKU_007,可樂
T02643,C0579,SKU_009,礦泉水
T02643,C0579,SKU_022,巧克力
T02644,C0717,SKU_001,尿布
T02644,C0717,SKU_004,紅酒
T02645,C0382,SKU_002,起司
T02645,C0382,SKU_004,紅酒
T02646,C0044,SKU_002,起司
T02646,C0044,SKU_004,紅酒
T02646,C0044,SKU_010,寶特瓶飲料
T02646,C0044,SKU_017,蘋果
T02647,C1041,SKU_002,起司
T02647,C1041,SKU_004,紅酒
T02647,C1041,SKU_007,可樂
T02647,C1041,SKU_012,麵包
T02648,C0660,SKU_001,尿布
T02648,C0660,SKU_003,啤酒
T02648,C0660,SKU_020,葡萄
T02649,C0630,SKU_015,牛奶
T02649,C0630,SKU_021,餅乾
T02650,C0374,SKU_007,可樂
T02650,C0374,SKU_016,豆漿
T02651,C0806,SKU_001,尿布
T02651,C0806,SKU_003,啤酒
T02651,C0806,SKU_004,紅酒
T02651,C0806,SKU_024,口香糖
T02652,C0665,SKU_001,尿布
T02652,C0665,SKU_003,啤酒
T02652,C0665,SKU_008,醬油
T02652,C0665,SKU_019,橘子
T02652,C0665,SKU_022,巧克力
T02652,C0665,SKU_023,洋芋片
T02653,C0717,SKU_001,尿布
T02653,C0717,SKU_003,啤酒
T02653,C0717,SKU_007,可樂
T02653,C0717,SKU_019,橘子
T02653,C0717,SKU_025,衛生紙
T02654,C0875,SKU_005,塑膠袋
T02654,C0875,SKU_021,餅乾
T02655,C0011,SKU_002,起司
T02655,C0011,SKU_004,紅酒
T02655,C0011,SKU_008,醬油
T02656,C1358,SKU_003,啤酒
T02656,C1358,SKU_007,可樂
T02657,C0102,SKU_005,塑膠袋
T02657,C0102,SKU_007,可樂
T02657,C0102,SKU_009,礦泉水
T02657,C0102,SKU_010,寶特瓶飲料
T02657,C0102,SKU_022,巧克力
T02658,C0683,SKU_002,起司
T02658,C0683,SKU_012,麵包
T02658,C0683,SKU_018,香蕉
T02659,C0308,SKU_002,起司
T02659,C0308,SKU_006,米
T02659,C0308,SKU_008,醬油
T02659,C0308,SKU_011,杯麵
T02660,C0785,SKU_001,尿布
T02660,C0785,SKU_008,醬油
T02660,C0785,SKU_009,礦泉水
T02660,C0785,SKU_014,雪碧
T02661,C0420,SKU_005,塑膠袋
T02661,C0420,SKU_012,麵包
T02661,C0420,SKU_020,葡萄
T02661,C0420,SKU_021,餅乾
T02661,C0420,SKU_024,口香糖
T02661,C0420,SKU_029,SKU_NEW_001
T02662,C1281,SKU_005,塑膠袋
T02662,C1281,SKU_007,可樂
T02662,C1281,SKU_014,雪碧
T02662,C1281,SKU_019,橘子
T02662,C1281,SKU_021,餅乾
T02662,C1281,SKU_023,洋芋片
T02663,C0603,SKU_010,寶特瓶飲料
T02663,C0603,SKU_025,衛生紙
T02663,C0603,SKU_030,SKU_NEW_002
T02664,C0954,SKU_001,尿布
T02664,C0954,SKU_003,啤酒
T02664,C0954,SKU_004,紅酒
T02664,C0954,SKU_008,醬油
T02664,C0954,SKU_009,礦泉水
T02664,C0954,SKU_011,杯麵
T02664,C0954,SKU_015,牛奶
T02664,C0954,SKU_017,蘋果
T02664,C0954,SKU_025,衛生紙
T02665,C0372,SKU_003,啤酒
T02665,C0372,SKU_006,米
T02665,C0372,SKU_008,醬油
T02666,C0031,SKU_005,塑膠袋
T02666,C0031,SKU_010,寶特瓶飲料
T02666,C0031,SKU_013,果醬
T02666,C0031,SKU_029,SKU_NEW_001
T02667,C0614,SKU_009,礦泉水
T02667,C0614,SKU_018,香蕉
T02668,C0804,SKU_016,豆漿
T02668,C0804,SKU_024,口香糖
T02669,C0696,SKU_029,SKU_NEW_001
T02670,C1442,SKU_002,起司
T02670,C1442,SKU_004,紅酒
T02670,C1442,SKU_007,可樂
T02670,C1442,SKU_009,礦泉水
T02670,C1442,SKU_013,果醬
T02670,C1442,SKU_016,豆漿
T02670,C1442,SKU_023,洋芋片
T02671,C1067,SKU_006,米
T02671,C1067,SKU_007,可樂
T02671,C1067,SKU_008,醬油
T02671,C1067,SKU_009,礦泉水
T02671,C1067,SKU_016,豆漿
T02672,C1494,SKU_002,起司
T02672,C1494,SKU_004,紅酒
T02672,C1494,SKU_011,杯麵
T02672,C1494,SKU_021,餅乾
T02673,C0444,SKU_029,SKU_NEW_001
T02674,C1170,SKU_005,塑膠袋
T02674,C1170,SKU_013,果醬
T02675,C0838,SKU_003,啤酒
T02675,C0838,SKU_011,杯麵
T02675,C0838,SKU_026,牙膏
T02675,C0838,SKU_027,洗髮精
T02676,C0917,SKU_005,塑膠袋
T02676,C0917,SKU_009,礦泉水
T02676,C0917,SKU_010,寶特瓶飲料
T02676,C0917,SKU_018,香蕉
T02677,C1478,SKU_005,塑膠袋
T02677,C1478,SKU_010,寶特瓶飲料
T02678,C0979,SKU_002,起司
T02678,C0979,SKU_004,紅酒
T02678,C0979,SKU_005,塑膠袋
T02678,C0979,SKU_007,可樂
T02678,C0979,SKU_011,杯麵
T02678,C0979,SKU_017,蘋果
T02678,C0979,SKU_030,SKU_NEW_002
T02679,C1342,SKU_005,塑膠袋
T02679,C1342,SKU_009,礦泉水
T02679,C1342,SKU_025,衛生紙
T02680,C1093,SKU_005,塑膠袋
T02680,C1093,SKU_008,醬油
T02680,C1093,SKU_029,SKU_NEW_001
T02681,C0187,SKU_005,塑膠袋
T02681,C0187,SKU_009,礦泉水
T02682,C1058,SKU_001,尿布
T02682,C1058,SKU_006,米
T02682,C1058,SKU_019,橘子
T02682,C1058,SKU_029,SKU_NEW_001
T02683,C0730,SKU_010,寶特瓶飲料
T02683,C0730,SKU_017,蘋果
T02683,C0730,SKU_020,葡萄
T02683,C0730,SKU_026,牙膏
T02683,C0730,SKU_027,洗髮精
T02684,C1377,SKU_006,米
T02684,C1377,SKU_008,醬油
T02685,C1196,SKU_006,米
T02685,C1196,SKU_008,醬油
T02685,C1196,SKU_024,口香糖
T02685,C1196,SKU_026,牙膏
T02685,C1196,SKU_027,洗髮精
T02686,C0149,SKU_002,起司
T02686,C0149,SKU_004,紅酒
T02686,C0149,SKU_013,果醬
T02687,C0196,SKU_004,紅酒
T02687,C0196,SKU_006,米
T02687,C0196,SKU_012,麵包
T02687,C0196,SKU_030,SKU_NEW_002
T02688,C0098,SKU_005,塑膠袋
T02688,C0098,SKU_006,米
T02688,C0098,SKU_008,醬油
T02688,C0098,SKU_015,牛奶
T02688,C0098,SKU_021,餅乾
T02689,C0740,SKU_001,尿布
T02689,C0740,SKU_003,啤酒
T02689,C0740,SKU_008,醬油
T02689,C0740,SKU_027,洗髮精
T02690,C0115,SKU_001,尿布
T02690,C0115,SKU_003,啤酒
T02690,C0115,SKU_010,寶特瓶飲料
T02690,C0115,SKU_012,麵包
T02690,C0115,SKU_015,牛奶
T02690,C0115,SKU_021,餅乾
T02690,C0115,SKU_025,衛生紙
T02690,C0115,SKU_028,茶包
T02691,C1091,SKU_013,果醬
T02692,C0833,SKU_005,塑膠袋
T02692,C0833,SKU_011,杯麵
T02693,C1247,SKU_007,可樂
T02693,C1247,SKU_009,礦泉水
T02693,C1247,SKU_010,寶特瓶飲料
T02693,C1247,SKU_015,牛奶
T02693,C1247,SKU_028,茶包
T02694,C0419,SKU_002,起司
T02694,C0419,SKU_004,紅酒
T02694,C0419,SKU_006,米
T02694,C0419,SKU_008,醬油
T02694,C0419,SKU_013,果醬
T02694,C0419,SKU_016,豆漿
T02694,C0419,SKU_024,口香糖
T02695,C0779,SKU_003,啤酒
T02695,C0779,SKU_026,牙膏
T02696,C0170,SKU_001,尿布
T02696,C0170,SKU_002,起司
T02696,C0170,SKU_003,啤酒
T02696,C0170,SKU_004,紅酒
T02696,C0170,SKU_008,醬油
T02696,C0170,SKU_010,寶特瓶飲料
T02696,C0170,SKU_027,洗髮精
T02697,C1317,SKU_006,米
T02697,C1317,SKU_008,醬油
T02697,C1317,SKU_017,蘋果
T02698,C0262,SKU_002,起司
T02698,C0262,SKU_004,紅酒
T02698,C0262,SKU_006,米
T02698,C0262,SKU_008,醬油
T02698,C0262,SKU_023,洋芋片
T02699,C0146,SKU_006,米
T02699,C0146,SKU_008,醬油
T02699,C0146,SKU_014,雪碧
T02699,C0146,SKU_015,牛奶
T02699,C0146,SKU_016,豆漿
T02699,C0146,SKU_029,SKU_NEW_001
T02700,C0305,SKU_003,啤酒
T02700,C0305,SKU_004,紅酒
T02700,C0305,SKU_006,米
T02700,C0305,SKU_008,醬油
T02700,C0305,SKU_020,葡萄
T02700,C0305,SKU_021,餅乾
T02700,C0305,SKU_027,洗髮精
T02701,C1195,SKU_001,尿布
T02701,C1195,SKU_003,啤酒
T02701,C1195,SKU_013,果醬
T02701,C1195,SKU_021,餅乾
T02702,C0150,SKU_001,尿布
T02702,C0150,SKU_010,寶特瓶飲料
T02702,C0150,SKU_025,衛生紙
T02703,C0919,SKU_004,紅酒
T02703,C0919,SKU_007,可樂
T02703,C0919,SKU_020,葡萄
T02703,C0919,SKU_024,口香糖
T02704,C1116,SKU_002,起司
T02704,C1116,SKU_004,紅酒
T02704,C1116,SKU_007,可樂
T02705,C1121,SKU_001,尿布
T02705,C1121,SKU_003,啤酒
T02705,C1121,SKU_013,果醬
T02705,C1121,SKU_021,餅乾
T02705,C1121,SKU_025,衛生紙
T02705,C1121,SKU_029,SKU_NEW_001
T02705,C1121,SKU_030,SKU_NEW_002
T02706,C0281,SKU_006,米
T02706,C0281,SKU_007,可樂
T02706,C0281,SKU_019,橘子
T02707,C0088,SKU_009,礦泉水
T02707,C0088,SKU_027,洗髮精
T02708,C0681,SKU_001,尿布
T02709,C0302,SKU_003,啤酒
T02709,C0302,SKU_007,可樂
T02709,C0302,SKU_009,礦泉水
T02709,C0302,SKU_029,SKU_NEW_001
T02710,C1058,SKU_003,啤酒
T02710,C1058,SKU_012,麵包
T02710,C1058,SKU_027,洗髮精
T02710,C1058,SKU_029,SKU_NEW_001
T02711,C0537,SKU_007,可樂
T02711,C0537,SKU_010,寶特瓶飲料
T02712,C0681,SKU_028,茶包
T02713,C0162,SKU_009,礦泉水
T02713,C0162,SKU_011,杯麵
T02713,C0162,SKU_015,牛奶
T02714,C0856,SKU_006,米
T02714,C0856,SKU_008,醬油
T02714,C0856,SKU_025,衛生紙
T02715,C0275,SKU_001,尿布
T02715,C0275,SKU_002,起司
T02715,C0275,SKU_004,紅酒
T02715,C0275,SKU_007,可樂
T02715,C0275,SKU_010,寶特瓶飲料
T02716,C1020,SKU_001,尿布
T02716,C1020,SKU_003,啤酒
T02716,C1020,SKU_009,礦泉水
T02716,C1020,SKU_027,洗髮精
T02716,C1020,SKU_028,茶包
T02717,C0102,SKU_005,塑膠袋
T02717,C0102,SKU_007,可樂
T02718,C1461,SKU_007,可樂
T02718,C1461,SKU_016,豆漿
T02719,C1027,SKU_006,米
T02719,C1027,SKU_008,醬油
T02720,C0270,SKU_003,啤酒
T02720,C0270,SKU_007,可樂
T02720,C0270,SKU_011,杯麵
T02720,C0270,SKU_016,豆漿
T02720,C0270,SKU_023,洋芋片
T02721,C0024,SKU_001,尿布
T02721,C0024,SKU_005,塑膠袋
T02721,C0024,SKU_010,寶特瓶飲料
T02721,C0024,SKU_016,豆漿
T02721,C0024,SKU_017,蘋果
T02721,C0024,SKU_021,餅乾
T02722,C0504,SKU_001,尿布
T02722,C0504,SKU_002,起司
T02722,C0504,SKU_003,啤酒
T02722,C0504,SKU_004,紅酒
T02722,C0504,SKU_005,塑膠袋
T02722,C0504,SKU_007,可樂
T02722,C0504,SKU_018,香蕉
T02723,C0229,SKU_005,塑膠袋
T02723,C0229,SKU_014,雪碧
T02724,C0321,SKU_002,起司
T02724,C0321,SKU_023,洋芋片
T02725,C1301,SKU_011,杯麵
T02725,C1301,SKU_015,牛奶
T02726,C0904,SKU_006,米
T02726,C0904,SKU_012,麵包
T02727,C0264,SKU_003,啤酒
T02727,C0264,SKU_014,雪碧
T02727,C0264,SKU_026,牙膏
T02728,C0840,SKU_007,可樂
T02728,C0840,SKU_014,雪碧
T02729,C0382,SKU_021,餅乾
T02729,C0382,SKU_026,牙膏
T02729,C0382,SKU_028,茶包
T02730,C1462,SKU_001,尿布
T02730,C1462,SKU_007,可樂
T02730,C1462,SKU_008,醬油
T02731,C0046,SKU_001,尿布
T02731,C0046,SKU_010,寶特瓶飲料
T02731,C0046,SKU_018,香蕉
T02732,C1099,SKU_001,尿布
T02732,C1099,SKU_003,啤酒
T02732,C1099,SKU_010,寶特瓶飲料
T02732,C1099,SKU_012,麵包
T02732,C1099,SKU_025,衛生紙
T02733,C1149,SKU_003,啤酒
T02733,C1149,SKU_010,寶特瓶飲料
T02734,C0095,SKU_006,米
T02734,C0095,SKU_007,可樂
T02734,C0095,SKU_008,醬油
T02734,C0095,SKU_010,寶特瓶飲料
T02734,C0095,SKU_013,果醬
T02735,C0258,SKU_001,尿布
T02735,C0258,SKU_003,啤酒
T02735,C0258,SKU_007,可樂
T02735,C0258,SKU_023,洋芋片
T02736,C0581,SKU_002,起司
T02736,C0581,SKU_004,紅酒
T02736,C0581,SKU_005,塑膠袋
T02736,C0581,SKU_010,寶特瓶飲料
T02736,C0581,SKU_013,果醬
T02736,C0581,SKU_025,衛生紙
T02736,C0581,SKU_027,洗髮精
T02737,C1293,SKU_002,起司
T02737,C1293,SKU_004,紅酒
T02737,C1293,SKU_010,寶特瓶飲料
T02737,C1293,SKU_014,雪碧
T02737,C1293,SKU_022,巧克力
T02737,C1293,SKU_023,洋芋片
T02738,C0805,SKU_007,可樂
T02738,C0805,SKU_012,麵包
T02738,C0805,SKU_017,蘋果
T02738,C0805,SKU_023,洋芋片
T02739,C0980,SKU_007,可樂
T02739,C0980,SKU_019,橘子
T02739,C0980,SKU_021,餅乾
T02739,C0980,SKU_025,衛生紙
T02740,C1162,SKU_001,尿布
T02740,C1162,SKU_005,塑膠袋
T02740,C1162,SKU_023,洋芋片
T02741,C1236,SKU_005,塑膠袋
T02741,C1236,SKU_006,米
T02741,C1236,SKU_007,可樂
T02741,C1236,SKU_015,牛奶
T02741,C1236,SKU_018,香蕉
T02742,C0719,SKU_008,醬油
T02742,C0719,SKU_012,麵包
T02742,C0719,SKU_023,洋芋片
T02743,C0765,SKU_001,尿布
T02743,C0765,SKU_003,啤酒
T02743,C0765,SKU_005,塑膠袋
T02743,C0765,SKU_012,麵包
T02743,C0765,SKU_024,口香糖
T02743,C0765,SKU_026,牙膏
T02743,C0765,SKU_029,SKU_NEW_001
T02744,C1084,SKU_002,起司
T02744,C1084,SKU_009,礦泉水
T02744,C1084,SKU_010,寶特瓶飲料
T02744,C1084,SKU_017,蘋果
T02744,C1084,SKU_019,橘子
T02744,C1084,SKU_022,巧克力
T02744,C1084,SKU_023,洋芋片
T02744,C1084,SKU_029,SKU_NEW_001
T02745,C0396,SKU_004,紅酒
T02745,C0396,SKU_007,可樂
T02746,C1275,SKU_009,礦泉水
T02746,C1275,SKU_016,豆漿
T02746,C1275,SKU_021,餅乾
T02746,C1275,SKU_026,牙膏
T02747,C0033,SKU_001,尿布
T02747,C0033,SKU_003,啤酒
T02747,C0033,SKU_006,米
T02747,C0033,SKU_008,醬油
T02747,C0033,SKU_012,麵包
T02747,C0033,SKU_013,果醬
T02748,C0292,SKU_001,尿布
T02748,C0292,SKU_004,紅酒
T02748,C0292,SKU_008,醬油
T02748,C0292,SKU_017,蘋果
T02748,C0292,SKU_027,洗髮精
T02749,C1187,SKU_002,起司
T02749,C1187,SKU_007,可樂
T02750,C0515,SKU_009,礦泉水
T02750,C0515,SKU_013,果醬
T02750,C0515,SKU_018,香蕉
T02751,C0224,SKU_001,尿布
T02751,C0224,SKU_003,啤酒
T02751,C0224,SKU_009,礦泉水
T02751,C0224,SKU_010,寶特瓶飲料
T02751,C0224,SKU_019,橘子
T02752,C0277,SKU_001,尿布
T02752,C0277,SKU_003,啤酒
T02752,C0277,SKU_009,礦泉水
T02753,C0795,SKU_005,塑膠袋
T02753,C0795,SKU_006,米
T02753,C0795,SKU_007,可樂
T02753,C0795,SKU_008,醬油
T02753,C0795,SKU_009,礦泉水
T02753,C0795,SKU_010,寶特瓶飲料
T02753,C0795,SKU_029,SKU_NEW_001
T02754,C1263,SKU_001,尿布
T02754,C1263,SKU_003,啤酒
T02754,C1263,SKU_006,米
T02754,C1263,SKU_007,可樂
T02754,C1263,SKU_013,果醬
T02755,C0099,SKU_001,尿布
T02755,C0099,SKU_003,啤酒
T02755,C0099,SKU_005,塑膠袋
T02756,C0044,SKU_001,尿布
T02756,C0044,SKU_003,啤酒
T02756,C0044,SKU_007,可樂
T02756,C0044,SKU_008,醬油
T02756,C0044,SKU_009,礦泉水
T02756,C0044,SKU_010,寶特瓶飲料
T02757,C0704,SKU_007,可樂
T02757,C0704,SKU_008,醬油
T02757,C0704,SKU_009,礦泉水
T02757,C0704,SKU_026,牙膏
T02758,C1431,SKU_009,礦泉水
T02759,C0418,SKU_009,礦泉水
T02759,C0418,SKU_010,寶特瓶飲料
T02759,C0418,SKU_015,牛奶
T02760,C1437,SKU_004,紅酒
T02760,C1437,SKU_011,杯麵
T02760,C1437,SKU_030,SKU_NEW_002
T02761,C1322,SKU_002,起司
T02761,C1322,SKU_008,醬油
T02761,C1322,SKU_009,礦泉水
T02762,C0426,SKU_001,尿布
T02762,C0426,SKU_002,起司
T02762,C0426,SKU_004,紅酒
T02762,C0426,SKU_005,塑膠袋
T02762,C0426,SKU_010,寶特瓶飲料
T02762,C0426,SKU_012,麵包
T02762,C0426,SKU_020,葡萄
T02762,C0426,SKU_022,巧克力
T02763,C1214,SKU_009,礦泉水
T02763,C1214,SKU_018,香蕉
T02763,C1214,SKU_021,餅乾
T02763,C1214,SKU_024,口香糖
T02764,C1031,SKU_001,尿布
T02764,C1031,SKU_003,啤酒
T02764,C1031,SKU_018,香蕉
T02764,C1031,SKU_023,洋芋片
T02764,C1031,SKU_024,口香糖
T02765,C0770,SKU_001,尿布
T02765,C0770,SKU_003,啤酒
T02765,C0770,SKU_005,塑膠袋
T02765,C0770,SKU_029,SKU_NEW_001
T02766,C0643,SKU_002,起司
T02766,C0643,SKU_006,米
T02766,C0643,SKU_008,醬油
T02766,C0643,SKU_010,寶特瓶飲料
T02766,C0643,SKU_013,果醬
T02766,C0643,SKU_014,雪碧
T02766,C0643,SKU_019,橘子
T02766,C0643,SKU_026,牙膏
T02767,C1211,SKU_006,米
T02767,C1211,SKU_008,醬油
T02767,C1211,SKU_013,果醬
T02767,C1211,SKU_015,牛奶
T02767,C1211,SKU_018,香蕉
T02768,C1177,SKU_006,米
T02768,C1177,SKU_015,牛奶
T02768,C1177,SKU_016,豆漿
T02768,C1177,SKU_017,蘋果
T02769,C1130,SKU_009,礦泉水
T02769,C1130,SKU_013,果醬
T02769,C1130,SKU_021,餅乾
T02770,C1497,SKU_001,尿布
T02770,C1497,SKU_002,起司
T02770,C1497,SKU_003,啤酒
T02770,C1497,SKU_010,寶特瓶飲料
T02770,C1497,SKU_011,杯麵
T02771,C0721,SKU_005,塑膠袋
T02771,C0721,SKU_007,可樂
T02771,C0721,SKU_009,礦泉水
T02771,C0721,SKU_010,寶特瓶飲料
T02771,C0721,SKU_016,豆漿
T02772,C1196,SKU_010,寶特瓶飲料
T02772,C1196,SKU_025,衛生紙
T02772,C1196,SKU_027,洗髮精
T02773,C1285,SKU_007,可樂
T02773,C1285,SKU_015,牛奶
T02773,C1285,SKU_026,牙膏
T02774,C0312,SKU_004,紅酒
T02774,C0312,SKU_005,塑膠袋
T02775,C0059,SKU_005,塑膠袋
T02775,C0059,SKU_007,可樂
T02775,C0059,SKU_015,牛奶
T02776,C0614,SKU_002,起司
T02776,C0614,SKU_004,紅酒
T02776,C0614,SKU_005,塑膠袋
T02776,C0614,SKU_006,米
T02776,C0614,SKU_008,醬油
T02776,C0614,SKU_020,葡萄
T02776,C0614,SKU_025,衛生紙
T02777,C1277,SKU_002,起司
T02777,C1277,SKU_004,紅酒
T02777,C1277,SKU_030,SKU_NEW_002
T02778,C0436,SKU_007,可樂
T02778,C0436,SKU_013,果醬
T02778,C0436,SKU_023,洋芋片
T02779,C1059,SKU_001,尿布
T02779,C1059,SKU_005,塑膠袋
T02779,C1059,SKU_006,米
T02779,C1059,SKU_012,麵包
T02780,C0012,SKU_002,起司
T02780,C0012,SKU_004,紅酒
T02780,C0012,SKU_007,可樂
T02780,C0012,SKU_009,礦泉水
T02780,C0012,SKU_026,牙膏
T02781,C0535,SKU_007,可樂
T02781,C0535,SKU_010,寶特瓶飲料
T02781,C0535,SKU_012,麵包
T02781,C0535,SKU_014,雪碧
T02782,C0921,SKU_002,起司
T02782,C0921,SKU_004,紅酒
T02782,C0921,SKU_007,可樂
T02782,C0921,SKU_022,巧克力
T02783,C0192,SKU_001,尿布
T02783,C0192,SKU_003,啤酒
T02783,C0192,SKU_019,橘子
T02784,C1338,SKU_007,可樂
T02785,C0232,SKU_004,紅酒
T02785,C0232,SKU_006,米
T02785,C0232,SKU_008,醬油
T02785,C0232,SKU_010,寶特瓶飲料
T02785,C0232,SKU_011,杯麵
T02785,C0232,SKU_028,茶包
T02786,C1361,SKU_023,洋芋片
T02787,C0319,SKU_002,起司
T02787,C0319,SKU_004,紅酒
T02787,C0319,SKU_011,杯麵
T02787,C0319,SKU_021,餅乾
T02788,C1493,SKU_005,塑膠袋
T02788,C1493,SKU_011,杯麵
T02788,C1493,SKU_013,果醬
T02788,C1493,SKU_023,洋芋片
T02789,C0907,SKU_029,SKU_NEW_001
T02790,C0122,SKU_002,起司
T02790,C0122,SKU_004,紅酒
T02790,C0122,SKU_009,礦泉水
T02790,C0122,SKU_010,寶特瓶飲料
T02791,C0092,SKU_002,起司
T02791,C0092,SKU_004,紅酒
T02791,C0092,SKU_008,醬油
T02791,C0092,SKU_013,果醬
T02791,C0092,SKU_020,葡萄
T02791,C0092,SKU_022,巧克力
T02791,C0092,SKU_027,洗髮精
T02792,C0110,SKU_005,塑膠袋
T02792,C0110,SKU_006,米
T02793,C0888,SKU_002,起司
T02793,C0888,SKU_004,紅酒
T02793,C0888,SKU_010,寶特瓶飲料
T02793,C0888,SKU_013,果醬
T02793,C0888,SKU_014,雪碧
T02793,C0888,SKU_018,香蕉
T02793,C0888,SKU_021,餅乾
T02793,C0888,SKU_030,SKU_NEW_002
T02794,C1202,SKU_009,礦泉水
T02794,C1202,SKU_015,牛奶
T02794,C1202,SKU_017,蘋果
T02794,C1202,SKU_030,SKU_NEW_002
T02795,C0613,SKU_005,塑膠袋
T02795,C0613,SKU_014,雪碧
T02795,C0613,SKU_018,香蕉
T02796,C0674,SKU_006,米
T02796,C0674,SKU_008,醬油
T02796,C0674,SKU_011,杯麵
T02797,C0887,SKU_006,米
T02797,C0887,SKU_022,巧克力
T02798,C0800,SKU_010,寶特瓶飲料
T02798,C0800,SKU_016,豆漿
T02799,C1037,SKU_006,米
T02799,C1037,SKU_008,醬油
T02799,C1037,SKU_010,寶特瓶飲料
T02799,C1037,SKU_029,SKU_NEW_001
T02800,C0715,SKU_001,尿布
T02800,C0715,SKU_003,啤酒
T02800,C0715,SKU_006,米
T02800,C0715,SKU_008,醬油
T02801,C1075,SKU_006,米
T02801,C1075,SKU_007,可樂
T02801,C1075,SKU_008,醬油
T02802,C1495,SKU_005,塑膠袋
T02802,C1495,SKU_021,餅乾
T02803,C0530,SKU_001,尿布
T02803,C0530,SKU_003,啤酒
T02804,C0020,SKU_003,啤酒
T02804,C0020,SKU_008,醬油
T02804,C0020,SKU_014,雪碧
T02804,C0020,SKU_022,巧克力
T02805,C0185,SKU_007,可樂
T02805,C0185,SKU_009,礦泉水
T02805,C0185,SKU_015,牛奶
T02805,C0185,SKU_018,香蕉
T02805,C0185,SKU_019,橘子
T02805,C0185,SKU_028,茶包
T02806,C0836,SKU_006,米
T02806,C0836,SKU_008,醬油
T02806,C0836,SKU_009,礦泉水
T02806,C0836,SKU_018,香蕉
T02806,C0836,SKU_022,巧克力
T02807,C0521,SKU_006,米
T02807,C0521,SKU_007,可樂
T02807,C0521,SKU_008,醬油
T02807,C0521,SKU_016,豆漿
T02807,C0521,SKU_017,蘋果
T02807,C0521,SKU_026,牙膏
T02808,C1406,SKU_007,可樂
T02808,C1406,SKU_012,麵包
T02808,C1406,SKU_025,衛生紙
T02809,C0938,SKU_008,醬油
T02809,C0938,SKU_022,巧克力
T02809,C0938,SKU_025,衛生紙
T02810,C0780,SKU_006,米
T02810,C0780,SKU_008,醬油
T02810,C0780,SKU_009,礦泉水
T02810,C0780,SKU_012,麵包
T02810,C0780,SKU_030,SKU_NEW_002
T02811,C1184,SKU_004,紅酒
T02811,C1184,SKU_010,寶特瓶飲料
T02811,C1184,SKU_011,杯麵
T02811,C1184,SKU_016,豆漿
T02811,C1184,SKU_024,口香糖
T02811,C1184,SKU_025,衛生紙
T02811,C1184,SKU_027,洗髮精
T02812,C0386,SKU_009,礦泉水
T02812,C0386,SKU_011,杯麵
T02812,C0386,SKU_023,洋芋片
T02812,C0386,SKU_024,口香糖
T02813,C1220,SKU_002,起司
T02813,C1220,SKU_004,紅酒
T02813,C1220,SKU_018,香蕉
T02813,C1220,SKU_027,洗髮精
T02813,C1220,SKU_030,SKU_NEW_002
T02814,C0005,SKU_002,起司
T02814,C0005,SKU_004,紅酒
T02814,C0005,SKU_005,塑膠袋
T02814,C0005,SKU_006,米
T02814,C0005,SKU_007,可樂
T02814,C0005,SKU_008,醬油
T02814,C0005,SKU_009,礦泉水
T02814,C0005,SKU_022,巧克力
T02814,C0005,SKU_028,茶包
T02815,C0927,SKU_007,可樂
T02816,C1398,SKU_005,塑膠袋
T02816,C1398,SKU_010,寶特瓶飲料
T02816,C1398,SKU_015,牛奶
T02816,C1398,SKU_017,蘋果
T02817,C1168,SKU_006,米
T02817,C1168,SKU_007,可樂
T02817,C1168,SKU_008,醬油
T02817,C1168,SKU_009,礦泉水
T02817,C1168,SKU_010,寶特瓶飲料
T02817,C1168,SKU_023,洋芋片
T02818,C1273,SKU_007,可樂
T02818,C1273,SKU_010,寶特瓶飲料
T02819,C0603,SKU_005,塑膠袋
T02819,C0603,SKU_006,米
T02819,C0603,SKU_008,醬油
T02819,C0603,SKU_015,牛奶
T02820,C1230,SKU_002,起司
T02820,C1230,SKU_004,紅酒
T02820,C1230,SKU_009,礦泉水
T02820,C1230,SKU_030,SKU_NEW_002
T02821,C0830,SKU_001,尿布
T02821,C0830,SKU_003,啤酒
T02821,C0830,SKU_004,紅酒
T02821,C0830,SKU_011,杯麵
T02821,C0830,SKU_021,餅乾
T02821,C0830,SKU_026,牙膏
T02822,C0925,SKU_007,可樂
T02822,C0925,SKU_009,礦泉水
T02822,C0925,SKU_018,香蕉
T02823,C0084,SKU_001,尿布
T02823,C0084,SKU_002,起司
T02823,C0084,SKU_003,啤酒
T02823,C0084,SKU_004,紅酒
T02823,C0084,SKU_005,塑膠袋
T02823,C0084,SKU_028,茶包
T02824,C0301,SKU_006,米
T02824,C0301,SKU_007,可樂
T02824,C0301,SKU_013,果醬
T02825,C0830,SKU_002,起司
T02825,C0830,SKU_004,紅酒
T02825,C0830,SKU_008,醬油
T02825,C0830,SKU_010,寶特瓶飲料
T02825,C0830,SKU_013,果醬
T02825,C0830,SKU_017,蘋果
T02825,C0830,SKU_022,巧克力
T02825,C0830,SKU_026,牙膏
T02826,C0083,SKU_006,米
T02826,C0083,SKU_007,可樂
T02826,C0083,SKU_008,醬油
T02826,C0083,SKU_010,寶特瓶飲料
T02826,C0083,SKU_011,杯麵
T02826,C0083,SKU_019,橘子
T02827,C1111,SKU_002,起司
T02827,C1111,SKU_005,塑膠袋
T02827,C1111,SKU_007,可樂
T02827,C1111,SKU_026,牙膏
T02828,C1254,SKU_010,寶特瓶飲料
T02828,C1254,SKU_023,洋芋片
T02828,C1254,SKU_027,洗髮精
T02829,C1380,SKU_006,米
T02829,C1380,SKU_008,醬油
T02829,C1380,SKU_010,寶特瓶飲料
T02829,C1380,SKU_025,衛生紙
T02830,C0145,SKU_010,寶特瓶飲料
T02830,C0145,SKU_022,巧克力
T02831,C1406,SKU_010,寶特瓶飲料
T02831,C1406,SKU_024,口香糖
T02831,C1406,SKU_028,茶包
T02832,C0096,SKU_002,起司
T02832,C0096,SKU_009,礦泉水
T02832,C0096,SKU_020,葡萄
T02833,C0717,SKU_009,礦泉水
T02833,C0717,SKU_011,杯麵
T02833,C0717,SKU_023,洋芋片
T02834,C1254,SKU_006,米
T02834,C1254,SKU_007,可樂
T02834,C1254,SKU_008,醬油
T02835,C0099,SKU_006,米
T02835,C0099,SKU_007,可樂
T02835,C0099,SKU_008,醬油
T02835,C0099,SKU_010,寶特瓶飲料
T02835,C0099,SKU_030,SKU_NEW_002
T02836,C0030,SKU_008,醬油
T02836,C0030,SKU_015,牛奶
T02836,C0030,SKU_016,豆漿
T02836,C0030,SKU_019,橘子
T02836,C0030,SKU_027,洗髮精
T02837,C0037,SKU_004,紅酒
T02837,C0037,SKU_006,米
T02837,C0037,SKU_008,醬油
T02837,C0037,SKU_009,礦泉水
T02837,C0037,SKU_012,麵包
T02837,C0037,SKU_020,葡萄
T02838,C0770,SKU_001,尿布
T02838,C0770,SKU_002,起司
T02838,C0770,SKU_003,啤酒
T02838,C0770,SKU_004,紅酒
T02838,C0770,SKU_008,醬油
T02838,C0770,SKU_011,杯麵
T02838,C0770,SKU_021,餅乾
T02838,C0770,SKU_022,巧克力
T02839,C1204,SKU_006,米
T02839,C1204,SKU_008,醬油
T02839,C1204,SKU_016,豆漿
T02839,C1204,SKU_024,口香糖
T02840,C0187,SKU_007,可樂
T02840,C0187,SKU_020,葡萄
T02841,C0182,SKU_019,橘子
T02842,C0857,SKU_004,紅酒
T02842,C0857,SKU_005,塑膠袋
T02842,C0857,SKU_025,衛生紙
T02842,C0857,SKU_026,牙膏
T02843,C0351,SKU_002,起司
T02843,C0351,SKU_009,礦泉水
T02844,C1098,SKU_024,口香糖
T02844,C1098,SKU_026,牙膏
T02845,C1421,SKU_001,尿布
T02845,C1421,SKU_007,可樂
T02845,C1421,SKU_010,寶特瓶飲料
T02845,C1421,SKU_029,SKU_NEW_001
T02846,C1142,SKU_001,尿布
T02846,C1142,SKU_026,牙膏
T02847,C1307,SKU_006,米
T02847,C1307,SKU_007,可樂
T02847,C1307,SKU_008,醬油
T02847,C1307,SKU_010,寶特瓶飲料
T02848,C0779,SKU_009,礦泉水
T02848,C0779,SKU_010,寶特瓶飲料
T02848,C0779,SKU_011,杯麵
T02848,C0779,SKU_018,香蕉
T02848,C0779,SKU_021,餅乾
T02848,C0779,SKU_023,洋芋片
T02848,C0779,SKU_027,洗髮精
T02849,C1241,SKU_001,尿布
T02849,C1241,SKU_010,寶特瓶飲料
T02849,C1241,SKU_017,蘋果
T02850,C0271,SKU_016,豆漿
T02851,C0097,SKU_005,塑膠袋
T02851,C0097,SKU_009,礦泉水
T02851,C0097,SKU_024,口香糖
T02852,C0982,SKU_002,起司
T02852,C0982,SKU_006,米
T02852,C0982,SKU_008,醬油
T02852,C0982,SKU_013,果醬
T02852,C0982,SKU_015,牛奶
T02852,C0982,SKU_018,香蕉
T02852,C0982,SKU_019,橘子
T02852,C0982,SKU_028,茶包
T02853,C0074,SKU_004,紅酒
T02853,C0074,SKU_005,塑膠袋
T02853,C0074,SKU_011,杯麵
T02853,C0074,SKU_018,香蕉
T02854,C1329,SKU_011,杯麵
T02854,C1329,SKU_024,口香糖
T02854,C1329,SKU_029,SKU_NEW_001
T02855,C1042,SKU_001,尿布
T02855,C1042,SKU_010,寶特瓶飲料
T02855,C1042,SKU_015,牛奶
T02855,C1042,SKU_030,SKU_NEW_002
T02856,C1426,SKU_001,尿布
T02856,C1426,SKU_003,啤酒
T02856,C1426,SKU_008,醬油
T02857,C0474,SKU_001,尿布
T02857,C0474,SKU_005,塑膠袋
T02857,C0474,SKU_007,可樂
T02857,C0474,SKU_021,餅乾
T02857,C0474,SKU_022,巧克力
T02857,C0474,SKU_026,牙膏
T02857,C0474,SKU_028,茶包
T02857,C0474,SKU_030,SKU_NEW_002
T02858,C0731,SKU_001,尿布
T02858,C0731,SKU_006,米
T02858,C0731,SKU_008,醬油
T02858,C0731,SKU_016,豆漿
T02859,C1111,SKU_003,啤酒
T02859,C1111,SKU_008,醬油
T02859,C1111,SKU_009,礦泉水
T02859,C1111,SKU_028,茶包
T02860,C0365,SKU_001,尿布
T02860,C0365,SKU_016,豆漿
T02860,C0365,SKU_018,香蕉
T02860,C0365,SKU_019,橘子
T02860,C0365,SKU_029,SKU_NEW_001
T02861,C0812,SKU_009,礦泉水
T02861,C0812,SKU_010,寶特瓶飲料
T02861,C0812,SKU_014,雪碧
T02862,C0988,SKU_007,可樂
T02862,C0988,SKU_008,醬油
T02862,C0988,SKU_028,茶包
T02863,C1467,SKU_001,尿布
T02863,C1467,SKU_018,香蕉
T02863,C1467,SKU_023,洋芋片
T02864,C1114,SKU_002,起司
T02864,C1114,SKU_004,紅酒
T02864,C1114,SKU_009,礦泉水
T02864,C1114,SKU_019,橘子
T02864,C1114,SKU_021,餅乾
T02864,C1114,SKU_030,SKU_NEW_002
T02865,C0171,SKU_008,醬油
T02865,C0171,SKU_016,豆漿
T02865,C0171,SKU_026,牙膏
T02865,C0171,SKU_027,洗髮精
T02866,C0718,SKU_007,可樂
T02866,C0718,SKU_010,寶特瓶飲料
T02866,C0718,SKU_015,牛奶
T02866,C0718,SKU_030,SKU_NEW_002
T02867,C0885,SKU_001,尿布
T02867,C0885,SKU_003,啤酒
T02867,C0885,SKU_020,葡萄
T02867,C0885,SKU_028,茶包
T02868,C0219,SKU_002,起司
T02868,C0219,SKU_004,紅酒
T02868,C0219,SKU_010,寶特瓶飲料
T02868,C0219,SKU_012,麵包
T02868,C0219,SKU_013,果醬
T02868,C0219,SKU_027,洗髮精
T02869,C0658,SKU_001,尿布
T02869,C0658,SKU_012,麵包
T02869,C0658,SKU_016,豆漿
T02869,C0658,SKU_028,茶包
T02870,C0427,SKU_009,礦泉水
T02871,C0171,SKU_004,紅酒
T02871,C0171,SKU_015,牛奶
T02871,C0171,SKU_028,茶包
T02872,C0770,SKU_006,米
T02872,C0770,SKU_012,麵包
T02873,C0248,SKU_003,啤酒
T02873,C0248,SKU_015,牛奶
T02873,C0248,SKU_025,衛生紙
T02873,C0248,SKU_028,茶包
T02873,C0248,SKU_030,SKU_NEW_002
T02874,C0889,SKU_010,寶特瓶飲料
T02874,C0889,SKU_012,麵包
T02874,C0889,SKU_013,果醬
T02874,C0889,SKU_025,衛生紙
T02874,C0889,SKU_030,SKU_NEW_002
T02875,C0255,SKU_005,塑膠袋
T02875,C0255,SKU_017,蘋果
T02875,C0255,SKU_022,巧克力
T02875,C0255,SKU_025,衛生紙
T02875,C0255,SKU_027,洗髮精
T02875,C0255,SKU_030,SKU_NEW_002
T02876,C1091,SKU_005,塑膠袋
T02876,C1091,SKU_018,香蕉
T02876,C1091,SKU_027,洗髮精
T02876,C1091,SKU_029,SKU_NEW_001
T02877,C0291,SKU_004,紅酒
T02877,C0291,SKU_005,塑膠袋
T02877,C0291,SKU_007,可樂
T02877,C0291,SKU_009,礦泉水
T02877,C0291,SKU_011,杯麵
T02877,C0291,SKU_013,果醬
T02877,C0291,SKU_030,SKU_NEW_002
T02878,C1337,SKU_001,尿布
T02878,C1337,SKU_003,啤酒
T02878,C1337,SKU_014,雪碧
T02879,C0038,SKU_004,紅酒
T02879,C0038,SKU_006,米
T02879,C0038,SKU_007,可樂
T02879,C0038,SKU_008,醬油
T02879,C0038,SKU_027,洗髮精
T02880,C0783,SKU_004,紅酒
T02880,C0783,SKU_010,寶特瓶飲料
T02880,C0783,SKU_014,雪碧
T02880,C0783,SKU_021,餅乾
T02880,C0783,SKU_026,牙膏
T02880,C0783,SKU_030,SKU_NEW_002
T02881,C0482,SKU_002,起司
T02881,C0482,SKU_010,寶特瓶飲料
T02881,C0482,SKU_017,蘋果
T02881,C0482,SKU_022,巧克力
T02881,C0482,SKU_026,牙膏
T02882,C0333,SKU_001,尿布
T02882,C0333,SKU_009,礦泉水
T02882,C0333,SKU_010,寶特瓶飲料
T02882,C0333,SKU_021,餅乾
T02883,C0715,SKU_005,塑膠袋
T02883,C0715,SKU_010,寶特瓶飲料
T02883,C0715,SKU_013,果醬
T02883,C0715,SKU_014,雪碧
T02884,C1256,SKU_002,起司
T02884,C1256,SKU_004,紅酒
T02884,C1256,SKU_011,杯麵
T02884,C1256,SKU_014,雪碧
T02885,C1372,SKU_001,尿布
T02885,C1372,SKU_003,啤酒
T02885,C1372,SKU_005,塑膠袋
T02885,C1372,SKU_009,礦泉水
T02886,C0459,SKU_010,寶特瓶飲料
T02886,C0459,SKU_011,杯麵
T02887,C0230,SKU_010,寶特瓶飲料
T02888,C1087,SKU_001,尿布
T02888,C1087,SKU_002,起司
T02888,C1087,SKU_004,紅酒
T02888,C1087,SKU_010,寶特瓶飲料
T02888,C1087,SKU_015,牛奶
T02888,C1087,SKU_019,橘子
T02888,C1087,SKU_028,茶包
T02889,C0878,SKU_002,起司
T02889,C0878,SKU_004,紅酒
T02889,C0878,SKU_010,寶特瓶飲料
T02889,C0878,SKU_017,蘋果
T02890,C0300,SKU_001,尿布
T02890,C0300,SKU_003,啤酒
T02890,C0300,SKU_008,醬油
T02890,C0300,SKU_012,麵包
T02890,C0300,SKU_013,果醬
T02890,C0300,SKU_014,雪碧
T02891,C1133,SKU_030,SKU_NEW_002
T02892,C0779,SKU_006,米
T02892,C0779,SKU_009,礦泉水
T02892,C0779,SKU_016,豆漿
T02893,C0978,SKU_006,米
T02893,C0978,SKU_008,醬油
T02893,C0978,SKU_020,葡萄
T02893,C0978,SKU_025,衛生紙
T02894,C0540,SKU_001,尿布
T02894,C0540,SKU_002,起司
T02894,C0540,SKU_004,紅酒
T02894,C0540,SKU_007,可樂
T02894,C0540,SKU_020,葡萄
T02895,C0667,SKU_009,礦泉水
T02895,C0667,SKU_010,寶特瓶飲料
T02895,C0667,SKU_017,蘋果
T02896,C0268,SKU_005,塑膠袋
T02896,C0268,SKU_007,可樂
T02896,C0268,SKU_009,礦泉水
T02897,C1129,SKU_004,紅酒
T02897,C1129,SKU_009,礦泉水
T02897,C1129,SKU_017,蘋果
T02897,C1129,SKU_018,香蕉
T02898,C0234,SKU_002,起司
T02898,C0234,SKU_004,紅酒
T02898,C0234,SKU_010,寶特瓶飲料
T02899,C1154,SKU_002,起司
T02899,C1154,SKU_004,紅酒
T02899,C1154,SKU_018,香蕉
T02900,C1184,SKU_001,尿布
T02900,C1184,SKU_028,茶包
T02900,C1184,SKU_030,SKU_NEW_002
T02901,C1116,SKU_003,啤酒
T02901,C1116,SKU_005,塑膠袋
T02901,C1116,SKU_011,杯麵
T02901,C1116,SKU_018,香蕉
T02902,C0031,SKU_006,米
T02902,C0031,SKU_008,醬油
T02902,C0031,SKU_012,麵包
T02902,C0031,SKU_017,蘋果
T02902,C0031,SKU_024,口香糖
T02903,C0409,SKU_007,可樂
T02903,C0409,SKU_017,蘋果
T02903,C0409,SKU_023,洋芋片
T02904,C0710,SKU_010,寶特瓶飲料
T02904,C0710,SKU_019,橘子
T02904,C0710,SKU_029,SKU_NEW_001
T02905,C0895,SKU_009,礦泉水
T02905,C0895,SKU_014,雪碧
T02905,C0895,SKU_028,茶包
T02906,C1377,SKU_005,塑膠袋
T02906,C1377,SKU_006,米
T02906,C1377,SKU_027,洗髮精
T02907,C0567,SKU_004,紅酒
T02907,C0567,SKU_006,米
T02907,C0567,SKU_010,寶特瓶飲料
T02908,C1304,SKU_006,米
T02908,C1304,SKU_008,醬油
T02908,C1304,SKU_009,礦泉水
T02909,C0245,SKU_009,礦泉水
T02909,C0245,SKU_026,牙膏
T02909,C0245,SKU_029,SKU_NEW_001
T02910,C0557,SKU_021,餅乾
T02911,C0074,SKU_006,米
T02911,C0074,SKU_009,礦泉水
T02911,C0074,SKU_027,洗髮精
T02912,C1112,SKU_012,麵包
T02912,C1112,SKU_025,衛生紙
T02913,C0225,SKU_007,可樂
T02913,C0225,SKU_010,寶特瓶飲料
T02914,C0385,SKU_001,尿布
T02914,C0385,SKU_003,啤酒
T02914,C0385,SKU_004,紅酒
T02914,C0385,SKU_006,米
T02914,C0385,SKU_008,醬油
T02914,C0385,SKU_010,寶特瓶飲料
T02914,C0385,SKU_019,橘子
T02914,C0385,SKU_023,洋芋片
T02914,C0385,SKU_026,牙膏
T02914,C0385,SKU_030,SKU_NEW_002
T02915,C1151,SKU_006,米
T02915,C1151,SKU_008,醬油
T02915,C1151,SKU_030,SKU_NEW_002
T02916,C0802,SKU_001,尿布
T02916,C0802,SKU_003,啤酒
T02916,C0802,SKU_005,塑膠袋
T02916,C0802,SKU_014,雪碧
T02916,C0802,SKU_023,洋芋片
T02917,C0023,SKU_007,可樂
T02917,C0023,SKU_010,寶特瓶飲料
T02917,C0023,SKU_017,蘋果
T02918,C0005,SKU_011,杯麵
T02918,C0005,SKU_021,餅乾
T02918,C0005,SKU_022,巧克力
T02918,C0005,SKU_025,衛生紙
T02918,C0005,SKU_027,洗髮精
T02918,C0005,SKU_028,茶包
T02919,C0768,SKU_005,塑膠袋
T02919,C0768,SKU_008,醬油
T02919,C0768,SKU_028,茶包
T02919,C0768,SKU_030,SKU_NEW_002
T02920,C0462,SKU_009,礦泉水
T02920,C0462,SKU_010,寶特瓶飲料
T02920,C0462,SKU_027,洗髮精
T02921,C0268,SKU_004,紅酒
T02921,C0268,SKU_005,塑膠袋
T02921,C0268,SKU_007,可樂
T02921,C0268,SKU_008,醬油
T02921,C0268,SKU_009,礦泉水
T02921,C0268,SKU_020,葡萄
T02922,C0919,SKU_004,紅酒
T02922,C0919,SKU_007,可樂
T02922,C0919,SKU_009,礦泉水
T02922,C0919,SKU_014,雪碧
T02922,C0919,SKU_019,橘子
T02922,C0919,SKU_025,衛生紙
T02923,C0338,SKU_006,米
T02923,C0338,SKU_010,寶特瓶飲料
T02923,C0338,SKU_017,蘋果
T02923,C0338,SKU_018,香蕉
T02923,C0338,SKU_023,洋芋片
T02923,C0338,SKU_028,茶包
T02924,C0890,SKU_005,塑膠袋
T02924,C0890,SKU_006,米
T02924,C0890,SKU_008,醬油
T02924,C0890,SKU_010,寶特瓶飲料
T02924,C0890,SKU_019,橘子
T02924,C0890,SKU_024,口香糖
T02925,C0574,SKU_006,米
T02925,C0574,SKU_008,醬油
T02925,C0574,SKU_010,寶特瓶飲料
T02926,C0277,SKU_004,紅酒
T02926,C0277,SKU_006,米
T02926,C0277,SKU_008,醬油
T02926,C0277,SKU_010,寶特瓶飲料
T02926,C0277,SKU_012,麵包
T02926,C0277,SKU_013,果醬
T02926,C0277,SKU_014,雪碧
T02926,C0277,SKU_021,餅乾
T02927,C0202,SKU_001,尿布
T02927,C0202,SKU_003,啤酒
T02927,C0202,SKU_004,紅酒
T02927,C0202,SKU_005,塑膠袋
T02928,C0356,SKU_005,塑膠袋
T02928,C0356,SKU_016,豆漿
T02928,C0356,SKU_028,茶包
T02928,C0356,SKU_029,SKU_NEW_001
T02928,C0356,SKU_030,SKU_NEW_002
T02929,C0043,SKU_002,起司
T02929,C0043,SKU_012,麵包
T02929,C0043,SKU_028,茶包
T02930,C0466,SKU_006,米
T02930,C0466,SKU_008,醬油
T02930,C0466,SKU_027,洗髮精
T02931,C1349,SKU_001,尿布
T02931,C1349,SKU_002,起司
T02931,C1349,SKU_003,啤酒
T02931,C1349,SKU_004,紅酒
T02931,C1349,SKU_008,醬油
T02931,C1349,SKU_009,礦泉水
T02931,C1349,SKU_028,茶包
T02931,C1349,SKU_030,SKU_NEW_002
T02932,C1240,SKU_001,尿布
T02932,C1240,SKU_002,起司
T02932,C1240,SKU_004,紅酒
T02932,C1240,SKU_005,塑膠袋
T02932,C1240,SKU_007,可樂
T02932,C1240,SKU_009,礦泉水
T02932,C1240,SKU_030,SKU_NEW_002
T02933,C0558,SKU_007,可樂
T02933,C0558,SKU_015,牛奶
T02933,C0558,SKU_022,巧克力
T02933,C0558,SKU_030,SKU_NEW_002
T02934,C0865,SKU_001,尿布
T02934,C0865,SKU_003,啤酒
T02934,C0865,SKU_005,塑膠袋
T02934,C0865,SKU_008,醬油
T02934,C0865,SKU_011,杯麵
T02935,C0855,SKU_007,可樂
T02935,C0855,SKU_008,醬油
T02935,C0855,SKU_009,礦泉水
T02935,C0855,SKU_012,麵包
T02935,C0855,SKU_015,牛奶
T02935,C0855,SKU_029,SKU_NEW_001
T02936,C1236,SKU_002,起司
T02936,C1236,SKU_009,礦泉水
T02936,C1236,SKU_010,寶特瓶飲料
T02936,C1236,SKU_013,果醬
T02936,C1236,SKU_029,SKU_NEW_001
T02937,C0353,SKU_004,紅酒
T02938,C0447,SKU_005,塑膠袋
T02938,C0447,SKU_019,橘子
T02938,C0447,SKU_026,牙膏
T02938,C0447,SKU_027,洗髮精
T02938,C0447,SKU_028,茶包
T02939,C0457,SKU_007,可樂
T02939,C0457,SKU_028,茶包
T02940,C0057,SKU_001,尿布
T02940,C0057,SKU_002,起司
T02940,C0057,SKU_004,紅酒
T02940,C0057,SKU_007,可樂
T02940,C0057,SKU_010,寶特瓶飲料
T02940,C0057,SKU_022,巧克力
T02941,C0476,SKU_004,紅酒
T02941,C0476,SKU_005,塑膠袋
T02941,C0476,SKU_007,可樂
T02941,C0476,SKU_008,醬油
T02941,C0476,SKU_012,麵包
T02941,C0476,SKU_023,洋芋片
T02942,C1308,SKU_001,尿布
T02942,C1308,SKU_003,啤酒
T02942,C1308,SKU_014,雪碧
T02942,C1308,SKU_029,SKU_NEW_001
T02943,C1365,SKU_002,起司
T02943,C1365,SKU_004,紅酒
T02943,C1365,SKU_010,寶特瓶飲料
T02944,C0157,SKU_001,尿布
T02944,C0157,SKU_003,啤酒
T02944,C0157,SKU_011,杯麵
T02944,C0157,SKU_023,洋芋片
T02944,C0157,SKU_026,牙膏
T02945,C0692,SKU_022,巧克力
T02946,C0578,SKU_001,尿布
T02946,C0578,SKU_002,起司
T02946,C0578,SKU_003,啤酒
T02946,C0578,SKU_010,寶特瓶飲料
T02946,C0578,SKU_014,雪碧
T02946,C0578,SKU_023,洋芋片
T02947,C0736,SKU_001,尿布
T02947,C0736,SKU_013,果醬
T02948,C0838,SKU_005,塑膠袋
T02948,C0838,SKU_017,蘋果
T02949,C0033,SKU_009,礦泉水
T02949,C0033,SKU_011,杯麵
T02949,C0033,SKU_013,果醬
T02949,C0033,SKU_027,洗髮精
T02949,C0033,SKU_029,SKU_NEW_001
T02950,C1256,SKU_011,杯麵
T02950,C1256,SKU_015,牛奶
T02951,C1459,SKU_005,塑膠袋
T02952,C0978,SKU_007,可樂
T02952,C0978,SKU_027,洗髮精
T02953,C0991,SKU_015,牛奶
T02953,C0991,SKU_024,口香糖
T02954,C0791,SKU_005,塑膠袋
T02954,C0791,SKU_006,米
T02954,C0791,SKU_014,雪碧
T02954,C0791,SKU_020,葡萄
T02955,C0504,SKU_008,醬油
T02955,C0504,SKU_025,衛生紙
T02956,C0223,SKU_023,洋芋片
T02957,C0879,SKU_004,紅酒
T02957,C0879,SKU_007,可樂
T02957,C0879,SKU_016,豆漿
T02958,C0063,SKU_001,尿布
T02958,C0063,SKU_003,啤酒
T02958,C0063,SKU_005,塑膠袋
T02958,C0063,SKU_010,寶特瓶飲料
T02958,C0063,SKU_013,果醬
T02958,C0063,SKU_014,雪碧
T02959,C1231,SKU_001,尿布
T02959,C1231,SKU_003,啤酒
T02959,C1231,SKU_008,醬油
T02959,C1231,SKU_018,香蕉
T02960,C0639,SKU_002,起司
T02960,C0639,SKU_005,塑膠袋
T02960,C0639,SKU_007,可樂
T02960,C0639,SKU_022,巧克力
T02960,C0639,SKU_025,衛生紙
T02961,C0629,SKU_001,尿布
T02961,C0629,SKU_003,啤酒
T02961,C0629,SKU_009,礦泉水
T02961,C0629,SKU_017,蘋果
T02961,C0629,SKU_024,口香糖
T02961,C0629,SKU_027,洗髮精
T02962,C0494,SKU_003,啤酒
T02962,C0494,SKU_005,塑膠袋
T02962,C0494,SKU_007,可樂
T02962,C0494,SKU_009,礦泉水
T02962,C0494,SKU_020,葡萄
T02963,C1451,SKU_006,米
T02963,C1451,SKU_007,可樂
T02963,C1451,SKU_008,醬油
T02963,C1451,SKU_009,礦泉水
T02963,C1451,SKU_014,雪碧
T02963,C1451,SKU_023,洋芋片
T02963,C1451,SKU_025,衛生紙
T02964,C0262,SKU_001,尿布
T02964,C0262,SKU_003,啤酒
T02964,C0262,SKU_004,紅酒
T02965,C0227,SKU_023,洋芋片
T02965,C0227,SKU_026,牙膏
T02966,C0248,SKU_004,紅酒
T02966,C0248,SKU_005,塑膠袋
T02967,C0986,SKU_005,塑膠袋
T02967,C0986,SKU_009,礦泉水
T02967,C0986,SKU_013,果醬
T02967,C0986,SKU_014,雪碧
T02968,C1489,SKU_006,米
T02968,C1489,SKU_007,可樂
T02969,C0352,SKU_021,餅乾
T02970,C1354,SKU_002,起司
T02970,C1354,SKU_004,紅酒
T02970,C1354,SKU_010,寶特瓶飲料
T02970,C1354,SKU_019,橘子
T02970,C1354,SKU_020,葡萄
T02971,C0416,SKU_005,塑膠袋
T02971,C0416,SKU_010,寶特瓶飲料
T02971,C0416,SKU_025,衛生紙
T02971,C0416,SKU_028,茶包
T02972,C0970,SKU_004,紅酒
T02972,C0970,SKU_007,可樂
T02972,C0970,SKU_014,雪碧
T02972,C0970,SKU_015,牛奶
T02973,C0057,SKU_007,可樂
T02973,C0057,SKU_027,洗髮精
T02973,C0057,SKU_030,SKU_NEW_002
T02974,C0742,SKU_005,塑膠袋
T02974,C0742,SKU_009,礦泉水
T02974,C0742,SKU_013,果醬
T02975,C0980,SKU_002,起司
T02975,C0980,SKU_010,寶特瓶飲料
T02975,C0980,SKU_030,SKU_NEW_002
T02976,C0804,SKU_017,蘋果
T02976,C0804,SKU_030,SKU_NEW_002
T02977,C0357,SKU_006,米
T02977,C0357,SKU_008,醬油
T02977,C0357,SKU_012,麵包
T02977,C0357,SKU_017,蘋果
T02977,C0357,SKU_024,口香糖
T02977,C0357,SKU_025,衛生紙
T02978,C1236,SKU_001,尿布
T02978,C1236,SKU_003,啤酒
T02978,C1236,SKU_009,礦泉水
T02978,C1236,SKU_014,雪碧
T02978,C1236,SKU_019,橘子
T02978,C1236,SKU_021,餅乾
T02978,C1236,SKU_028,茶包
T02979,C1453,SKU_001,尿布
T02979,C1453,SKU_010,寶特瓶飲料
T02979,C1453,SKU_025,衛生紙
T02980,C0695,SKU_001,尿布
T02980,C0695,SKU_003,啤酒
T02980,C0695,SKU_010,寶特瓶飲料
T02980,C0695,SKU_022,巧克力
T02981,C0951,SKU_004,紅酒
T02981,C0951,SKU_009,礦泉水
T02982,C1173,SKU_016,豆漿
T02982,C1173,SKU_019,橘子
T02982,C1173,SKU_027,洗髮精
T02983,C0363,SKU_005,塑膠袋
T02983,C0363,SKU_007,可樂
T02983,C0363,SKU_011,杯麵
T02983,C0363,SKU_013,果醬
T02984,C1290,SKU_012,麵包
T02984,C1290,SKU_027,洗髮精
T02985,C0420,SKU_001,尿布
T02985,C0420,SKU_002,起司
T02985,C0420,SKU_004,紅酒
T02985,C0420,SKU_009,礦泉水
T02985,C0420,SKU_019,橘子
T02986,C1152,SKU_003,啤酒
T02986,C1152,SKU_006,米
T02986,C1152,SKU_009,礦泉水
T02987,C0161,SKU_002,起司
T02987,C0161,SKU_004,紅酒
T02987,C0161,SKU_005,塑膠袋
T02987,C0161,SKU_006,米
T02987,C0161,SKU_008,醬油
T02987,C0161,SKU_009,礦泉水
T02987,C0161,SKU_010,寶特瓶飲料
T02987,C0161,SKU_020,葡萄
T02988,C0434,SKU_005,塑膠袋
T02988,C0434,SKU_009,礦泉水
T02988,C0434,SKU_015,牛奶
T02988,C0434,SKU_017,蘋果
T02989,C0801,SKU_006,米
T02989,C0801,SKU_008,醬油
T02990,C0786,SKU_002,起司
T02990,C0786,SKU_004,紅酒
T02990,C0786,SKU_009,礦泉水
T02990,C0786,SKU_010,寶特瓶飲料
T02990,C0786,SKU_019,橘子
T02991,C1268,SKU_006,米
T02991,C1268,SKU_008,醬油
T02991,C1268,SKU_010,寶特瓶飲料
T02991,C1268,SKU_018,香蕉
T02991,C1268,SKU_022,巧克力
T02991,C1268,SKU_023,洋芋片
T02991,C1268,SKU_028,茶包
T02992,C1494,SKU_015,牛奶
T02993,C0154,SKU_029,SKU_NEW_001
T02994,C0408,SKU_016,豆漿
T02995,C0538,SKU_008,醬油
T02995,C0538,SKU_009,礦泉水
T02995,C0538,SKU_011,杯麵
T02995,C0538,SKU_014,雪碧
T02995,C0538,SKU_018,香蕉
T02995,C0538,SKU_026,牙膏
T02996,C0721,SKU_005,塑膠袋
T02996,C0721,SKU_011,杯麵
T02996,C0721,SKU_017,蘋果
T02996,C0721,SKU_026,牙膏
T02996,C0721,SKU_028,茶包
T02997,C0741,SKU_001,尿布
T02997,C0741,SKU_003,啤酒
T02997,C0741,SKU_006,米
T02997,C0741,SKU_021,餅乾
T02997,C0741,SKU_024,口香糖
T02998,C1276,SKU_017,蘋果
T02998,C1276,SKU_019,橘子
T02998,C1276,SKU_023,洋芋片
T02999,C1145,SKU_001,尿布
T02999,C1145,SKU_002,起司
T02999,C1145,SKU_004,紅酒
T02999,C1145,SKU_007,可樂
T02999,C1145,SKU_010,寶特瓶飲料
T02999,C1145,SKU_022,巧克力
T03000,C0031,SKU_012,麵包
T03001,C0688,SKU_001,尿布
T03001,C0688,SKU_003,啤酒
T03001,C0688,SKU_010,寶特瓶飲料
T03001,C0688,SKU_012,麵包
T03001,C0688,SKU_014,雪碧
T03001,C0688,SKU_029,SKU_NEW_001
T03002,C0925,SKU_001,尿布
T03002,C0925,SKU_003,啤酒
T03002,C0925,SKU_005,塑膠袋
T03002,C0925,SKU_006,米
T03002,C0925,SKU_024,口香糖
T03003,C0698,SKU_005,塑膠袋
T03003,C0698,SKU_030,SKU_NEW_002
T03004,C0193,SKU_012,麵包
T03004,C0193,SKU_026,牙膏
T03005,C0604,SKU_003,啤酒
T03005,C0604,SKU_005,塑膠袋
T03005,C0604,SKU_009,礦泉水
T03005,C0604,SKU_013,果醬
T03005,C0604,SKU_020,葡萄
T03006,C0624,SKU_002,起司
T03006,C0624,SKU_003,啤酒
T03006,C0624,SKU_004,紅酒
T03006,C0624,SKU_005,塑膠袋
T03007,C0278,SKU_005,塑膠袋
T03007,C0278,SKU_012,麵包
T03007,C0278,SKU_014,雪碧
T03008,C1129,SKU_007,可樂
T03008,C1129,SKU_009,礦泉水
T03008,C1129,SKU_013,果醬
T03008,C1129,SKU_020,葡萄
T03009,C0484,SKU_002,起司
T03009,C0484,SKU_004,紅酒
T03009,C0484,SKU_011,杯麵
T03009,C0484,SKU_016,豆漿
T03009,C0484,SKU_026,牙膏
T03010,C0886,SKU_001,尿布
T03010,C0886,SKU_013,果醬
T03010,C0886,SKU_029,SKU_NEW_001
T03011,C0774,SKU_005,塑膠袋
T03011,C0774,SKU_006,米
T03011,C0774,SKU_008,醬油
T03011,C0774,SKU_010,寶特瓶飲料
T03011,C0774,SKU_017,蘋果
T03012,C1307,SKU_009,礦泉水
T03012,C1307,SKU_013,果醬
T03012,C1307,SKU_022,巧克力
T03012,C1307,SKU_027,洗髮精
T03013,C0177,SKU_013,果醬
T03013,C0177,SKU_020,葡萄
T03014,C0164,SKU_028,茶包
T03015,C0454,SKU_005,塑膠袋
T03015,C0454,SKU_008,醬油
T03016,C0655,SKU_002,起司
T03016,C0655,SKU_007,可樂
T03016,C0655,SKU_008,醬油
T03016,C0655,SKU_027,洗髮精
T03017,C0449,SKU_002,起司
T03017,C0449,SKU_011,杯麵
T03017,C0449,SKU_013,果醬
T03017,C0449,SKU_025,衛生紙
T03018,C1138,SKU_006,米
T03018,C1138,SKU_008,醬油
T03018,C1138,SKU_018,香蕉
T03018,C1138,SKU_027,洗髮精
T03019,C0368,SKU_001,尿布
T03019,C0368,SKU_003,啤酒
T03019,C0368,SKU_007,可樂
T03019,C0368,SKU_028,茶包
T03020,C0122,SKU_002,起司
T03020,C0122,SKU_006,米
T03020,C0122,SKU_008,醬油
T03020,C0122,SKU_021,餅乾
T03021,C0629,SKU_012,麵包
T03021,C0629,SKU_017,蘋果
T03022,C1149,SKU_007,可樂
T03022,C1149,SKU_010,寶特瓶飲料
T03022,C1149,SKU_022,巧克力
T03022,C1149,SKU_027,洗髮精
T03023,C1268,SKU_005,塑膠袋
T03023,C1268,SKU_007,可樂
T03023,C1268,SKU_009,礦泉水
T03024,C1100,SKU_008,醬油
T03024,C1100,SKU_013,果醬
T03024,C1100,SKU_014,雪碧
T03025,C0842,SKU_001,尿布
T03025,C0842,SKU_003,啤酒
T03025,C0842,SKU_013,果醬
T03025,C0842,SKU_023,洋芋片
T03026,C1091,SKU_007,可樂
T03026,C1091,SKU_030,SKU_NEW_002
T03027,C1023,SKU_001,尿布
T03027,C1023,SKU_002,起司
T03027,C1023,SKU_003,啤酒
T03027,C1023,SKU_012,麵包
T03027,C1023,SKU_020,葡萄
T03027,C1023,SKU_025,衛生紙
T03028,C0351,SKU_006,米
T03028,C0351,SKU_007,可樂
T03028,C0351,SKU_008,醬油
T03028,C0351,SKU_017,蘋果
T03028,C0351,SKU_030,SKU_NEW_002
T03029,C0830,SKU_002,起司
T03029,C0830,SKU_003,啤酒
T03029,C0830,SKU_004,紅酒
T03029,C0830,SKU_018,香蕉
T03029,C0830,SKU_026,牙膏
T03030,C1145,SKU_005,塑膠袋
T03030,C1145,SKU_006,米
T03030,C1145,SKU_007,可樂
T03030,C1145,SKU_008,醬油
T03030,C1145,SKU_010,寶特瓶飲料
T03030,C1145,SKU_011,杯麵
T03031,C0480,SKU_008,醬油
T03031,C0480,SKU_009,礦泉水
T03031,C0480,SKU_012,麵包
T03031,C0480,SKU_013,果醬
T03031,C0480,SKU_023,洋芋片
T03032,C0979,SKU_004,紅酒
T03032,C0979,SKU_006,米
T03032,C0979,SKU_018,香蕉
T03033,C0725,SKU_026,牙膏
T03034,C0754,SKU_001,尿布
T03034,C0754,SKU_002,起司
T03034,C0754,SKU_003,啤酒
T03034,C0754,SKU_004,紅酒
T03034,C0754,SKU_006,米
T03034,C0754,SKU_011,杯麵
T03034,C0754,SKU_020,葡萄
T03035,C0128,SKU_007,可樂
T03035,C0128,SKU_022,巧克力
T03035,C0128,SKU_024,口香糖
T03036,C0999,SKU_007,可樂
T03036,C0999,SKU_008,醬油
T03036,C0999,SKU_009,礦泉水
T03036,C0999,SKU_011,杯麵
T03036,C0999,SKU_026,牙膏
T03037,C1291,SKU_001,尿布
T03037,C1291,SKU_003,啤酒
T03037,C1291,SKU_005,塑膠袋
T03037,C1291,SKU_018,香蕉
T03037,C1291,SKU_020,葡萄
T03037,C1291,SKU_027,洗髮精
T03037,C1291,SKU_029,SKU_NEW_001
T03038,C0208,SKU_001,尿布
T03038,C0208,SKU_003,啤酒
T03038,C0208,SKU_012,麵包
T03038,C0208,SKU_029,SKU_NEW_001
T03039,C0552,SKU_002,起司
T03039,C0552,SKU_004,紅酒
T03039,C0552,SKU_010,寶特瓶飲料
T03040,C0069,SKU_005,塑膠袋
T03040,C0069,SKU_009,礦泉水
T03041,C0043,SKU_001,尿布
T03041,C0043,SKU_003,啤酒
T03041,C0043,SKU_009,礦泉水
T03042,C1484,SKU_007,可樂
T03042,C1484,SKU_010,寶特瓶飲料
T03042,C1484,SKU_014,雪碧
T03043,C0741,SKU_007,可樂
T03043,C0741,SKU_009,礦泉水
T03043,C0741,SKU_020,葡萄
T03043,C0741,SKU_021,餅乾
T03043,C0741,SKU_029,SKU_NEW_001
T03044,C0535,SKU_009,礦泉水
T03044,C0535,SKU_021,餅乾
T03044,C0535,SKU_022,巧克力
T03044,C0535,SKU_028,茶包
T03045,C0412,SKU_005,塑膠袋
T03045,C0412,SKU_012,麵包
T03045,C0412,SKU_014,雪碧
T03045,C0412,SKU_019,橘子
T03045,C0412,SKU_026,牙膏
T03045,C0412,SKU_028,茶包
T03046,C1469,SKU_001,尿布
T03046,C1469,SKU_003,啤酒
T03046,C1469,SKU_005,塑膠袋
T03046,C1469,SKU_006,米
T03046,C1469,SKU_008,醬油
T03046,C1469,SKU_012,麵包
T03046,C1469,SKU_025,衛生紙
T03046,C1469,SKU_030,SKU_NEW_002
T03047,C0377,SKU_001,尿布
T03047,C0377,SKU_027,洗髮精
T03048,C1093,SKU_002,起司
T03048,C1093,SKU_004,紅酒
T03048,C1093,SKU_005,塑膠袋
T03048,C1093,SKU_027,洗髮精
T03049,C0427,SKU_001,尿布
T03049,C0427,SKU_002,起司
T03049,C0427,SKU_003,啤酒
T03049,C0427,SKU_004,紅酒
T03049,C0427,SKU_007,可樂
T03049,C0427,SKU_014,雪碧
T03049,C0427,SKU_017,蘋果
T03049,C0427,SKU_018,香蕉
T03049,C0427,SKU_027,洗髮精
T03050,C0099,SKU_006,米
T03050,C0099,SKU_008,醬油
T03050,C0099,SKU_009,礦泉水
T03050,C0099,SKU_010,寶特瓶飲料
T03050,C0099,SKU_012,麵包
T03050,C0099,SKU_017,蘋果
T03050,C0099,SKU_023,洋芋片
T03051,C1026,SKU_001,尿布
T03051,C1026,SKU_003,啤酒
T03051,C1026,SKU_018,香蕉
T03051,C1026,SKU_020,葡萄
T03052,C0004,SKU_001,尿布
T03052,C0004,SKU_003,啤酒
T03052,C0004,SKU_004,紅酒
T03052,C0004,SKU_005,塑膠袋
T03052,C0004,SKU_010,寶特瓶飲料
T03052,C0004,SKU_012,麵包
T03053,C1016,SKU_009,礦泉水
T03053,C1016,SKU_027,洗髮精
T03053,C1016,SKU_028,茶包
T03054,C0375,SKU_006,米
T03054,C0375,SKU_007,可樂
T03054,C0375,SKU_008,醬油
T03054,C0375,SKU_011,杯麵
T03054,C0375,SKU_020,葡萄
T03054,C0375,SKU_028,茶包
T03055,C1116,SKU_013,果醬
T03055,C1116,SKU_022,巧克力
T03056,C1144,SKU_002,起司
T03057,C1091,SKU_007,可樂
T03057,C1091,SKU_009,礦泉水
T03057,C1091,SKU_010,寶特瓶飲料
T03057,C1091,SKU_012,麵包
T03057,C1091,SKU_019,橘子
T03057,C1091,SKU_029,SKU_NEW_001
T03058,C0036,SKU_002,起司
T03058,C0036,SKU_003,啤酒
T03058,C0036,SKU_004,紅酒
T03058,C0036,SKU_005,塑膠袋
T03058,C0036,SKU_009,礦泉水
T03058,C0036,SKU_010,寶特瓶飲料
T03058,C0036,SKU_012,麵包
T03058,C0036,SKU_016,豆漿
T03059,C1063,SKU_002,起司
T03059,C1063,SKU_007,可樂
T03059,C1063,SKU_011,杯麵
T03059,C1063,SKU_020,葡萄
T03060,C1485,SKU_002,起司
T03060,C1485,SKU_004,紅酒
T03060,C1485,SKU_017,蘋果
T03060,C1485,SKU_030,SKU_NEW_002
T03061,C0364,SKU_010,寶特瓶飲料
T03061,C0364,SKU_024,口香糖
T03061,C0364,SKU_026,牙膏
T03062,C0410,SKU_002,起司
T03062,C0410,SKU_004,紅酒
T03062,C0410,SKU_007,可樂
T03062,C0410,SKU_012,麵包
T03062,C0410,SKU_019,橘子
T03063,C1208,SKU_002,起司
T03063,C1208,SKU_004,紅酒
T03063,C1208,SKU_009,礦泉水
T03063,C1208,SKU_022,巧克力
T03063,C1208,SKU_023,洋芋片
T03063,C1208,SKU_027,洗髮精
T03063,C1208,SKU_028,茶包
T03064,C0240,SKU_007,可樂
T03064,C0240,SKU_010,寶特瓶飲料
T03064,C0240,SKU_016,豆漿
T03064,C0240,SKU_018,香蕉
T03064,C0240,SKU_026,牙膏
T03065,C0991,SKU_008,醬油
T03065,C0991,SKU_010,寶特瓶飲料
T03066,C1127,SKU_005,塑膠袋
T03066,C1127,SKU_007,可樂
T03066,C1127,SKU_010,寶特瓶飲料
T03066,C1127,SKU_021,餅乾
T03067,C0051,SKU_002,起司
T03067,C0051,SKU_004,紅酒
T03067,C0051,SKU_006,米
T03067,C0051,SKU_008,醬油
T03067,C0051,SKU_009,礦泉水
T03067,C0051,SKU_010,寶特瓶飲料
T03068,C0837,SKU_001,尿布
T03068,C0837,SKU_004,紅酒
T03068,C0837,SKU_009,礦泉水
T03068,C0837,SKU_012,麵包
T03068,C0837,SKU_015,牛奶
T03069,C0865,SKU_002,起司
T03069,C0865,SKU_007,可樂
T03069,C0865,SKU_009,礦泉水
T03069,C0865,SKU_016,豆漿
T03069,C0865,SKU_024,口香糖
T03069,C0865,SKU_025,衛生紙
T03069,C0865,SKU_028,茶包
T03069,C0865,SKU_030,SKU_NEW_002
T03070,C0459,SKU_004,紅酒
T03070,C0459,SKU_018,香蕉
T03070,C0459,SKU_022,巧克力
T03070,C0459,SKU_030,SKU_NEW_002
T03071,C1306,SKU_005,塑膠袋
T03071,C1306,SKU_016,豆漿
T03071,C1306,SKU_018,香蕉
T03071,C1306,SKU_019,橘子
T03071,C1306,SKU_023,洋芋片
T03071,C1306,SKU_026,牙膏
T03071,C1306,SKU_030,SKU_NEW_002
T03072,C0244,SKU_006,米
T03072,C0244,SKU_009,礦泉水
T03072,C0244,SKU_010,寶特瓶飲料
T03072,C0244,SKU_015,牛奶
T03072,C0244,SKU_030,SKU_NEW_002
T03073,C0549,SKU_002,起司
T03073,C0549,SKU_006,米
T03073,C0549,SKU_008,醬油
T03073,C0549,SKU_015,牛奶
T03073,C0549,SKU_029,SKU_NEW_001
T03074,C1266,SKU_005,塑膠袋
T03074,C1266,SKU_007,可樂
T03074,C1266,SKU_009,礦泉水
T03074,C1266,SKU_010,寶特瓶飲料
T03074,C1266,SKU_021,餅乾
T03074,C1266,SKU_029,SKU_NEW_001
T03075,C0281,SKU_005,塑膠袋
T03075,C0281,SKU_007,可樂
T03075,C0281,SKU_008,醬油
T03075,C0281,SKU_011,杯麵
T03075,C0281,SKU_021,餅乾
T03076,C1223,SKU_015,牛奶
T03076,C1223,SKU_022,巧克力
T03077,C0114,SKU_003,啤酒
T03077,C0114,SKU_004,紅酒
T03077,C0114,SKU_005,塑膠袋
T03077,C0114,SKU_006,米
T03077,C0114,SKU_008,醬油
T03077,C0114,SKU_009,礦泉水
T03077,C0114,SKU_018,香蕉
T03077,C0114,SKU_022,巧克力
T03077,C0114,SKU_025,衛生紙
T03078,C0736,SKU_002,起司
T03078,C0736,SKU_004,紅酒
T03078,C0736,SKU_007,可樂
T03078,C0736,SKU_018,香蕉
T03078,C0736,SKU_029,SKU_NEW_001
T03079,C0111,SKU_010,寶特瓶飲料
T03079,C0111,SKU_022,巧克力
T03080,C1018,SKU_002,起司
T03080,C1018,SKU_004,紅酒
T03080,C1018,SKU_007,可樂
T03080,C1018,SKU_010,寶特瓶飲料
T03080,C1018,SKU_013,果醬
T03080,C1018,SKU_019,橘子
T03080,C1018,SKU_028,茶包
T03080,C1018,SKU_030,SKU_NEW_002
T03081,C1173,SKU_001,尿布
T03081,C1173,SKU_003,啤酒
T03081,C1173,SKU_011,杯麵
T03081,C1173,SKU_016,豆漿
T03082,C1267,SKU_005,塑膠袋
T03082,C1267,SKU_009,礦泉水
T03082,C1267,SKU_012,麵包
T03082,C1267,SKU_015,牛奶
T03082,C1267,SKU_019,橘子
T03082,C1267,SKU_025,衛生紙
T03083,C1470,SKU_002,起司
T03083,C1470,SKU_003,啤酒
T03083,C1470,SKU_004,紅酒
T03083,C1470,SKU_011,杯麵
T03083,C1470,SKU_015,牛奶
T03083,C1470,SKU_024,口香糖
T03084,C1009,SKU_001,尿布
T03084,C1009,SKU_003,啤酒
T03084,C1009,SKU_004,紅酒
T03084,C1009,SKU_005,塑膠袋
T03084,C1009,SKU_007,可樂
T03084,C1009,SKU_009,礦泉水
T03084,C1009,SKU_010,寶特瓶飲料
T03084,C1009,SKU_023,洋芋片
T03084,C1009,SKU_028,茶包
T03085,C1144,SKU_001,尿布
T03085,C1144,SKU_005,塑膠袋
T03085,C1144,SKU_008,醬油
T03086,C0760,SKU_001,尿布
T03086,C0760,SKU_003,啤酒
T03086,C0760,SKU_006,米
T03086,C0760,SKU_007,可樂
T03086,C0760,SKU_008,醬油
T03086,C0760,SKU_023,洋芋片
T03086,C0760,SKU_027,洗髮精
T03087,C1367,SKU_001,尿布
T03087,C1367,SKU_003,啤酒
T03087,C1367,SKU_005,塑膠袋
T03087,C1367,SKU_006,米
T03087,C1367,SKU_007,可樂
T03087,C1367,SKU_008,醬油
T03087,C1367,SKU_013,果醬
T03087,C1367,SKU_027,洗髮精
T03087,C1367,SKU_028,茶包
T03088,C0963,SKU_001,尿布
T03088,C0963,SKU_007,可樂
T03088,C0963,SKU_013,果醬
T03088,C0963,SKU_028,茶包
T03088,C0963,SKU_030,SKU_NEW_002
T03089,C1316,SKU_006,米
T03089,C1316,SKU_008,醬油
T03089,C1316,SKU_015,牛奶
T03090,C0352,SKU_002,起司
T03090,C0352,SKU_004,紅酒
T03090,C0352,SKU_015,牛奶
T03091,C0744,SKU_001,尿布
T03091,C0744,SKU_003,啤酒
T03091,C0744,SKU_006,米
T03091,C0744,SKU_007,可樂
T03091,C0744,SKU_008,醬油
T03091,C0744,SKU_015,牛奶
T03091,C0744,SKU_020,葡萄
T03091,C0744,SKU_025,衛生紙
T03092,C1097,SKU_007,可樂
T03092,C1097,SKU_009,礦泉水
T03093,C0302,SKU_005,塑膠袋
T03093,C0302,SKU_007,可樂
T03093,C0302,SKU_009,礦泉水
T03093,C0302,SKU_025,衛生紙
T03094,C0312,SKU_007,可樂
T03094,C0312,SKU_017,蘋果
T03094,C0312,SKU_021,餅乾
T03095,C1467,SKU_001,尿布
T03095,C1467,SKU_007,可樂
T03095,C1467,SKU_009,礦泉水
T03095,C1467,SKU_024,口香糖
T03096,C0659,SKU_007,可樂
T03096,C0659,SKU_010,寶特瓶飲料
T03096,C0659,SKU_018,香蕉
T03096,C0659,SKU_025,衛生紙
T03097,C0270,SKU_002,起司
T03097,C0270,SKU_004,紅酒
T03097,C0270,SKU_015,牛奶
T03097,C0270,SKU_017,蘋果
T03098,C0500,SKU_001,尿布
T03098,C0500,SKU_003,啤酒
T03098,C0500,SKU_022,巧克力
T03099,C0604,SKU_009,礦泉水
T03100,C0932,SKU_008,醬油
T03101,C1384,SKU_012,麵包
T03101,C1384,SKU_020,葡萄
T03102,C1478,SKU_001,尿布
T03102,C1478,SKU_011,杯麵
T03102,C1478,SKU_022,巧克力
T03102,C1478,SKU_029,SKU_NEW_001
T03103,C0974,SKU_010,寶特瓶飲料
T03103,C0974,SKU_011,杯麵
T03104,C1059,SKU_002,起司
T03104,C1059,SKU_004,紅酒
T03104,C1059,SKU_019,橘子
T03104,C1059,SKU_020,葡萄
T03104,C1059,SKU_025,衛生紙
T03105,C0484,SKU_006,米
T03105,C0484,SKU_007,可樂
T03105,C0484,SKU_008,醬油
T03105,C0484,SKU_021,餅乾
T03106,C1277,SKU_027,洗髮精
T03106,C1277,SKU_028,茶包
T03106,C1277,SKU_029,SKU_NEW_001
T03107,C0320,SKU_002,起司
T03107,C0320,SKU_004,紅酒
T03107,C0320,SKU_007,可樂
T03107,C0320,SKU_008,醬油
T03107,C0320,SKU_021,餅乾
T03108,C0151,SKU_005,塑膠袋
T03108,C0151,SKU_022,巧克力
T03108,C0151,SKU_023,洋芋片
T03108,C0151,SKU_029,SKU_NEW_001
T03109,C1459,SKU_006,米
T03109,C1459,SKU_008,醬油
T03109,C1459,SKU_019,橘子
T03109,C1459,SKU_030,SKU_NEW_002
T03110,C1290,SKU_007,可樂
T03111,C0460,SKU_001,尿布
T03111,C0460,SKU_024,口香糖
T03111,C0460,SKU_025,衛生紙
T03111,C0460,SKU_029,SKU_NEW_001
T03112,C1013,SKU_004,紅酒
T03112,C1013,SKU_006,米
T03112,C1013,SKU_008,醬油
T03112,C1013,SKU_009,礦泉水
T03112,C1013,SKU_011,杯麵
T03112,C1013,SKU_024,口香糖
T03112,C1013,SKU_029,SKU_NEW_001
T03113,C0708,SKU_011,杯麵
T03113,C0708,SKU_021,餅乾
T03113,C0708,SKU_027,洗髮精
T03114,C0487,SKU_001,尿布
T03114,C0487,SKU_003,啤酒
T03114,C0487,SKU_009,礦泉水
T03114,C0487,SKU_015,牛奶
T03115,C0432,SKU_009,礦泉水
T03115,C0432,SKU_019,橘子
T03115,C0432,SKU_029,SKU_NEW_001
T03116,C0198,SKU_009,礦泉水
T03116,C0198,SKU_018,香蕉
T03117,C0827,SKU_001,尿布
T03117,C0827,SKU_003,啤酒
T03117,C0827,SKU_009,礦泉水
T03117,C0827,SKU_010,寶特瓶飲料
T03117,C0827,SKU_017,蘋果
T03118,C0677,SKU_008,醬油
T03118,C0677,SKU_010,寶特瓶飲料
T03118,C0677,SKU_020,葡萄
T03119,C0771,SKU_006,米
T03119,C0771,SKU_007,可樂
T03119,C0771,SKU_016,豆漿
T03119,C0771,SKU_020,葡萄
T03120,C0318,SKU_007,可樂
T03120,C0318,SKU_009,礦泉水
T03120,C0318,SKU_014,雪碧
T03121,C1403,SKU_005,塑膠袋
T03121,C1403,SKU_007,可樂
T03121,C1403,SKU_010,寶特瓶飲料
T03121,C1403,SKU_017,蘋果
T03122,C0954,SKU_006,米
T03122,C0954,SKU_008,醬油
T03122,C0954,SKU_023,洋芋片
T03123,C1345,SKU_010,寶特瓶飲料
T03123,C1345,SKU_023,洋芋片
T03124,C0157,SKU_007,可樂
T03124,C0157,SKU_008,醬油
T03124,C0157,SKU_009,礦泉水
T03124,C0157,SKU_010,寶特瓶飲料
T03124,C0157,SKU_022,巧克力
T03125,C0932,SKU_004,紅酒
T03125,C0932,SKU_013,果醬
T03125,C0932,SKU_014,雪碧
T03125,C0932,SKU_015,牛奶
T03126,C1267,SKU_025,衛生紙
T03126,C1267,SKU_026,牙膏
T03126,C1267,SKU_028,茶包
T03126,C1267,SKU_030,SKU_NEW_002
T03127,C0500,SKU_004,紅酒
T03127,C0500,SKU_010,寶特瓶飲料
T03127,C0500,SKU_013,果醬
T03127,C0500,SKU_014,雪碧
T03127,C0500,SKU_021,餅乾
T03128,C0291,SKU_001,尿布
T03128,C0291,SKU_009,礦泉水
T03128,C0291,SKU_010,寶特瓶飲料
T03129,C0398,SKU_006,米
T03129,C0398,SKU_008,醬油
T03129,C0398,SKU_021,餅乾
T03129,C0398,SKU_024,口香糖
T03129,C0398,SKU_026,牙膏
T03130,C0409,SKU_001,尿布
T03130,C0409,SKU_002,起司
T03130,C0409,SKU_004,紅酒
T03130,C0409,SKU_005,塑膠袋
T03130,C0409,SKU_006,米
T03130,C0409,SKU_009,礦泉水
T03130,C0409,SKU_015,牛奶
T03130,C0409,SKU_029,SKU_NEW_001
T03131,C0679,SKU_005,塑膠袋
T03132,C0491,SKU_012,麵包
T03132,C0491,SKU_023,洋芋片
T03132,C0491,SKU_026,牙膏
T03133,C0408,SKU_005,塑膠袋
T03134,C0970,SKU_003,啤酒
T03135,C0075,SKU_004,紅酒
T03135,C0075,SKU_009,礦泉水
T03135,C0075,SKU_014,雪碧
T03135,C0075,SKU_020,葡萄
T03136,C0516,SKU_002,起司
T03136,C0516,SKU_004,紅酒
T03137,C1040,SKU_007,可樂
T03137,C1040,SKU_018,香蕉
T03137,C1040,SKU_027,洗髮精
T03138,C0262,SKU_007,可樂
T03138,C0262,SKU_008,醬油
T03138,C0262,SKU_017,蘋果
T03138,C0262,SKU_023,洋芋片
T03139,C0326,SKU_025,衛生紙
T03140,C0300,SKU_005,塑膠袋
T03140,C0300,SKU_009,礦泉水
T03140,C0300,SKU_021,餅乾
T03141,C0002,SKU_023,洋芋片
T03141,C0002,SKU_029,SKU_NEW_001
T03142,C0717,SKU_004,紅酒
T03142,C0717,SKU_023,洋芋片
T03143,C0055,SKU_002,起司
T03143,C0055,SKU_004,紅酒
T03143,C0055,SKU_005,塑膠袋
T03143,C0055,SKU_020,葡萄
T03143,C0055,SKU_021,餅乾
T03143,C0055,SKU_026,牙膏
T03144,C0409,SKU_002,起司
T03144,C0409,SKU_004,紅酒
T03144,C0409,SKU_009,礦泉水
T03144,C0409,SKU_013,果醬
T03144,C0409,SKU_014,雪碧
T03145,C1493,SKU_007,可樂
T03145,C1493,SKU_010,寶特瓶飲料
T03145,C1493,SKU_029,SKU_NEW_001
T03145,C1493,SKU_030,SKU_NEW_002
T03146,C1376,SKU_001,尿布
T03146,C1376,SKU_003,啤酒
T03146,C1376,SKU_020,葡萄
T03147,C0318,SKU_003,啤酒
T03147,C0318,SKU_004,紅酒
T03147,C0318,SKU_009,礦泉水
T03147,C0318,SKU_010,寶特瓶飲料
T03148,C0467,SKU_002,起司
T03148,C0467,SKU_004,紅酒
T03148,C0467,SKU_027,洗髮精
T03149,C0703,SKU_005,塑膠袋
T03149,C0703,SKU_027,洗髮精
T03150,C1259,SKU_001,尿布
T03150,C1259,SKU_003,啤酒
T03150,C1259,SKU_004,紅酒
T03150,C1259,SKU_024,口香糖
T03151,C1192,SKU_004,紅酒
T03151,C1192,SKU_005,塑膠袋
T03151,C1192,SKU_019,橘子
T03151,C1192,SKU_020,葡萄
T03151,C1192,SKU_030,SKU_NEW_002
T03152,C0185,SKU_005,塑膠袋
T03152,C0185,SKU_007,可樂
T03152,C0185,SKU_008,醬油
T03152,C0185,SKU_010,寶特瓶飲料
T03152,C0185,SKU_017,蘋果
T03152,C0185,SKU_023,洋芋片
T03152,C0185,SKU_024,口香糖
T03153,C0182,SKU_004,紅酒
T03153,C0182,SKU_023,洋芋片
T03154,C0633,SKU_005,塑膠袋
T03154,C0633,SKU_014,雪碧
T03155,C1296,SKU_007,可樂
T03155,C1296,SKU_008,醬油
T03155,C1296,SKU_010,寶特瓶飲料
T03156,C1314,SKU_001,尿布
T03156,C1314,SKU_003,啤酒
T03156,C1314,SKU_005,塑膠袋
T03156,C1314,SKU_006,米
T03156,C1314,SKU_008,醬油
T03156,C1314,SKU_023,洋芋片
T03157,C0154,SKU_005,塑膠袋
T03157,C0154,SKU_022,巧克力
T03157,C0154,SKU_028,茶包
T03157,C0154,SKU_029,SKU_NEW_001
T03158,C0865,SKU_002,起司
T03158,C0865,SKU_004,紅酒
T03158,C0865,SKU_008,醬油
T03158,C0865,SKU_019,橘子
T03159,C0232,SKU_002,起司
T03159,C0232,SKU_003,啤酒
T03159,C0232,SKU_004,紅酒
T03159,C0232,SKU_005,塑膠袋
T03159,C0232,SKU_008,醬油
T03159,C0232,SKU_013,果醬
T03159,C0232,SKU_018,香蕉
T03160,C1033,SKU_012,麵包
T03160,C1033,SKU_023,洋芋片
T03160,C1033,SKU_026,牙膏
T03161,C1374,SKU_002,起司
T03161,C1374,SKU_004,紅酒
T03161,C1374,SKU_006,米
T03161,C1374,SKU_009,礦泉水
T03161,C1374,SKU_014,雪碧
T03161,C1374,SKU_028,茶包
T03162,C0688,SKU_021,餅乾
T03162,C0688,SKU_029,SKU_NEW_001
T03163,C0120,SKU_001,尿布
T03163,C0120,SKU_003,啤酒
T03163,C0120,SKU_007,可樂
T03163,C0120,SKU_016,豆漿
T03164,C0873,SKU_005,塑膠袋
T03164,C0873,SKU_015,牛奶
T03164,C0873,SKU_016,豆漿
T03164,C0873,SKU_023,洋芋片
T03164,C0873,SKU_027,洗髮精
T03165,C0621,SKU_002,起司
T03165,C0621,SKU_006,米
T03165,C0621,SKU_007,可樂
T03165,C0621,SKU_008,醬油
T03165,C0621,SKU_013,果醬
T03165,C0621,SKU_014,雪碧
T03165,C0621,SKU_022,巧克力
T03166,C1204,SKU_005,塑膠袋
T03166,C1204,SKU_006,米
T03166,C1204,SKU_008,醬油
T03166,C1204,SKU_010,寶特瓶飲料
T03166,C1204,SKU_012,麵包
T03167,C0516,SKU_015,牛奶
T03168,C1304,SKU_002,起司
T03168,C1304,SKU_003,啤酒
T03168,C1304,SKU_004,紅酒
T03168,C1304,SKU_005,塑膠袋
T03168,C1304,SKU_007,可樂
T03168,C1304,SKU_016,豆漿
T03168,C1304,SKU_017,蘋果
T03169,C0410,SKU_005,塑膠袋
T03169,C0410,SKU_008,醬油
T03169,C0410,SKU_011,杯麵
T03169,C0410,SKU_013,果醬
T03169,C0410,SKU_016,豆漿
T03169,C0410,SKU_020,葡萄
T03170,C0235,SKU_018,香蕉
T03171,C0464,SKU_007,可樂
T03171,C0464,SKU_016,豆漿
T03171,C0464,SKU_028,茶包
T03172,C0050,SKU_002,起司
T03172,C0050,SKU_006,米
T03172,C0050,SKU_007,可樂
T03172,C0050,SKU_008,醬油
T03173,C0422,SKU_004,紅酒
T03173,C0422,SKU_012,麵包
T03174,C0990,SKU_005,塑膠袋
T03174,C0990,SKU_007,可樂
T03174,C0990,SKU_010,寶特瓶飲料
T03175,C0209,SKU_010,寶特瓶飲料
T03175,C0209,SKU_017,蘋果
T03176,C0160,SKU_003,啤酒
T03176,C0160,SKU_006,米
T03176,C0160,SKU_008,醬油
T03176,C0160,SKU_009,礦泉水
T03177,C0194,SKU_013,果醬
T03177,C0194,SKU_014,雪碧
T03178,C0112,SKU_001,尿布
T03178,C0112,SKU_003,啤酒
T03178,C0112,SKU_005,塑膠袋
T03178,C0112,SKU_010,寶特瓶飲料
T03178,C0112,SKU_016,豆漿
T03179,C1304,SKU_005,塑膠袋
T03179,C1304,SKU_008,醬油
T03179,C1304,SKU_009,礦泉水
T03180,C1412,SKU_009,礦泉水
T03180,C1412,SKU_010,寶特瓶飲料
T03180,C1412,SKU_014,雪碧
T03181,C0064,SKU_006,米
T03181,C0064,SKU_008,醬油
T03181,C0064,SKU_015,牛奶
T03182,C1133,SKU_002,起司
T03182,C1133,SKU_004,紅酒
T03182,C1133,SKU_005,塑膠袋
T03182,C1133,SKU_013,果醬
T03182,C1133,SKU_016,豆漿
T03182,C1133,SKU_024,口香糖
T03182,C1133,SKU_026,牙膏
T03183,C1105,SKU_006,米
T03183,C1105,SKU_007,可樂
T03183,C1105,SKU_008,醬油
T03183,C1105,SKU_027,洗髮精
T03184,C1495,SKU_007,可樂
T03184,C1495,SKU_009,礦泉水
T03184,C1495,SKU_016,豆漿
T03184,C1495,SKU_028,茶包
T03185,C0527,SKU_009,礦泉水
T03185,C0527,SKU_026,牙膏
T03186,C0429,SKU_001,尿布
T03186,C0429,SKU_003,啤酒
T03186,C0429,SKU_007,可樂
T03186,C0429,SKU_010,寶特瓶飲料
T03186,C0429,SKU_011,杯麵
T03186,C0429,SKU_018,香蕉
T03186,C0429,SKU_020,葡萄
T03186,C0429,SKU_023,洋芋片
T03186,C0429,SKU_030,SKU_NEW_002
T03187,C0686,SKU_001,尿布
T03187,C0686,SKU_003,啤酒
T03187,C0686,SKU_004,紅酒
T03187,C0686,SKU_010,寶特瓶飲料
T03187,C0686,SKU_016,豆漿
T03187,C0686,SKU_023,洋芋片
T03188,C1277,SKU_001,尿布
T03188,C1277,SKU_003,啤酒
T03188,C1277,SKU_013,果醬
T03188,C1277,SKU_027,洗髮精
T03189,C1096,SKU_002,起司
T03189,C1096,SKU_006,米
T03189,C1096,SKU_009,礦泉水
T03189,C1096,SKU_027,洗髮精
T03190,C0715,SKU_008,醬油
T03190,C0715,SKU_009,礦泉水
T03191,C0367,SKU_007,可樂
T03191,C0367,SKU_010,寶特瓶飲料
T03191,C0367,SKU_028,茶包
T03192,C1095,SKU_005,塑膠袋
T03192,C1095,SKU_015,牛奶
T03192,C1095,SKU_025,衛生紙
T03192,C1095,SKU_027,洗髮精
T03193,C1275,SKU_005,塑膠袋
T03193,C1275,SKU_006,米
T03193,C1275,SKU_007,可樂
T03193,C1275,SKU_008,醬油
T03193,C1275,SKU_009,礦泉水
T03193,C1275,SKU_010,寶特瓶飲料
T03193,C1275,SKU_023,洋芋片
T03193,C1275,SKU_025,衛生紙
T03194,C0608,SKU_005,塑膠袋
T03194,C0608,SKU_025,衛生紙
T03195,C1002,SKU_002,起司
T03195,C1002,SKU_006,米
T03195,C1002,SKU_008,醬油
T03195,C1002,SKU_016,豆漿
T03195,C1002,SKU_020,葡萄
T03196,C0609,SKU_026,牙膏
T03196,C0609,SKU_030,SKU_NEW_002
T03197,C0721,SKU_002,起司
T03197,C0721,SKU_005,塑膠袋
T03197,C0721,SKU_010,寶特瓶飲料
T03197,C0721,SKU_021,餅乾
T03197,C0721,SKU_023,洋芋片
T03197,C0721,SKU_030,SKU_NEW_002
T03198,C0786,SKU_007,可樂
T03198,C0786,SKU_010,寶特瓶飲料
T03198,C0786,SKU_025,衛生紙
T03199,C1152,SKU_003,啤酒
T03199,C1152,SKU_019,橘子
T03199,C1152,SKU_025,衛生紙
T03200,C1466,SKU_005,塑膠袋
T03200,C1466,SKU_007,可樂
T03201,C0673,SKU_009,礦泉水
T03201,C0673,SKU_030,SKU_NEW_002
T03202,C0518,SKU_006,米
T03202,C0518,SKU_008,醬油
T03202,C0518,SKU_009,礦泉水
T03202,C0518,SKU_011,杯麵
T03202,C0518,SKU_014,雪碧
T03203,C0560,SKU_002,起司
T03203,C0560,SKU_004,紅酒
T03203,C0560,SKU_009,礦泉水
T03203,C0560,SKU_015,牛奶
T03204,C0195,SKU_004,紅酒
T03204,C0195,SKU_011,杯麵
T03204,C0195,SKU_015,牛奶
T03205,C0447,SKU_019,橘子
T03205,C0447,SKU_022,巧克力
T03205,C0447,SKU_030,SKU_NEW_002
T03206,C0123,SKU_005,塑膠袋
T03206,C0123,SKU_006,米
T03206,C0123,SKU_010,寶特瓶飲料
T03206,C0123,SKU_023,洋芋片
T03206,C0123,SKU_028,茶包
T03207,C0651,SKU_006,米
T03207,C0651,SKU_007,可樂
T03207,C0651,SKU_008,醬油
T03207,C0651,SKU_012,麵包
T03207,C0651,SKU_020,葡萄
T03207,C0651,SKU_028,茶包
T03208,C0251,SKU_005,塑膠袋
T03208,C0251,SKU_009,礦泉水
T03208,C0251,SKU_011,杯麵
T03209,C0524,SKU_005,塑膠袋
T03209,C0524,SKU_008,醬油
T03209,C0524,SKU_012,麵包
T03210,C1177,SKU_002,起司
T03210,C1177,SKU_008,醬油
T03210,C1177,SKU_015,牛奶
T03211,C0369,SKU_001,尿布
T03211,C0369,SKU_003,啤酒
T03211,C0369,SKU_005,塑膠袋
T03211,C0369,SKU_006,米
T03211,C0369,SKU_012,麵包
T03211,C0369,SKU_014,雪碧
T03211,C0369,SKU_024,口香糖
T03211,C0369,SKU_028,茶包
T03212,C0917,SKU_009,礦泉水
T03212,C0917,SKU_013,果醬
T03212,C0917,SKU_025,衛生紙
T03212,C0917,SKU_030,SKU_NEW_002
T03213,C1348,SKU_006,米
T03213,C1348,SKU_008,醬油
T03213,C1348,SKU_009,礦泉水
T03213,C1348,SKU_030,SKU_NEW_002
T03214,C0854,SKU_001,尿布
T03214,C0854,SKU_027,洗髮精
T03215,C0287,SKU_002,起司
T03215,C0287,SKU_004,紅酒
T03215,C0287,SKU_008,醬油
T03215,C0287,SKU_024,口香糖
T03215,C0287,SKU_030,SKU_NEW_002
T03216,C0521,SKU_002,起司
T03216,C0521,SKU_004,紅酒
T03216,C0521,SKU_009,礦泉水
T03216,C0521,SKU_018,香蕉
T03216,C0521,SKU_019,橘子
T03217,C0888,SKU_002,起司
T03217,C0888,SKU_005,塑膠袋
T03217,C0888,SKU_026,牙膏
T03217,C0888,SKU_029,SKU_NEW_001
T03218,C0761,SKU_012,麵包
T03218,C0761,SKU_018,香蕉
T03218,C0761,SKU_024,口香糖
T03218,C0761,SKU_025,衛生紙
T03219,C0222,SKU_020,葡萄
T03219,C0222,SKU_025,衛生紙
T03220,C0678,SKU_022,巧克力
T03220,C0678,SKU_030,SKU_NEW_002
T03221,C0815,SKU_017,蘋果
T03221,C0815,SKU_022,巧克力
T03221,C0815,SKU_026,牙膏
T03222,C0401,SKU_002,起司
T03222,C0401,SKU_004,紅酒
T03222,C0401,SKU_011,杯麵
T03222,C0401,SKU_012,麵包
T03223,C0918,SKU_008,醬油
T03223,C0918,SKU_011,杯麵
T03223,C0918,SKU_015,牛奶
T03223,C0918,SKU_019,橘子
T03224,C0099,SKU_016,豆漿
T03224,C0099,SKU_019,橘子
T03225,C0509,SKU_015,牛奶
T03225,C0509,SKU_016,豆漿
T03225,C0509,SKU_023,洋芋片
T03226,C1193,SKU_001,尿布
T03226,C1193,SKU_002,起司
T03226,C1193,SKU_003,啤酒
T03226,C1193,SKU_004,紅酒
T03226,C1193,SKU_006,米
T03226,C1193,SKU_008,醬油
T03226,C1193,SKU_020,葡萄
T03226,C1193,SKU_021,餅乾
T03227,C0389,SKU_002,起司
T03227,C0389,SKU_004,紅酒
T03227,C0389,SKU_010,寶特瓶飲料
T03227,C0389,SKU_026,牙膏
T03227,C0389,SKU_030,SKU_NEW_002
T03228,C0908,SKU_001,尿布
T03228,C0908,SKU_003,啤酒
T03228,C0908,SKU_004,紅酒
T03228,C0908,SKU_025,衛生紙
T03229,C0622,SKU_001,尿布
T03229,C0622,SKU_003,啤酒
T03229,C0622,SKU_004,紅酒
T03229,C0622,SKU_009,礦泉水
T03229,C0622,SKU_014,雪碧
T03229,C0622,SKU_017,蘋果
T03229,C0622,SKU_030,SKU_NEW_002
T03230,C0479,SKU_004,紅酒
T03230,C0479,SKU_006,米
T03230,C0479,SKU_008,醬油
T03230,C0479,SKU_010,寶特瓶飲料
T03230,C0479,SKU_019,橘子
T03231,C1373,SKU_002,起司
T03231,C1373,SKU_004,紅酒
T03231,C1373,SKU_006,米
T03231,C1373,SKU_015,牛奶
T03231,C1373,SKU_021,餅乾
T03231,C1373,SKU_026,牙膏
T03232,C0519,SKU_015,牛奶
T03232,C0519,SKU_022,巧克力
T03233,C0355,SKU_009,礦泉水
T03233,C0355,SKU_018,香蕉
T03233,C0355,SKU_028,茶包
T03234,C1360,SKU_001,尿布
T03234,C1360,SKU_003,啤酒
T03234,C1360,SKU_007,可樂
T03234,C1360,SKU_010,寶特瓶飲料
T03235,C1116,SKU_001,尿布
T03235,C1116,SKU_017,蘋果
T03235,C1116,SKU_020,葡萄
T03235,C1116,SKU_022,巧克力
T03235,C1116,SKU_027,洗髮精
T03236,C1024,SKU_001,尿布
T03236,C1024,SKU_007,可樂
T03236,C1024,SKU_009,礦泉水
T03236,C1024,SKU_010,寶特瓶飲料
T03236,C1024,SKU_018,香蕉
T03237,C0070,SKU_005,塑膠袋
T03238,C0194,SKU_006,米
T03238,C0194,SKU_008,醬油
T03238,C0194,SKU_009,礦泉水
T03238,C0194,SKU_010,寶特瓶飲料
T03238,C0194,SKU_021,餅乾
T03238,C0194,SKU_023,洋芋片
T03239,C0954,SKU_014,雪碧
T03239,C0954,SKU_019,橘子
T03239,C0954,SKU_022,巧克力
T03240,C0310,SKU_021,餅乾
T03240,C0310,SKU_022,巧克力
T03240,C0310,SKU_025,衛生紙
T03240,C0310,SKU_027,洗髮精
T03241,C0335,SKU_001,尿布
T03241,C0335,SKU_003,啤酒
T03241,C0335,SKU_007,可樂
T03241,C0335,SKU_012,麵包
T03241,C0335,SKU_016,豆漿
T03242,C1155,SKU_001,尿布
T03242,C1155,SKU_002,起司
T03242,C1155,SKU_004,紅酒
T03242,C1155,SKU_005,塑膠袋
T03242,C1155,SKU_012,麵包
T03242,C1155,SKU_016,豆漿
T03242,C1155,SKU_026,牙膏
T03243,C0431,SKU_001,尿布
T03243,C0431,SKU_003,啤酒
T03243,C0431,SKU_014,雪碧
T03243,C0431,SKU_022,巧克力
T03243,C0431,SKU_024,口香糖
T03244,C0103,SKU_002,起司
T03244,C0103,SKU_004,紅酒
T03245,C0051,SKU_007,可樂
T03246,C0671,SKU_002,起司
T03246,C0671,SKU_004,紅酒
T03246,C0671,SKU_024,口香糖
T03247,C0923,SKU_006,米
T03247,C0923,SKU_008,醬油
T03247,C0923,SKU_012,麵包
T03247,C0923,SKU_015,牛奶
T03248,C1294,SKU_001,尿布
T03248,C1294,SKU_002,起司
T03248,C1294,SKU_003,啤酒
T03248,C1294,SKU_004,紅酒
T03248,C1294,SKU_007,可樂
T03248,C1294,SKU_014,雪碧
T03248,C1294,SKU_023,洋芋片
T03249,C0159,SKU_006,米
T03249,C0159,SKU_008,醬油
T03249,C0159,SKU_010,寶特瓶飲料
T03249,C0159,SKU_022,巧克力
T03249,C0159,SKU_023,洋芋片
T03250,C0293,SKU_002,起司
T03250,C0293,SKU_004,紅酒
T03250,C0293,SKU_006,米
T03250,C0293,SKU_007,可樂
T03250,C0293,SKU_008,醬油
T03250,C0293,SKU_014,雪碧
T03250,C0293,SKU_015,牛奶
T03250,C0293,SKU_028,茶包
T03251,C0794,SKU_006,米
T03251,C0794,SKU_014,雪碧
T03251,C0794,SKU_018,香蕉
T03252,C0548,SKU_006,米
T03252,C0548,SKU_008,醬油
T03252,C0548,SKU_009,礦泉水
T03252,C0548,SKU_011,杯麵
T03253,C0727,SKU_009,礦泉水
T03253,C0727,SKU_011,杯麵
T03254,C1387,SKU_002,起司
T03254,C1387,SKU_005,塑膠袋
T03254,C1387,SKU_008,醬油
T03254,C1387,SKU_010,寶特瓶飲料
T03254,C1387,SKU_026,牙膏
T03255,C0820,SKU_005,塑膠袋
T03255,C0820,SKU_008,醬油
T03255,C0820,SKU_011,杯麵
T03256,C0630,SKU_009,礦泉水
T03256,C0630,SKU_010,寶特瓶飲料
T03257,C1484,SKU_002,起司
T03257,C1484,SKU_004,紅酒
T03257,C1484,SKU_007,可樂
T03257,C1484,SKU_023,洋芋片
T03257,C1484,SKU_030,SKU_NEW_002
T03258,C0092,SKU_002,起司
T03258,C0092,SKU_004,紅酒
T03258,C0092,SKU_005,塑膠袋
T03258,C0092,SKU_008,醬油
T03259,C1396,SKU_011,杯麵
T03259,C1396,SKU_027,洗髮精
T03260,C0751,SKU_002,起司
T03260,C0751,SKU_004,紅酒
T03260,C0751,SKU_006,米
T03260,C0751,SKU_008,醬油
T03260,C0751,SKU_016,豆漿
T03260,C0751,SKU_019,橘子
T03260,C0751,SKU_027,洗髮精
T03261,C0755,SKU_003,啤酒
T03261,C0755,SKU_007,可樂
T03261,C0755,SKU_017,蘋果
T03262,C1382,SKU_009,礦泉水
T03262,C1382,SKU_010,寶特瓶飲料
T03262,C1382,SKU_029,SKU_NEW_001
T03263,C0762,SKU_005,塑膠袋
T03263,C0762,SKU_009,礦泉水
T03263,C0762,SKU_010,寶特瓶飲料
T03264,C0665,SKU_016,豆漿
T03264,C0665,SKU_020,葡萄
T03264,C0665,SKU_029,SKU_NEW_001
T03265,C0409,SKU_001,尿布
T03265,C0409,SKU_007,可樂
T03265,C0409,SKU_008,醬油
T03265,C0409,SKU_030,SKU_NEW_002
T03266,C0987,SKU_015,牛奶
T03267,C0858,SKU_005,塑膠袋
T03267,C0858,SKU_017,蘋果
T03267,C0858,SKU_030,SKU_NEW_002
T03268,C0316,SKU_004,紅酒
T03268,C0316,SKU_007,可樂
T03268,C0316,SKU_010,寶特瓶飲料
T03268,C0316,SKU_019,橘子
T03269,C1070,SKU_001,尿布
T03269,C1070,SKU_002,起司
T03269,C1070,SKU_003,啤酒
T03269,C1070,SKU_008,醬油
T03269,C1070,SKU_012,麵包
T03270,C0965,SKU_018,香蕉
T03271,C0604,SKU_001,尿布
T03271,C0604,SKU_003,啤酒
T03271,C0604,SKU_014,雪碧
T03271,C0604,SKU_020,葡萄
T03272,C0009,SKU_005,塑膠袋
T03272,C0009,SKU_008,醬油
T03272,C0009,SKU_023,洋芋片
T03273,C0677,SKU_005,塑膠袋
T03274,C0010,SKU_010,寶特瓶飲料
T03274,C0010,SKU_014,雪碧
T03274,C0010,SKU_030,SKU_NEW_002
T03275,C0111,SKU_003,啤酒
T03275,C0111,SKU_013,果醬
T03276,C0654,SKU_001,尿布
T03276,C0654,SKU_003,啤酒
T03276,C0654,SKU_015,牛奶
T03276,C0654,SKU_024,口香糖
T03277,C0118,SKU_001,尿布
T03277,C0118,SKU_005,塑膠袋
T03278,C0412,SKU_006,米
T03278,C0412,SKU_008,醬油
T03278,C0412,SKU_009,礦泉水
T03278,C0412,SKU_027,洗髮精
T03278,C0412,SKU_028,茶包
T03279,C0982,SKU_009,礦泉水
T03279,C0982,SKU_014,雪碧
T03279,C0982,SKU_019,橘子
T03279,C0982,SKU_024,口香糖
T03279,C0982,SKU_030,SKU_NEW_002
T03280,C0466,SKU_009,礦泉水
T03280,C0466,SKU_014,雪碧
T03280,C0466,SKU_017,蘋果
T03281,C1496,SKU_005,塑膠袋
T03282,C1374,SKU_006,米
T03282,C1374,SKU_014,雪碧
T03282,C1374,SKU_015,牛奶
T03282,C1374,SKU_022,巧克力
T03283,C0881,SKU_002,起司
T03283,C0881,SKU_003,啤酒
T03283,C0881,SKU_004,紅酒
T03283,C0881,SKU_005,塑膠袋
T03283,C0881,SKU_013,果醬
T03283,C0881,SKU_030,SKU_NEW_002
T03284,C1449,SKU_003,啤酒
T03284,C1449,SKU_016,豆漿
T03284,C1449,SKU_026,牙膏
T03285,C1293,SKU_002,起司
T03285,C1293,SKU_017,蘋果
T03286,C0481,SKU_002,起司
T03286,C0481,SKU_004,紅酒
T03286,C0481,SKU_009,礦泉水
T03286,C0481,SKU_012,麵包
T03286,C0481,SKU_025,衛生紙
T03287,C1119,SKU_005,塑膠袋
T03288,C0199,SKU_001,尿布
T03288,C0199,SKU_003,啤酒
T03288,C0199,SKU_006,米
T03288,C0199,SKU_008,醬油
T03288,C0199,SKU_011,杯麵
T03288,C0199,SKU_016,豆漿
T03288,C0199,SKU_022,巧克力
T03289,C1027,SKU_005,塑膠袋
T03289,C1027,SKU_010,寶特瓶飲料
T03289,C1027,SKU_024,口香糖
T03290,C0738,SKU_008,醬油
T03290,C0738,SKU_018,香蕉
T03291,C0028,SKU_004,紅酒
T03291,C0028,SKU_005,塑膠袋
T03291,C0028,SKU_010,寶特瓶飲料
T03291,C0028,SKU_018,香蕉
T03292,C0410,SKU_001,尿布
T03293,C1430,SKU_007,可樂
T03293,C1430,SKU_009,礦泉水
T03294,C0478,SKU_004,紅酒
T03294,C0478,SKU_008,醬油
T03294,C0478,SKU_016,豆漿
T03294,C0478,SKU_027,洗髮精
T03295,C0270,SKU_001,尿布
T03295,C0270,SKU_003,啤酒
T03295,C0270,SKU_015,牛奶
T03295,C0270,SKU_018,香蕉
T03295,C0270,SKU_020,葡萄
T03295,C0270,SKU_026,牙膏
T03296,C0278,SKU_001,尿布
T03296,C0278,SKU_003,啤酒
T03296,C0278,SKU_024,口香糖
T03297,C0722,SKU_002,起司
T03297,C0722,SKU_004,紅酒
T03297,C0722,SKU_007,可樂
T03297,C0722,SKU_030,SKU_NEW_002
T03298,C1256,SKU_007,可樂
T03298,C1256,SKU_016,豆漿
T03299,C1131,SKU_001,尿布
T03299,C1131,SKU_002,起司
T03299,C1131,SKU_003,啤酒
T03299,C1131,SKU_004,紅酒
T03299,C1131,SKU_009,礦泉水
T03299,C1131,SKU_018,香蕉
